timestamp,zone_index_offset,power_kw,energy_kwh,temperature,occupancy,hvac_load,lighting_load,pump_load,other_load,anomaly_reason
2026-07-29 11:00:00,0,79.93,79.93,34.8,81.3,48.3,14.8,6.36,10.46,
2026-07-29 12:00:00,0,82.32,82.32,35.6,97.8,48.81,16.87,6.4,10.24,
2026-07-29 13:00:00,0,79.61,79.61,34.8,80.6,47.79,14.49,6.32,11.01,
2026-07-29 14:00:00,0,77.9,77.9,33.4,81.0,45.76,15.2,6.17,10.77,
2026-07-29 15:00:00,0,71.0,71.0,33.6,81.8,41.69,14.42,5.85,9.04,
2026-07-29 16:00:00,0,62.37,62.37,34.6,73.8,36.6,11.72,5.46,8.59,
2026-07-29 17:00:00,0,52.58,52.58,34.1,56.0,30.5,9.49,4.99,7.6,
2026-07-29 18:00:00,0,45.64,45.64,32.6,48.0,24.4,9.09,4.51,7.64,
2026-07-29 19:00:00,0,38.46,38.46,30.4,43.7,20.34,7.2,4.2,6.73,
2026-07-29 20:00:00,0,32.91,32.91,27.0,32.1,16.27,6.65,3.88,6.11,
2026-07-29 21:00:00,0,25.66,25.66,26.6,20.7,12.2,4.75,3.57,5.15,
2026-07-29 22:00:00,0,18.68,18.68,24.7,13.6,7.63,3.4,3.21,4.44,
2026-07-29 23:00:00,0,14.98,14.98,26.4,9.4,5.08,2.88,3.02,4.0,
2026-07-30 00:00:00,0,13.92,13.92,25.3,8.7,4.07,2.74,2.94,4.18,
2026-07-30 01:00:00,0,12.71,12.71,25.0,7.2,3.56,2.34,2.9,3.91,
2026-07-30 02:00:00,0,12.37,12.37,27.5,6.1,3.05,2.39,2.86,4.07,
2026-07-30 03:00:00,0,11.7,11.7,27.0,6.3,3.05,2.23,2.86,3.56,
2026-07-30 04:00:00,0,12.41,12.41,25.4,5.5,3.05,2.23,2.86,4.27,
2026-07-30 05:00:00,0,15.3,15.3,27.1,9.3,5.08,3.04,3.02,4.16,
2026-07-30 06:00:00,0,30.24,30.24,30.2,28.9,15.25,5.63,3.8,5.56,
2026-07-30 07:00:00,0,53.35,53.35,30.5,53.1,29.49,10.21,4.91,8.75,
2026-07-30 08:00:00,0,69.36,69.36,31.3,70.6,39.66,14.28,5.69,9.73,
2026-07-30 09:00:00,0,74.95,74.95,31.5,75.8,44.74,13.34,6.09,10.78,
2026-07-30 10:00:00,0,77.34,77.34,34.6,87.9,46.77,13.74,6.25,10.58,
2026-07-30 11:00:00,0,83.5,83.5,35.9,93.3,48.3,16.96,6.36,11.88,
2026-07-30 12:00:00,0,82.66,82.66,33.4,98.9,48.81,16.21,6.4,11.24,
2026-07-30 13:00:00,0,79.13,79.13,34.3,95.0,47.79,14.16,6.32,10.85,
2026-07-30 14:00:00,0,77.96,77.96,34.7,98.0,45.76,15.87,6.17,10.17,
2026-07-30 15:00:00,0,73.02,73.02,34.4,73.4,41.69,14.7,5.85,10.78,
2026-07-30 16:00:00,0,63.02,63.02,33.1,72.7,36.6,12.37,5.46,8.59,
2026-07-30 17:00:00,0,54.71,54.71,33.5,59.1,30.5,10.91,4.99,8.32,
2026-07-30 18:00:00,0,44.58,44.58,30.1,44.7,24.4,7.74,4.51,7.93,
2026-07-30 19:00:00,0,37.7,37.7,31.5,42.3,20.34,7.1,4.2,6.07,
2026-07-30 20:00:00,0,31.84,31.84,27.1,34.8,16.27,5.69,3.88,6.0,
2026-07-30 21:00:00,0,26.03,26.03,24.7,25.0,12.2,5.29,3.57,4.97,
2026-07-30 22:00:00,0,19.35,19.35,25.9,14.8,7.63,3.52,3.21,5.0,
2026-07-30 23:00:00,0,15.52,15.52,25.8,9.0,5.08,2.98,3.02,4.44,
2026-07-31 00:00:00,0,14.14,14.14,25.1,7.4,4.07,2.92,2.94,4.21,
2026-07-31 01:00:00,0,12.56,12.56,25.8,6.9,3.56,2.32,2.9,3.79,
2026-07-31 02:00:00,0,11.85,11.85,25.5,6.0,3.05,2.23,2.86,3.71,
2026-07-31 03:00:00,0,12.39,12.39,24.7,6.0,3.05,2.23,2.86,4.24,
2026-07-31 04:00:00,0,12.21,12.21,27.1,5.2,3.05,2.24,2.86,4.06,
2026-07-31 05:00:00,0,15.62,15.62,25.1,8.8,5.08,3.21,3.02,4.31,
2026-07-31 06:00:00,0,30.82,30.82,28.9,31.4,15.25,6.27,3.8,5.49,
2026-07-31 07:00:00,0,52.33,52.33,29.1,55.6,29.49,9.88,4.91,8.05,
2026-07-31 08:00:00,0,68.53,68.53,32.3,79.4,39.66,14.25,5.69,8.93,
2026-07-31 09:00:00,0,76.33,76.33,32.4,82.3,44.74,15.51,6.09,9.99,
2026-07-31 10:00:00,0,78.2,78.2,32.8,88.5,46.77,14.82,6.25,10.36,
2026-07-31 11:00:00,0,81.86,81.86,33.7,100.0,48.3,15.32,6.36,11.88,
2026-07-31 12:00:00,0,84.33,84.33,35.0,82.8,48.81,17.21,6.4,11.91,
2026-07-31 13:00:00,0,80.8,80.8,36.4,100.0,47.79,16.42,6.32,10.26,
2026-07-31 14:00:00,0,76.12,76.12,34.8,81.3,45.76,14.47,6.17,9.73,
2026-07-31 15:00:00,0,71.09,71.09,34.0,89.9,41.69,12.94,5.85,10.6,
2026-07-31 16:00:00,0,65.42,65.42,33.6,68.8,36.6,13.21,5.46,10.14,
2026-07-31 17:00:00,0,53.04,53.04,32.9,61.8,30.5,9.62,4.99,7.93,
2026-07-31 18:00:00,0,45.21,45.21,33.0,47.8,24.4,8.63,4.51,7.66,
2026-07-31 19:00:00,0,39.05,39.05,29.0,39.8,20.34,7.38,4.2,7.13,
2026-07-31 20:00:00,0,31.47,31.47,25.0,34.9,16.27,5.68,3.88,5.64,
2026-07-31 21:00:00,0,25.49,25.49,26.3,24.5,12.2,4.75,3.57,4.96,
2026-07-31 22:00:00,0,19.36,19.36,27.2,13.7,7.63,3.76,3.21,4.76,
2026-07-31 23:00:00,0,15.68,15.68,25.8,10.0,5.08,2.97,3.02,4.62,
2026-08-01 00:00:00,0,15.06,15.06,25.1,10.3,5.08,2.8,3.02,4.16,
2026-08-01 01:00:00,0,13.86,13.86,26.5,7.4,4.07,2.56,2.94,4.29,
2026-08-01 02:00:00,0,13.62,13.62,24.7,6.8,3.56,2.76,2.9,4.4,
2026-08-01 03:00:00,0,12.43,12.43,24.7,5.4,3.05,2.25,2.86,4.27,
2026-08-01 04:00:00,0,11.87,11.87,27.1,6.4,3.05,2.3,2.86,3.66,
2026-08-01 05:00:00,0,13.42,13.42,27.0,7.2,3.56,2.57,2.9,4.4,
2026-08-01 06:00:00,0,15.32,15.32,26.5,8.5,5.08,3.14,3.02,4.08,
2026-08-01 07:00:00,0,20.83,20.83,26.5,19.5,9.15,3.83,3.33,4.51,
2026-08-01 08:00:00,0,29.13,29.13,24.8,27.7,14.24,5.35,3.73,5.81,
2026-08-01 09:00:00,0,33.8,33.8,26.7,30.6,17.29,6.67,3.96,5.88,
2026-08-01 10:00:00,0,35.42,35.42,26.0,38.7,18.3,7.26,4.04,5.82,
2026-08-01 11:00:00,0,38.2,38.2,25.8,36.8,20.34,6.65,4.2,7.02,
2026-08-01 12:00:00,0,40.57,40.57,26.4,38.5,21.35,8.05,4.28,6.89,
2026-08-01 13:00:00,0,41.53,41.53,25.8,37.5,22.37,7.29,4.36,7.51,
2026-08-01 14:00:00,0,40.75,40.75,27.2,41.4,21.35,8.19,4.28,6.93,
2026-08-01 15:00:00,0,38.82,38.82,24.9,35.3,20.34,7.1,4.2,7.19,
2026-08-01 16:00:00,0,35.64,35.64,26.9,38.3,18.3,7.33,4.04,5.97,
2026-08-01 17:00:00,0,31.6,31.6,25.2,26.3,15.25,6.23,3.8,6.3,
2026-08-01 18:00:00,0,26.28,26.28,25.7,24.1,12.2,4.67,3.57,5.83,
2026-08-01 19:00:00,0,23.72,23.72,27.1,21.9,10.17,4.7,3.41,5.44,
2026-08-01 20:00:00,0,20.23,20.23,24.6,16.5,8.13,3.71,3.25,5.14,
2026-08-01 21:00:00,0,17.63,17.63,26.9,13.9,6.61,3.61,3.14,4.28,
2026-08-01 22:00:00,0,16.62,16.62,26.9,9.6,5.59,3.33,3.06,4.64,
2026-08-01 23:00:00,0,15.11,15.11,25.2,10.5,5.08,2.93,3.02,4.08,
2026-08-02 00:00:00,0,14.76,14.76,26.9,9.1,5.08,2.67,3.02,3.99,
2026-08-02 01:00:00,0,13.82,13.82,25.5,8.5,4.07,2.9,2.94,3.91,
2026-08-02 02:00:00,0,13.24,13.24,26.4,6.6,3.56,2.75,2.9,4.04,
2026-08-02 03:00:00,0,12.17,12.17,27.3,5.3,3.05,2.58,2.86,3.67,
2026-08-02 04:00:00,0,11.96,11.96,27.4,5.5,3.05,2.18,2.86,3.87,
2026-08-02 05:00:00,0,13.04,13.04,26.7,6.5,3.56,2.56,2.9,4.02,
2026-08-02 06:00:00,0,15.33,15.33,25.7,9.9,5.08,2.81,3.02,4.42,
2026-08-02 07:00:00,0,21.75,21.75,24.5,19.5,9.15,4.16,3.33,5.11,
2026-08-02 08:00:00,0,28.62,28.62,26.7,28.5,14.24,5.46,3.73,5.2,
2026-08-02 09:00:00,0,34.11,34.11,26.5,31.7,17.29,6.25,3.96,6.61,
2026-08-02 10:00:00,0,35.09,35.09,26.7,33.3,18.3,6.53,4.04,6.22,
2026-08-02 11:00:00,0,37.92,37.92,25.7,37.0,20.34,6.83,4.2,6.55,
2026-08-02 12:00:00,0,40.9,40.9,27.3,42.8,21.35,8.29,4.28,6.98,
2026-08-02 13:00:00,0,40.58,40.58,25.4,43.4,22.37,7.17,4.36,6.68,
2026-08-02 14:00:00,0,40.31,40.31,25.8,41.8,21.35,7.91,4.28,6.77,
2026-08-02 15:00:00,0,39.07,39.07,25.8,36.1,20.34,7.34,4.2,7.19,
2026-08-02 16:00:00,0,34.93,34.93,26.9,32.1,18.3,6.23,4.04,6.36,
2026-08-02 17:00:00,0,31.49,31.49,26.4,28.0,15.25,6.28,3.8,6.15,
2026-08-02 18:00:00,0,25.35,25.35,26.5,21.7,12.2,4.72,3.57,4.86,
2026-08-02 19:00:00,0,22.94,22.94,25.2,19.4,10.17,4.74,3.41,4.62,
2026-08-02 20:00:00,0,19.91,19.91,25.7,16.1,8.13,3.6,3.25,4.92,
2026-08-02 21:00:00,0,17.29,17.29,26.0,11.8,6.61,3.5,3.14,4.04,
2026-08-02 22:00:00,0,15.77,15.77,26.8,11.5,5.59,2.86,3.06,4.26,
2026-08-02 23:00:00,0,14.93,14.93,25.0,10.9,5.08,2.96,3.02,3.87,
2026-08-03 00:00:00,0,13.97,13.97,25.2,8.5,4.07,2.63,2.94,4.33,
2026-08-03 01:00:00,0,13.38,13.38,26.5,7.7,3.56,2.56,2.9,4.37,
2026-08-03 02:00:00,0,12.31,12.31,27.2,6.0,3.05,2.47,2.86,3.93,
2026-08-03 03:00:00,0,12.58,12.58,27.0,5.9,3.05,2.55,2.86,4.12,
2026-08-03 04:00:00,0,12.19,12.19,25.9,5.5,3.05,2.24,2.86,4.03,
2026-08-03 05:00:00,0,15.18,15.18,26.8,9.8,5.08,3.03,3.02,4.06,
2026-08-03 06:00:00,0,30.33,30.33,27.7,27.6,15.25,5.63,3.8,5.64,
2026-08-03 07:00:00,0,52.31,52.31,30.5,51.3,29.49,9.5,4.91,8.42,
2026-08-03 08:00:00,0,67.89,67.89,32.2,67.6,39.66,12.75,5.69,9.79,
2026-08-03 09:00:00,0,76.43,76.43,32.5,79.4,44.74,14.23,6.09,11.37,
2026-08-03 10:00:00,0,80.56,80.56,33.9,94.2,46.77,16.13,6.25,11.41,
2026-08-03 11:00:00,0,81.34,81.34,34.0,80.9,48.3,15.04,6.36,11.64,
2026-08-03 12:00:00,0,82.31,82.31,35.9,100.0,48.81,15.39,6.4,11.71,
2026-08-03 13:00:00,0,78.99,78.99,35.1,94.1,47.79,14.49,6.32,10.38,
2026-08-03 14:00:00,0,77.26,77.26,34.7,77.2,45.76,14.28,6.17,11.06,
2026-08-03 15:00:00,0,70.32,70.32,34.1,73.1,41.69,13.49,5.85,9.29,
2026-08-03 16:00:00,0,63.26,63.26,34.1,61.7,36.6,11.85,5.46,9.35,
2026-08-03 17:00:00,0,53.27,53.27,31.3,60.6,30.5,9.58,4.99,8.2,
2026-08-03 18:00:00,0,44.03,44.03,30.3,45.3,24.4,8.07,4.51,7.05,
2026-08-03 19:00:00,0,39.39,39.39,31.1,37.8,20.34,7.75,4.2,7.1,
2026-08-03 20:00:00,0,31.82,31.82,25.3,27.9,16.27,5.6,3.88,6.06,
2026-08-03 21:00:00,0,26.61,26.61,27.5,22.5,12.2,5.17,3.57,5.67,
2026-08-03 22:00:00,0,19.23,19.23,26.5,15.6,7.63,4.02,3.21,4.37,
2026-08-03 23:00:00,0,15.22,15.22,24.6,8.9,5.08,2.73,3.02,4.39,
2026-08-04 00:00:00,0,14.07,14.07,26.2,7.2,4.07,2.76,2.94,4.31,
2026-08-04 01:00:00,0,12.79,12.79,25.0,7.0,3.56,2.63,2.9,3.7,
2026-08-04 02:00:00,0,11.64,11.64,27.0,6.5,3.05,2.18,2.86,3.55,
2026-08-04 03:00:00,0,12.33,12.33,25.4,6.1,3.05,2.58,2.86,3.85,
2026-08-04 04:00:00,0,12.39,12.39,26.6,5.2,3.05,2.45,2.86,4.03,
2026-08-04 05:00:00,0,15.59,15.59,24.8,10.4,5.08,3.16,3.02,4.33,
2026-08-04 06:00:00,0,30.97,30.97,27.9,32.9,15.25,6.24,3.8,5.68,
2026-08-04 07:00:00,0,52.29,52.29,30.1,54.7,29.49,10.05,4.91,7.85,
2026-08-04 08:00:00,0,67.92,67.92,32.7,82.3,39.66,11.96,5.69,10.61,
2026-08-04 09:00:00,0,76.27,76.27,33.1,93.0,44.74,15.06,6.09,10.38,
2026-08-04 10:00:00,0,78.89,78.89,34.4,100.0,46.77,14.36,6.25,11.51,
2026-08-04 11:00:00,0,81.55,81.55,34.5,92.2,48.3,15.3,6.36,11.59,
2026-08-04 12:00:00,0,82.13,82.13,34.2,100.0,48.81,16.68,6.4,10.24,
2026-08-04 13:00:00,0,80.6,80.6,36.1,85.6,47.79,15.24,6.32,11.24,
2026-08-04 14:00:00,0,77.72,77.72,34.5,77.1,45.76,15.8,6.17,10.0,
2026-08-04 15:00:00,0,71.48,71.48,33.5,86.1,41.69,13.15,5.85,10.8,
2026-08-04 16:00:00,0,63.04,63.04,34.3,66.2,36.6,10.92,5.46,10.06,
2026-08-04 17:00:00,0,54.49,54.49,31.5,61.8,30.5,10.31,4.99,8.69,
2026-08-04 18:00:00,0,45.19,45.19,32.2,48.6,24.4,8.55,4.51,7.73,
2026-08-04 19:00:00,0,38.6,38.6,29.1,36.2,20.34,7.66,4.2,6.4,
2026-08-04 20:00:00,0,32.32,32.32,26.2,31.0,16.27,6.24,3.88,5.93,
2026-08-04 21:00:00,0,26.12,26.12,26.7,22.4,12.2,5.22,3.57,5.13,
2026-08-04 22:00:00,0,18.6,18.6,25.3,13.2,7.63,3.46,3.21,4.3,
2026-08-04 23:00:00,0,14.87,14.87,26.1,10.4,5.08,2.77,3.02,4.01,
2026-08-05 00:00:00,0,14.02,14.02,26.0,8.2,4.07,2.91,2.94,4.11,
2026-08-05 01:00:00,0,12.6,12.6,25.3,6.1,3.56,2.36,2.9,3.79,
2026-08-05 02:00:00,0,12.04,12.04,25.0,5.1,3.05,2.38,2.86,3.75,
2026-08-05 03:00:00,0,12.0,12.0,27.4,5.9,3.05,2.45,2.86,3.63,
2026-08-05 04:00:00,0,12.43,12.43,27.1,5.8,3.05,2.54,2.86,3.98,
2026-08-05 05:00:00,0,14.73,14.73,25.9,9.6,5.08,2.77,3.02,3.87,
2026-08-05 06:00:00,0,31.08,31.08,30.3,29.1,15.25,6.28,3.8,5.74,
2026-08-05 07:00:00,0,51.07,51.07,29.1,58.4,29.49,9.14,4.91,7.54,
2026-08-05 08:00:00,0,68.59,68.59,31.8,72.2,39.66,14.27,5.69,8.97,
2026-08-05 09:00:00,0,76.07,76.07,33.5,88.1,44.74,15.31,6.09,9.94,
2026-08-05 10:00:00,0,79.52,79.52,33.8,88.6,46.77,14.88,6.25,11.62,
2026-08-05 11:00:00,0,81.86,81.86,35.9,88.0,48.3,15.87,6.36,11.32,
2026-08-05 12:00:00,0,80.45,80.45,35.6,100.0,48.81,14.73,6.4,10.51,
2026-08-05 13:00:00,0,78.53,78.53,35.5,83.6,47.79,14.35,6.32,10.06,
2026-08-05 14:00:00,0,77.19,77.19,33.4,86.6,45.76,15.04,6.17,10.23,
2026-08-05 15:00:00,0,71.61,71.61,33.6,84.2,41.69,14.13,5.85,9.94,
2026-08-05 16:00:00,0,64.32,64.32,34.3,77.8,36.6,12.8,5.46,9.46,
2026-08-05 17:00:00,0,54.01,54.01,33.2,65.0,30.5,10.18,4.99,8.34,
2026-08-05 18:00:00,0,44.71,44.71,32.0,51.7,24.4,9.12,4.51,6.68,
2026-08-05 19:00:00,0,39.03,39.03,29.3,37.1,20.34,7.75,4.2,6.75,
2026-08-05 20:00:00,0,32.84,32.84,25.4,28.2,16.27,6.43,3.88,6.26,
2026-08-05 21:00:00,0,25.7,25.7,27.3,23.4,12.2,5.01,3.57,4.92,
2026-08-05 22:00:00,0,18.82,18.82,24.6,14.4,7.63,3.56,3.21,4.42,
2026-08-05 23:00:00,0,15.56,15.56,24.8,10.9,5.08,3.15,3.02,4.31,
2026-08-06 00:00:00,0,13.65,13.65,27.4,8.8,4.07,2.75,2.94,3.9,
2026-08-06 01:00:00,0,13.08,13.08,24.6,7.3,3.56,2.49,2.9,4.13,
2026-08-06 02:00:00,0,12.34,12.34,27.2,5.4,3.05,2.4,2.86,4.03,
2026-08-06 03:00:00,0,12.0,12.0,26.0,5.2,3.05,2.29,2.86,3.8,
2026-08-06 04:00:00,0,12.27,12.27,26.5,6.4,3.05,2.28,2.86,4.08,
2026-08-06 05:00:00,0,15.53,15.53,25.4,10.9,5.08,3.14,3.02,4.29,
2026-08-06 06:00:00,0,31.16,31.16,28.9,27.9,15.25,5.7,3.8,6.41,
2026-08-06 07:00:00,0,53.77,53.77,30.0,56.8,29.49,11.02,4.91,8.36,
2026-08-06 08:00:00,0,66.97,66.97,31.7,74.4,39.66,12.18,5.69,9.44,
2026-08-06 09:00:00,0,75.94,75.94,33.5,88.6,44.74,15.22,6.09,9.89,
2026-08-06 10:00:00,0,79.15,79.15,33.8,99.5,46.77,14.87,6.25,11.27,
2026-08-06 11:00:00,0,81.0,81.0,33.3,100.0,48.3,15.84,6.36,10.5,
2026-08-06 12:00:00,0,81.27,81.27,33.8,94.8,48.81,15.81,6.4,10.25,
2026-08-06 13:00:00,0,79.5,79.5,36.5,100.0,47.79,15.23,6.32,10.16,
2026-08-06 14:00:00,0,78.02,78.02,35.8,87.7,45.76,15.4,6.17,10.7,
2026-08-06 15:00:00,0,71.94,71.94,33.7,86.8,41.69,14.88,5.85,9.52,
2026-08-06 16:00:00,0,64.43,64.43,33.8,68.1,36.6,13.12,5.46,9.25,
2026-08-06 17:00:00,0,54.1,54.1,33.9,64.0,30.5,9.87,4.99,8.75,
2026-08-06 18:00:00,0,45.26,45.26,31.3,52.0,24.4,8.57,4.51,7.77,
2026-08-06 19:00:00,0,39.37,39.37,29.7,37.0,20.34,7.51,4.2,7.32,
2026-08-06 20:00:00,0,32.23,32.23,26.0,28.4,16.27,6.25,3.88,5.83,
2026-08-06 21:00:00,0,25.92,25.92,26.2,23.7,12.2,4.97,3.57,5.18,
2026-08-06 22:00:00,0,18.99,18.99,25.1,15.4,7.63,3.74,3.21,4.4,
2026-08-06 23:00:00,0,15.62,15.62,26.8,8.6,5.08,3.1,3.02,4.42,
2026-08-07 00:00:00,0,14.1,14.1,26.9,7.6,4.07,2.74,2.94,4.35,
2026-08-07 01:00:00,0,12.74,12.74,27.4,6.8,3.56,2.28,2.9,4.01,
2026-08-07 02:00:00,0,12.33,12.33,26.3,6.4,3.05,2.54,2.86,3.88,
2026-08-07 03:00:00,0,12.23,12.23,26.1,5.8,3.05,2.47,2.86,3.86,
2026-08-07 04:00:00,0,12.55,12.55,26.5,5.3,3.05,2.35,2.86,4.29,
2026-08-07 05:00:00,0,15.69,15.69,25.5,10.2,5.08,3.04,3.02,4.55,
2026-08-07 06:00:00,0,30.46,30.46,30.1,31.9,15.25,5.76,3.8,5.64,
2026-08-07 07:00:00,0,52.53,52.53,31.0,60.3,29.49,10.78,4.91,7.35,
2026-08-07 08:00:00,0,70.11,70.11,30.3,78.6,39.66,14.08,5.69,10.68,
2026-08-07 09:00:00,0,74.93,74.93,33.5,84.3,44.74,13.3,6.09,10.8,
2026-08-07 10:00:00,0,80.37,80.37,34.8,88.4,46.77,15.64,6.25,11.71,
2026-08-07 11:00:00,0,80.32,80.32,33.0,99.7,48.3,14.86,6.36,10.8,
2026-08-07 12:00:00,0,82.87,82.87,33.8,94.3,48.81,15.85,6.4,11.81,
2026-08-07 13:00:00,0,81.86,81.86,34.0,81.8,47.79,16.49,6.32,11.26,
2026-08-07 14:00:00,0,76.22,76.22,34.1,97.0,45.76,13.71,6.17,10.59,
2026-08-07 15:00:00,0,70.43,70.43,33.7,74.9,41.69,12.25,5.85,10.64,
2026-08-07 16:00:00,0,62.46,62.46,34.9,73.4,36.6,11.28,5.46,9.12,
2026-08-07 17:00:00,0,54.25,54.25,32.3,59.8,30.5,10.62,4.99,8.14,
2026-08-07 18:00:00,0,44.1,44.1,30.9,50.9,24.4,8.05,4.51,7.13,
2026-08-07 19:00:00,0,38.78,38.78,30.3,36.4,20.34,7.49,4.2,6.76,
2026-08-07 20:00:00,0,33.15,33.15,27.5,29.6,16.27,6.79,3.88,6.21,
2026-08-07 21:00:00,0,26.61,26.61,25.3,23.8,12.2,5.2,3.57,5.64,
2026-08-07 22:00:00,0,19.55,19.55,24.6,15.0,7.63,3.69,3.21,5.03,
2026-08-07 23:00:00,0,15.24,15.24,25.4,10.5,5.08,3.02,3.02,4.12,
2026-08-08 00:00:00,0,15.59,15.59,26.4,10.1,5.08,3.06,3.02,4.44,
2026-08-08 01:00:00,0,334.15,14.15,26.5,8.5,324.07,2.72,2.94,4.42,HVAC running at full capacity during low occupancy
2026-08-08 02:00:00,0,505.01,13.01,26.4,6.5,495.56,2.48,2.9,4.07,HVAC running at full capacity during low occupancy
2026-08-08 03:00:00,0,192.3,12.3,26.7,5.2,183.05,2.26,2.86,4.12,HVAC running at full capacity during low occupancy
2026-08-08 04:00:00,0,12.59,12.59,25.0,5.3,3.05,2.38,2.86,4.3,
2026-08-08 05:00:00,0,12.95,12.95,26.1,7.5,3.56,2.68,2.9,3.81,
2026-08-08 06:00:00,0,15.69,15.69,27.0,9.7,5.08,3.13,3.02,4.46,
2026-08-08 07:00:00,0,21.54,21.54,25.5,15.8,9.15,4.52,3.33,4.54,
2026-08-08 08:00:00,0,30.06,30.06,27.4,29.8,14.24,5.86,3.73,6.24,
2026-08-08 09:00:00,0,34.1,34.1,27.4,35.7,17.29,6.32,3.96,6.54,
2026-08-08 10:00:00,0,35.63,35.63,24.5,35.4,18.3,6.73,4.04,6.56,
2026-08-08 11:00:00,0,39.64,39.64,26.5,39.8,20.34,7.86,4.2,7.24,
2026-08-08 12:00:00,0,39.92,39.92,24.8,38.2,21.35,6.95,4.28,7.34,
2026-08-08 13:00:00,0,40.62,40.62,26.2,47.5,22.37,7.53,4.36,6.37,
2026-08-08 14:00:00,0,39.7,39.7,27.0,45.2,21.35,7.37,4.28,6.69,
2026-08-08 15:00:00,0,38.27,38.27,24.9,43.5,20.34,7.09,4.2,6.65,
2026-08-08 16:00:00,0,34.92,34.92,24.8,38.6,18.3,6.29,4.04,6.28,
2026-08-08 17:00:00,0,31.25,31.25,26.5,31.1,15.25,6.43,3.8,5.76,
2026-08-08 18:00:00,0,25.64,25.64,26.7,21.3,12.2,4.93,3.57,4.94,
2026-08-08 19:00:00,0,22.99,22.99,26.0,19.0,10.17,4.83,3.41,4.58,
2026-08-08 20:00:00,0,20.64,20.64,25.6,15.4,8.13,4.18,3.25,5.07,
2026-08-08 21:00:00,0,18.09,18.09,24.8,13.3,6.61,3.42,3.14,4.92,
2026-08-08 22:00:00,0,15.56,15.56,25.6,10.4,5.59,2.91,3.06,4.0,
2026-08-08 23:00:00,0,15.52,15.52,27.0,9.6,5.08,3.05,3.02,4.37,
2026-08-09 00:00:00,0,15.25,15.25,26.3,8.6,5.08,3.12,3.02,4.03,
2026-08-09 01:00:00,0,13.74,13.74,24.9,7.9,4.07,2.43,2.94,4.3,
2026-08-09 02:00:00,0,13.02,13.02,25.1,6.3,3.56,2.69,2.9,3.87,
2026-08-09 03:00:00,0,12.24,12.24,24.9,6.5,3.05,2.13,2.86,4.21,
2026-08-09 04:00:00,0,11.82,11.82,24.9,5.3,3.05,2.24,2.86,3.67,
2026-08-09 05:00:00,0,12.96,12.96,26.5,6.0,3.56,2.27,2.9,4.24,
2026-08-09 06:00:00,0,14.73,14.73,25.2,9.3,5.08,2.76,3.02,3.87,
2026-08-09 07:00:00,0,21.69,21.69,26.7,17.7,9.15,4.34,3.33,4.87,
2026-08-09 08:00:00,0,28.83,28.83,26.8,27.4,14.24,5.17,3.73,5.7,
2026-08-09 09:00:00,0,34.74,34.74,27.3,29.3,17.29,6.86,3.96,6.63,
2026-08-09 10:00:00,0,35.54,35.54,26.1,34.7,18.3,7.42,4.04,5.78,
2026-08-09 11:00:00,0,38.83,38.83,25.9,38.0,20.34,7.65,4.2,6.65,
2026-08-09 12:00:00,0,39.63,39.63,27.2,36.5,21.35,7.03,4.28,6.97,
2026-08-09 13:00:00,0,41.96,41.96,24.7,40.4,22.37,8.18,4.36,7.05,
2026-08-09 14:00:00,0,40.11,40.11,25.5,46.1,21.35,7.72,4.28,6.76,
2026-08-09 15:00:00,0,39.34,39.34,26.3,35.0,20.34,7.68,4.2,7.13,
2026-08-09 16:00:00,0,35.41,35.41,26.5,37.5,18.3,7.09,4.04,5.98,
2026-08-09 17:00:00,0,30.57,30.57,25.9,27.2,15.25,5.71,3.8,5.8,
2026-08-09 18:00:00,0,26.27,26.27,25.7,21.0,12.2,4.94,3.57,5.55,
2026-08-09 19:00:00,0,23.0,23.0,25.6,17.8,10.17,4.8,3.41,4.61,
2026-08-09 20:00:00,0,19.87,19.87,27.0,14.0,8.13,3.53,3.25,4.96,
2026-08-09 21:00:00,0,17.74,17.74,26.9,12.9,6.61,3.45,3.14,4.54,
2026-08-09 22:00:00,0,16.13,16.13,25.5,9.7,5.59,3.01,3.06,4.47,
2026-08-09 23:00:00,0,15.83,15.83,26.8,10.7,5.08,3.08,3.02,4.65,
2026-08-10 00:00:00,0,13.56,13.56,26.3,7.5,4.07,2.7,2.94,3.85,
2026-08-10 01:00:00,0,13.05,13.05,26.5,6.3,3.56,2.31,2.9,4.28,
2026-08-10 02:00:00,0,12.47,12.47,25.6,6.2,3.05,2.4,2.86,4.17,
2026-08-10 03:00:00,0,12.44,12.44,27.0,6.6,3.05,2.51,2.86,4.02,
2026-08-10 04:00:00,0,12.66,12.66,26.4,5.1,3.05,2.56,2.86,4.18,
2026-08-10 05:00:00,0,15.26,15.26,25.3,9.0,5.08,3.07,3.02,4.09,
2026-08-10 06:00:00,0,31.33,31.33,28.5,25.5,15.25,6.34,3.8,5.93,
2026-08-10 07:00:00,0,52.04,52.04,30.0,51.4,29.49,10.3,4.91,7.34,
2026-08-10 08:00:00,0,67.53,67.53,32.3,70.5,39.66,12.78,5.69,9.4,
2026-08-10 09:00:00,0,76.75,76.75,32.4,90.7,44.74,15.27,6.09,10.66,
2026-08-10 10:00:00,0,78.13,78.13,32.4,79.4,46.77,14.02,6.25,11.09,
2026-08-10 11:00:00,0,81.71,81.71,34.9,87.2,48.3,16.0,6.36,11.05,
2026-08-10 12:00:00,0,81.95,81.95,34.7,88.2,48.81,16.44,6.4,10.3,
2026-08-10 13:00:00,0,80.98,80.98,34.8,86.6,47.79,15.9,6.32,10.97,
2026-08-10 14:00:00,0,77.26,77.26,35.4,77.5,45.76,14.45,6.17,10.89,
2026-08-10 15:00:00,0,69.64,69.64,32.9,75.9,41.69,12.79,5.85,9.31,
2026-08-10 16:00:00,0,62.66,62.66,33.0,67.1,36.6,10.91,5.46,9.69,
2026-08-10 17:00:00,0,54.51,54.51,31.8,56.7,30.5,10.75,4.99,8.27,
2026-08-10 18:00:00,0,44.57,44.57,32.6,50.5,24.4,7.83,4.51,7.83,
2026-08-10 19:00:00,0,39.68,39.68,29.0,34.2,20.34,8.0,4.2,7.14,
2026-08-10 20:00:00,0,32.53,32.53,26.2,31.8,16.27,6.46,3.88,5.92,
2026-08-10 21:00:00,0,26.31,26.31,24.8,20.5,12.2,4.84,3.57,5.7,
2026-08-10 22:00:00,0,19.11,19.11,26.4,15.9,7.63,4.0,3.21,4.27,
2026-08-10 23:00:00,0,15.37,15.37,27.0,9.1,5.08,3.0,3.02,4.27,
2026-08-11 00:00:00,0,13.53,13.53,25.7,7.4,4.07,2.57,2.94,3.95,
2026-08-11 01:00:00,0,12.79,12.79,25.0,6.8,3.56,2.32,2.9,4.01,
2026-08-11 02:00:00,0,12.56,12.56,27.2,5.6,3.05,2.47,2.86,4.18,
2026-08-11 03:00:00,0,11.79,11.79,26.9,5.5,3.05,2.19,2.86,3.69,
2026-08-11 04:00:00,0,12.02,12.02,26.3,6.2,3.05,2.44,2.86,3.67,
2026-08-11 05:00:00,0,15.67,15.67,26.8,9.7,5.08,3.1,3.02,4.47,
2026-08-11 06:00:00,0,31.05,31.05,28.8,32.4,15.25,5.98,3.8,6.01,
2026-08-11 07:00:00,0,52.23,52.23,30.7,61.8,29.49,10.29,4.91,7.54,
2026-08-11 08:00:00,0,67.1,67.1,30.3,74.9,39.66,12.48,5.69,9.27,
2026-08-11 09:00:00,0,75.16,75.16,31.4,86.0,44.74,13.92,6.09,10.41,
2026-08-11 10:00:00,0,78.43,78.43,32.4,97.3,46.77,13.78,6.25,11.63,
2026-08-11 11:00:00,0,81.18,81.18,35.5,95.4,48.3,15.52,6.36,11.0,
2026-08-11 12:00:00,0,83.14,83.14,35.0,100.0,48.81,16.88,6.4,11.05,
2026-08-11 13:00:00,0,79.86,79.86,35.9,95.2,47.79,14.8,6.32,10.94,
2026-08-11 14:00:00,0,77.04,77.04,33.8,77.9,45.76,13.59,6.17,11.53,
2026-08-11 15:00:00,0,70.51,70.51,33.9,84.3,41.69,13.59,5.85,9.38,
2026-08-11 16:00:00,0,63.29,63.29,32.9,69.1,36.6,11.96,5.46,9.27,
2026-08-11 17:00:00,0,53.49,53.49,31.7,56.6,30.5,9.88,4.99,8.11,
2026-08-11 18:00:00,0,45.49,45.49,31.1,48.0,24.4,9.06,4.51,7.52,
2026-08-11 19:00:00,0,38.55,38.55,29.0,34.9,20.34,7.64,4.2,6.37,
2026-08-11 20:00:00,0,33.32,33.32,26.7,32.5,16.27,6.7,3.88,6.46,
2026-08-11 21:00:00,0,25.64,25.64,25.5,23.9,12.2,4.66,3.57,5.21,
2026-08-11 22:00:00,0,19.19,19.19,27.4,15.4,7.63,3.61,3.21,4.74,
2026-08-11 23:00:00,0,15.48,15.48,27.3,9.3,5.08,2.88,3.02,4.5,
2026-08-12 00:00:00,0,14.12,14.12,26.9,8.1,4.07,2.83,2.94,4.28,
2026-08-12 01:00:00,0,12.99,12.99,26.6,6.9,3.56,2.58,2.9,3.95,
2026-08-12 02:00:00,0,11.82,11.82,25.6,5.6,3.05,2.21,2.86,3.7,
2026-08-12 03:00:00,0,11.78,11.78,27.3,5.8,3.05,2.23,2.86,3.64,
2026-08-12 04:00:00,0,12.22,12.22,24.7,6.4,3.05,2.17,2.86,4.14,
2026-08-12 05:00:00,0,14.89,14.89,27.0,10.7,5.08,2.68,3.02,4.11,
2026-08-12 06:00:00,0,30.27,30.27,29.8,26.5,15.25,5.76,3.8,5.46,
2026-08-12 07:00:00,0,52.61,52.61,31.3,60.5,29.49,10.66,4.91,7.56,
2026-08-12 08:00:00,0,68.0,68.0,31.4,74.3,39.66,13.45,5.69,9.2,
2026-08-12 09:00:00,0,76.42,76.42,32.6,81.1,44.74,15.18,6.09,10.41,
2026-08-12 10:00:00,0,79.77,79.77,33.8,85.3,46.77,15.98,6.25,10.77,
2026-08-12 11:00:00,0,83.7,83.7,35.4,89.5,48.3,16.88,6.36,12.15,
2026-08-12 12:00:00,0,81.7,81.7,34.7,88.4,48.81,15.28,6.4,11.22,
2026-08-12 13:00:00,0,80.59,80.59,36.4,99.1,47.79,16.28,6.32,10.2,
2026-08-12 14:00:00,0,78.58,78.58,34.1,90.9,45.76,15.86,6.17,10.79,
2026-08-12 15:00:00,0,71.68,71.68,33.2,87.0,41.69,14.53,5.85,9.6,
2026-08-12 16:00:00,0,63.73,63.73,34.5,66.1,36.6,13.08,5.46,8.58,
2026-08-12 17:00:00,0,53.43,53.43,32.6,65.2,30.5,9.76,4.99,8.18,
2026-08-12 18:00:00,0,44.02,44.02,31.2,41.1,24.4,7.8,4.51,7.3,
2026-08-12 19:00:00,0,37.76,37.76,29.5,43.9,20.34,7.2,4.2,6.03,
2026-08-12 20:00:00,0,32.9,32.9,27.3,33.9,16.27,6.39,3.88,6.37,
2026-08-12 21:00:00,0,26.7,26.7,24.9,22.1,12.2,5.35,3.57,5.58,
2026-08-12 22:00:00,0,18.68,18.68,24.9,15.4,7.63,3.65,3.21,4.19,
2026-08-12 23:00:00,0,15.54,15.54,24.7,9.1,5.08,3.15,3.02,4.29,
2026-08-13 00:00:00,0,13.37,13.37,26.7,7.9,4.07,2.45,2.94,3.91,
2026-08-13 01:00:00,0,13.17,13.17,25.4,6.0,3.56,2.47,2.9,4.24,
2026-08-13 02:00:00,0,12.47,12.47,25.9,5.3,3.05,2.55,2.86,4.0,
2026-08-13 03:00:00,0,11.8,11.8,24.5,5.9,3.05,2.24,2.86,3.65,
2026-08-13 04:00:00,0,12.01,12.01,25.8,6.0,3.05,2.24,2.86,3.86,
2026-08-13 05:00:00,0,15.21,15.21,26.5,8.7,5.08,3.23,3.02,3.88,
2026-08-13 06:00:00,0,31.46,31.46,29.1,29.3,15.25,6.48,3.8,5.92,
2026-08-13 07:00:00,0,53.59,53.59,30.0,56.1,29.49,10.31,4.91,8.88,
2026-08-13 08:00:00,0,68.5,68.5,30.9,66.6,39.66,13.74,5.69,9.41,
2026-08-13 09:00:00,0,77.09,77.09,33.4,88.6,44.74,15.25,6.09,11.01,
2026-08-13 10:00:00,0,79.73,79.73,33.2,79.2,46.77,15.19,6.25,11.52,
2026-08-13 11:00:00,0,81.56,81.56,33.4,99.3,48.3,15.39,6.36,11.51,
2026-08-13 12:00:00,0,81.26,81.26,35.2,100.0,48.81,14.28,6.4,11.77,
2026-08-13 13:00:00,0,78.4,78.4,34.9,86.8,47.79,13.95,6.32,10.34,
2026-08-13 14:00:00,0,78.45,78.45,33.5,97.5,45.76,14.81,6.17,11.72,
2026-08-13 15:00:00,0,71.22,71.22,34.5,74.9,41.69,14.27,5.85,9.41,
2026-08-13 16:00:00,0,63.97,63.97,33.3,75.3,36.6,12.99,5.46,8.92,
2026-08-13 17:00:00,0,55.29,55.29,31.6,56.5,30.5,11.14,4.99,8.67,
2026-08-13 18:00:00,0,45.58,45.58,32.8,45.4,24.4,9.37,4.51,7.3,
2026-08-13 19:00:00,0,39.0,39.0,30.3,43.2,20.34,7.41,4.2,7.06,
2026-08-13 20:00:00,0,32.88,32.88,26.7,27.8,16.27,6.33,3.88,6.4,
2026-08-13 21:00:00,0,25.91,25.91,26.1,22.3,12.2,4.6,3.57,5.55,
2026-08-13 22:00:00,0,19.3,19.3,25.4,15.0,7.63,3.64,3.21,4.83,
2026-08-13 23:00:00,0,15.39,15.39,25.6,8.6,5.08,3.17,3.02,4.12,
2026-08-14 00:00:00,0,14.37,14.37,27.5,7.3,4.07,2.91,2.94,4.45,
2026-08-14 01:00:00,0,13.15,13.15,24.7,7.1,3.56,2.44,2.9,4.25,
2026-08-14 02:00:00,0,12.11,12.11,26.5,6.5,3.05,2.19,2.86,4.01,
2026-08-14 03:00:00,0,12.21,12.21,26.8,5.2,3.05,2.16,2.86,4.14,
2026-08-14 04:00:00,0,12.31,12.31,25.6,5.7,3.05,2.39,2.86,4.01,
2026-08-14 05:00:00,0,15.45,15.45,26.5,10.9,5.08,2.88,3.02,4.47,
2026-08-14 06:00:00,0,30.87,30.87,29.2,29.5,15.25,5.78,3.8,6.03,
2026-08-14 07:00:00,0,53.01,53.01,29.6,50.9,29.49,10.51,4.91,8.1,
2026-08-14 08:00:00,0,66.97,66.97,31.3,77.3,39.66,12.37,5.69,9.25,
2026-08-14 09:00:00,0,76.06,76.06,32.6,96.7,44.74,13.84,6.09,11.39,
2026-08-14 10:00:00,0,79.87,79.87,33.7,81.0,46.77,16.12,6.25,10.73,
2026-08-14 11:00:00,0,80.36,80.36,35.6,91.3,48.3,14.22,6.36,11.48,
2026-08-14 12:00:00,0,80.56,80.56,35.9,89.3,48.81,15.17,6.4,10.19,
2026-08-14 13:00:00,0,82.01,82.01,35.1,100.0,47.79,16.43,6.32,11.46,
2026-08-14 14:00:00,0,78.24,78.24,36.1,90.8,45.76,15.63,6.17,10.7,
2026-08-14 15:00:00,0,70.75,70.75,33.3,73.8,41.69,12.6,5.85,10.62,
2026-08-14 16:00:00,0,63.64,63.64,32.3,71.2,36.6,11.79,5.46,9.79,
2026-08-14 17:00:00,0,52.92,52.92,32.9,60.2,30.5,9.48,4.99,7.95,
2026-08-14 18:00:00,0,45.22,45.22,33.1,49.4,24.4,8.6,4.51,7.69,
2026-08-14 19:00:00,0,39.46,39.46,31.3,34.7,20.34,8.08,4.2,6.85,
2026-08-14 20:00:00,0,32.63,32.63,25.8,32.6,16.27,6.01,3.88,6.47,
2026-08-14 21:00:00,0,26.34,26.34,26.8,24.2,12.2,4.7,3.57,5.87,
2026-08-14 22:00:00,0,18.5,18.5,25.8,16.2,7.63,3.36,3.21,4.3,
2026-08-14 23:00:00,0,15.37,15.37,25.0,8.9,5.08,2.85,3.02,4.43,
2026-08-15 00:00:00,0,15.83,15.83,25.5,10.9,5.08,3.19,3.02,4.54,
2026-08-15 01:00:00,0,13.47,13.47,25.3,8.1,4.07,2.68,2.94,3.78,
2026-08-15 02:00:00,0,12.71,12.71,25.4,6.9,3.56,2.51,2.9,3.74,
2026-08-15 03:00:00,0,12.45,12.45,27.3,5.3,3.05,2.44,2.86,4.1,
2026-08-15 04:00:00,0,12.48,12.48,26.3,6.4,3.05,2.39,2.86,4.18,
2026-08-15 05:00:00,0,13.11,13.11,24.6,6.0,3.56,2.58,2.9,4.07,
2026-08-15 06:00:00,0,15.37,15.37,26.5,10.4,5.08,2.9,3.02,4.37,
2026-08-15 07:00:00,0,21.78,21.78,26.0,18.1,9.15,3.96,3.33,5.34,
2026-08-15 08:00:00,0,29.24,29.24,25.9,29.4,14.24,5.82,3.73,5.46,
2026-08-15 09:00:00,0,33.82,33.82,24.7,29.4,17.29,6.42,3.96,6.16,
2026-08-15 10:00:00,0,35.49,35.49,25.1,36.1,18.3,6.54,4.04,6.61,
2026-08-15 11:00:00,0,38.78,38.78,26.7,42.6,20.34,8.08,4.2,6.17,
2026-08-15 12:00:00,0,39.8,39.8,25.6,41.6,21.35,7.4,4.28,6.77,
2026-08-15 13:00:00,0,40.74,40.74,25.3,40.1,22.37,7.33,4.36,6.69,
2026-08-15 14:00:00,0,40.24,40.24,25.7,42.2,21.35,7.29,4.28,7.32,
2026-08-15 15:00:00,0,38.44,38.44,25.0,37.3,20.34,7.49,4.2,6.41,
2026-08-15 16:00:00,0,35.49,35.49,26.8,35.1,18.3,6.81,4.04,6.34,
2026-08-15 17:00:00,0,31.35,31.35,25.4,25.7,15.25,6.43,3.8,5.86,
2026-08-15 18:00:00,0,25.53,25.53,27.4,21.7,12.2,4.87,3.57,4.89,
2026-08-15 19:00:00,0,23.17,23.17,26.0,21.4,10.17,4.56,3.41,5.02,
2026-08-15 20:00:00,0,20.26,20.26,26.1,17.0,8.13,3.78,3.25,5.09,
2026-08-15 21:00:00,0,17.45,17.45,26.7,13.5,6.61,3.3,3.14,4.4,
2026-08-15 22:00:00,0,15.74,15.74,26.2,9.9,5.59,3.13,3.06,3.96,
2026-08-15 23:00:00,0,15.59,15.59,26.0,10.4,5.08,2.82,3.02,4.66,
2026-08-16 00:00:00,0,15.49,15.49,26.5,8.8,5.08,3.23,3.02,4.16,
2026-08-16 01:00:00,0,14.19,14.19,26.9,7.5,4.07,2.89,2.94,4.3,
2026-08-16 02:00:00,0,12.61,12.61,25.1,6.8,3.56,2.51,2.9,3.64,
2026-08-16 03:00:00,0,12.15,12.15,24.9,5.6,3.05,2.35,2.86,3.89,
2026-08-16 04:00:00,0,12.21,12.21,26.3,5.9,3.05,2.28,2.86,4.01,
2026-08-16 05:00:00,0,12.93,12.93,25.0,7.7,3.56,2.63,2.9,3.85,
2026-08-16 06:00:00,0,15.5,15.5,25.5,10.6,5.08,2.97,3.02,4.42,
2026-08-16 07:00:00,0,21.57,21.57,25.4,19.0,9.15,4.02,3.33,5.06,
2026-08-16 08:00:00,0,29.85,29.85,27.4,27.9,14.24,5.94,3.73,5.95,
2026-08-16 09:00:00,0,34.46,34.46,26.6,29.1,17.29,6.46,3.96,6.75,
2026-08-16 10:00:00,0,35.86,35.86,26.8,37.6,18.3,6.9,4.04,6.62,
2026-08-16 11:00:00,0,38.92,38.92,26.3,35.7,20.34,7.57,4.2,6.82,
2026-08-16 12:00:00,0,39.76,39.76,27.0,37.3,21.35,7.95,4.28,6.18,
2026-08-16 13:00:00,0,40.65,40.65,27.3,38.6,22.37,7.2,4.36,6.72,
2026-08-16 14:00:00,0,40.36,40.36,25.0,43.0,21.35,7.54,4.28,7.19,
2026-08-16 15:00:00,0,38.34,38.34,27.3,42.7,20.34,7.73,4.2,6.08,
2026-08-16 16:00:00,0,35.44,35.44,24.9,32.5,18.3,6.55,4.04,6.54,
2026-08-16 17:00:00,0,30.91,30.91,26.1,27.9,15.25,5.52,3.8,6.34,
2026-08-16 18:00:00,0,26.67,26.67,25.5,22.5,12.2,5.29,3.57,5.61,
2026-08-16 19:00:00,0,22.84,22.84,26.4,20.5,10.17,4.53,3.41,4.74,
2026-08-16 20:00:00,0,20.19,20.19,25.2,15.8,8.13,3.63,3.25,5.18,
2026-08-16 21:00:00,0,17.61,17.61,25.4,12.0,6.61,3.2,3.14,4.67,
2026-08-16 22:00:00,0,16.6,16.6,25.5,10.3,5.59,3.37,3.06,4.58,
2026-08-16 23:00:00,0,15.3,15.3,25.3,8.8,5.08,3.06,3.02,4.15,
2026-08-17 00:00:00,0,14.24,14.24,27.4,8.4,4.07,2.9,2.94,4.34,
2026-08-17 01:00:00,0,12.96,12.96,25.4,6.5,3.56,2.62,2.9,3.88,
2026-08-17 02:00:00,0,11.95,11.95,25.8,5.5,3.05,2.35,2.86,3.69,
2026-08-17 03:00:00,0,12.01,12.01,26.1,6.5,3.05,2.45,2.86,3.64,
2026-08-17 04:00:00,0,12.21,12.21,26.3,6.0,3.05,2.24,2.86,4.06,
2026-08-17 05:00:00,0,14.96,14.96,26.1,10.1,5.08,2.69,3.02,4.17,
2026-08-17 06:00:00,0,30.56,30.56,29.7,26.3,15.25,6.22,3.8,5.28,
2026-08-17 07:00:00,0,53.05,53.05,30.5,62.8,29.49,9.85,4.91,8.81,
2026-08-17 08:00:00,0,68.17,68.17,32.7,75.6,39.66,12.21,5.69,10.61,
2026-08-17 09:00:00,0,76.12,76.12,32.2,89.0,44.74,15.64,6.09,9.65,
2026-08-17 10:00:00,0,80.53,80.53,33.9,90.5,46.77,15.73,6.25,11.78,
2026-08-17 11:00:00,0,81.7,81.7,35.6,84.9,48.3,16.68,6.36,10.36,
2026-08-17 12:00:00,0,81.68,81.68,36.1,100.0,48.81,15.32,6.4,11.15,
2026-08-17 13:00:00,0,82.6,82.6,36.3,100.0,47.79,16.66,6.32,11.83,
2026-08-17 14:00:00,0,77.23,77.23,33.4,89.3,45.76,13.6,6.17,11.71,
2026-08-17 15:00:00,0,71.26,71.26,33.8,90.0,41.69,13.7,5.85,10.02,
2026-08-17 16:00:00,0,62.75,62.75,35.0,76.5,36.6,12.03,5.46,8.66,
2026-08-17 17:00:00,0,53.6,53.6,31.6,53.4,30.5,10.25,4.99,7.86,
2026-08-17 18:00:00,0,45.38,45.38,30.7,49.6,24.4,9.06,4.51,7.4,
2026-08-17 19:00:00,0,39.63,39.63,31.1,35.8,20.34,7.91,4.2,7.19,
2026-08-17 20:00:00,0,32.06,32.06,27.0,31.3,16.27,5.69,3.88,6.22,
2026-08-17 21:00:00,0,25.71,25.71,25.1,21.2,12.2,4.84,3.57,5.1,
2026-08-17 22:00:00,0,19.79,19.79,25.3,13.6,7.63,3.88,3.21,5.07,
2026-08-17 23:00:00,0,15.14,15.14,25.4,10.3,5.08,2.66,3.02,4.38,
2026-08-18 00:00:00,0,13.39,13.39,26.6,6.9,4.07,2.45,2.94,3.93,
2026-08-18 01:00:00,0,13.34,13.34,25.7,6.8,3.56,2.71,2.9,4.17,
2026-08-18 02:00:00,0,12.23,12.23,25.4,5.3,3.05,2.56,2.86,3.77,
2026-08-18 03:00:00,0,11.75,11.75,26.3,5.4,3.05,2.19,2.86,3.65,
2026-08-18 04:00:00,0,12.2,12.2,26.7,6.0,3.05,2.32,2.86,3.96,
2026-08-18 05:00:00,0,15.16,15.16,25.9,9.8,5.08,3.05,3.02,4.01,
2026-08-18 06:00:00,0,30.77,30.77,28.2,31.2,15.25,6.34,3.8,5.37,
2026-08-18 07:00:00,0,51.79,51.79,30.2,59.5,29.49,9.19,4.91,8.21,
2026-08-18 08:00:00,0,68.21,68.21,30.3,77.0,39.66,13.0,5.69,9.85,
2026-08-18 09:00:00,0,75.06,75.06,31.7,82.0,44.74,14.52,6.09,9.71,
2026-08-18 10:00:00,0,77.7,77.7,32.8,91.6,46.77,13.82,6.25,10.86,
2026-08-18 11:00:00,0,81.18,81.18,35.3,91.5,48.3,15.54,6.36,10.98,
2026-08-18 12:00:00,0,83.47,83.47,33.5,92.7,48.81,16.61,6.4,11.66,
2026-08-18 13:00:00,0,81.39,81.39,34.7,99.1,47.79,16.11,6.32,11.17,
2026-08-18 14:00:00,0,77.13,77.13,33.5,84.3,45.76,13.47,6.17,11.73,
2026-08-18 15:00:00,0,71.39,71.39,35.7,71.1,41.69,14.76,5.85,9.09,
2026-08-18 16:00:00,0,64.92,64.92,33.4,75.0,36.6,12.75,5.46,10.11,
2026-08-18 17:00:00,0,54.91,54.91,33.2,57.3,30.5,11.35,4.99,8.07,
2026-08-18 18:00:00,0,44.83,44.83,32.7,51.7,24.4,8.35,4.51,7.57,
2026-08-18 19:00:00,0,38.6,38.6,30.8,39.4,20.34,7.61,4.2,6.46,
2026-08-18 20:00:00,0,32.68,32.68,25.0,31.5,16.27,6.23,3.88,6.29,
2026-08-18 21:00:00,0,25.47,25.47,25.2,20.4,12.2,4.54,3.57,5.16,
2026-08-18 22:00:00,0,19.5,19.5,26.5,14.8,7.63,3.71,3.21,4.95,
2026-08-18 23:00:00,0,15.54,15.54,25.2,9.4,5.08,2.82,3.02,4.62,
2026-08-19 00:00:00,0,13.85,13.85,26.7,7.0,4.07,2.82,2.94,4.02,
2026-08-19 01:00:00,0,12.5,12.5,26.8,7.5,3.56,2.27,2.9,3.77,
2026-08-19 02:00:00,0,12.4,12.4,24.8,5.2,3.05,2.41,2.86,4.09,
2026-08-19 03:00:00,0,11.94,11.94,24.6,6.2,3.05,2.32,2.86,3.72,
2026-08-19 04:00:00,0,11.99,11.99,25.2,6.4,3.05,2.15,2.86,3.93,
2026-08-19 05:00:00,0,15.28,15.28,25.4,10.5,5.08,3.09,3.02,4.09,
2026-08-19 06:00:00,0,30.37,30.37,29.3,30.5,15.25,5.69,3.8,5.62,
2026-08-19 07:00:00,0,51.65,51.65,29.3,58.9,29.49,9.48,4.91,7.78,
2026-08-19 08:00:00,0,69.84,69.84,30.3,84.8,39.66,13.98,5.69,10.51,
2026-08-19 09:00:00,0,76.79,76.79,33.1,84.2,44.74,14.45,6.09,11.51,
2026-08-19 10:00:00,0,79.38,79.38,35.0,93.6,46.77,15.92,6.25,10.44,
2026-08-19 11:00:00,0,81.42,81.42,34.2,84.3,48.3,15.12,6.36,11.64,
2026-08-19 12:00:00,0,81.85,81.85,34.8,100.0,48.81,15.02,6.4,11.62,
2026-08-19 13:00:00,0,81.68,81.68,35.9,100.0,47.79,15.54,6.32,12.03,
2026-08-19 14:00:00,0,75.97,75.97,35.0,79.5,45.76,14.0,6.17,10.04,
2026-08-19 15:00:00,0,71.28,71.28,34.8,88.6,41.69,14.52,5.85,9.22,
2026-08-19 16:00:00,0,63.16,63.16,34.4,64.6,36.6,11.54,5.46,9.55,
2026-08-19 17:00:00,0,53.88,53.88,33.0,64.1,30.5,9.69,4.99,8.7,
2026-08-19 18:00:00,0,45.28,45.28,32.3,47.5,24.4,8.53,4.51,7.84,
2026-08-19 19:00:00,0,38.44,38.44,29.8,43.6,20.34,6.66,4.2,7.24,
2026-08-19 20:00:00,0,32.96,32.96,27.4,28.1,16.27,6.82,3.88,5.99,
2026-08-19 21:00:00,0,26.31,26.31,25.2,24.0,12.2,4.72,3.57,5.82,
2026-08-19 22:00:00,0,19.12,19.12,26.2,15.7,7.63,3.6,3.21,4.68,
2026-08-19 23:00:00,0,15.31,15.31,25.6,9.2,5.08,2.96,3.02,4.25,
2026-08-20 00:00:00,0,14.01,14.01,24.8,8.8,4.07,2.64,2.94,4.36,
2026-08-20 01:00:00,0,12.98,12.98,27.2,6.6,3.56,2.47,2.9,4.06,
2026-08-20 02:00:00,0,12.43,12.43,25.2,5.3,3.05,2.25,2.86,4.27,
2026-08-20 03:00:00,0,11.9,11.9,26.2,5.7,3.05,2.2,2.86,3.79,
2026-08-20 04:00:00,0,12.32,12.32,25.6,6.4,3.05,2.36,2.86,4.05,
2026-08-20 05:00:00,0,15.89,15.89,26.6,9.1,5.08,3.14,3.02,4.64,
2026-08-20 06:00:00,0,30.77,30.77,29.4,29.2,15.25,5.51,3.8,6.2,
2026-08-20 07:00:00,0,53.19,53.19,29.3,59.7,29.49,10.01,4.91,8.78,
2026-08-20 08:00:00,0,66.0,66.0,31.7,78.8,39.66,11.84,5.69,8.81,
2026-08-20 09:00:00,0,76.85,76.85,33.8,95.6,44.74,14.95,6.09,11.07,
2026-08-20 10:00:00,0,78.55,78.55,33.4,97.6,46.77,14.25,6.25,11.29,
2026-08-20 11:00:00,0,81.11,81.11,32.9,92.8,48.3,15.1,6.36,11.34,
2026-08-20 12:00:00,0,81.93,81.93,35.3,96.4,48.81,15.59,6.4,11.13,
2026-08-20 13:00:00,0,79.03,79.03,33.5,92.9,47.79,13.85,6.32,11.06,
2026-08-20 14:00:00,0,76.6,76.6,34.2,98.5,45.76,13.33,6.17,11.35,
2026-08-20 15:00:00,0,71.48,71.48,34.9,86.2,41.69,14.69,5.85,9.24,
2026-08-20 16:00:00,0,62.7,62.7,32.5,63.9,36.6,11.36,5.46,9.28,
2026-08-20 17:00:00,0,53.66,53.66,33.7,55.0,30.5,10.12,4.99,8.06,
2026-08-20 18:00:00,0,45.22,45.22,31.3,47.6,24.4,9.4,4.51,6.9,
2026-08-20 19:00:00,0,39.28,39.28,30.9,42.5,20.34,7.61,4.2,7.14,
2026-08-20 20:00:00,0,32.28,32.28,26.8,27.9,16.27,6.05,3.88,6.08,
2026-08-20 21:00:00,0,25.83,25.83,24.7,20.5,12.2,4.69,3.57,5.37,
2026-08-20 22:00:00,0,19.56,19.56,25.8,15.7,7.63,3.74,3.21,4.98,
2026-08-20 23:00:00,0,14.79,14.79,24.8,9.8,5.08,2.68,3.02,4.0,
2026-08-21 00:00:00,0,13.37,13.37,27.1,8.6,4.07,2.64,2.94,3.72,
2026-08-21 01:00:00,0,13.23,13.23,24.7,7.6,3.56,2.71,2.9,4.06,
2026-08-21 02:00:00,0,12.47,12.47,24.6,6.5,3.05,2.27,2.86,4.29,
2026-08-21 03:00:00,0,12.22,12.22,26.3,6.2,3.05,2.46,2.86,3.85,
2026-08-21 04:00:00,0,12.34,12.34,24.7,5.3,3.05,2.24,2.86,4.19,
2026-08-21 05:00:00,0,15.42,15.42,25.7,10.7,5.08,2.85,3.02,4.46,
2026-08-21 06:00:00,0,31.08,31.08,27.9,32.9,15.25,6.17,3.8,5.86,
2026-08-21 07:00:00,0,52.96,52.96,31.8,50.1,29.49,9.91,4.91,8.65,
2026-08-21 08:00:00,0,69.03,69.03,31.1,81.3,39.66,14.17,5.69,9.51,
2026-08-21 09:00:00,0,76.19,76.19,33.6,75.5,44.74,13.81,6.09,11.55,
2026-08-21 10:00:00,0,80.09,80.09,33.7,86.4,46.77,16.38,6.25,10.69,
2026-08-21 11:00:00,0,80.22,80.22,34.9,96.4,48.3,14.21,6.36,11.34,
2026-08-21 12:00:00,0,79.93,79.93,35.7,98.7,48.81,14.34,6.4,10.39,
2026-08-21 13:00:00,0,80.79,80.79,35.6,94.8,47.79,16.09,6.32,10.59,
2026-08-21 14:00:00,0,76.49,76.49,33.7,76.6,45.76,14.19,6.17,10.38,
2026-08-21 15:00:00,0,70.2,70.2,33.7,72.4,41.69,12.73,5.85,9.93,
2026-08-21 16:00:00,0,61.98,61.98,33.9,68.5,36.6,10.96,5.46,8.96,
2026-08-21 17:00:00,0,53.53,53.53,31.5,60.0,30.5,9.97,4.99,8.08,
2026-08-21 18:00:00,0,44.65,44.65,31.0,45.5,24.4,7.85,4.51,7.89,
2026-08-21 19:00:00,0,38.24,38.24,31.6,43.8,20.34,7.49,4.2,6.22,
2026-08-21 20:00:00,0,32.11,32.11,25.6,28.3,16.27,5.95,3.88,6.01,
2026-08-21 21:00:00,0,26.07,26.07,24.7,23.0,12.2,4.94,3.57,5.36,
2026-08-21 22:00:00,0,19.11,19.11,24.7,13.7,7.63,3.5,3.21,4.77,
2026-08-21 23:00:00,0,14.9,14.9,26.3,9.0,5.08,2.72,3.02,4.08,
2026-08-22 00:00:00,0,15.63,15.63,27.3,9.3,5.08,3.02,3.02,4.51,
2026-08-22 01:00:00,0,14.21,14.21,25.5,7.5,4.07,2.82,2.94,4.38,
2026-08-22 02:00:00,0,13.24,13.24,27.4,6.2,3.56,2.42,2.9,4.36,
2026-08-22 03:00:00,0,12.79,12.79,25.1,5.6,3.05,2.58,2.86,4.29,
2026-08-22 04:00:00,0,12.25,12.25,25.4,6.1,3.05,2.36,2.86,3.99,
2026-08-22 05:00:00,0,13.05,13.05,25.2,6.6,3.56,2.67,2.9,3.92,
2026-08-22 06:00:00,0,15.39,15.39,24.8,9.9,5.08,3.01,3.02,4.29,
2026-08-22 07:00:00,0,21.84,21.84,26.5,17.8,9.15,4.51,3.33,4.85,
2026-08-22 08:00:00,0,29.25,29.25,26.6,26.9,14.24,5.37,3.73,5.91,
2026-08-22 09:00:00,0,33.8,33.8,27.0,35.7,17.29,6.38,3.96,6.18,
2026-08-22 10:00:00,0,35.96,35.96,26.4,32.8,18.3,7.01,4.04,6.61,
2026-08-22 11:00:00,0,39.27,39.27,26.9,34.7,20.34,8.1,4.2,6.63,
2026-08-22 12:00:00,0,41.03,41.03,25.7,41.0,21.35,8.32,4.28,7.08,
2026-08-22 13:00:00,0,42.0,42.0,26.1,46.1,22.37,7.75,4.36,7.53,
2026-08-22 14:00:00,0,39.85,39.85,26.1,42.4,21.35,7.04,4.28,7.19,
2026-08-22 15:00:00,0,38.18,38.18,26.5,37.6,20.34,7.6,4.2,6.05,
2026-08-22 16:00:00,0,35.65,35.65,27.5,36.7,18.3,6.65,4.04,6.66,
2026-08-22 17:00:00,0,29.96,29.96,27.4,28.7,15.25,5.33,3.8,5.57,
2026-08-22 18:00:00,0,26.32,26.32,26.0,23.5,12.2,5.1,3.57,5.45,
2026-08-22 19:00:00,0,23.39,23.39,25.8,19.0,10.17,4.67,3.41,5.14,
2026-08-22 20:00:00,0,19.22,19.22,26.0,15.0,8.13,3.47,3.25,4.36,
2026-08-22 21:00:00,0,17.76,17.76,25.7,14.2,6.61,3.13,3.14,4.88,
2026-08-22 22:00:00,0,15.8,15.8,24.9,10.2,5.59,3.07,3.06,4.07,
2026-08-22 23:00:00,0,15.43,15.43,25.9,9.7,5.08,2.92,3.02,4.41,
2026-08-23 00:00:00,0,15.16,15.16,25.5,9.3,5.08,3.14,3.02,3.92,
2026-08-23 01:00:00,0,13.57,13.57,27.0,8.1,4.07,2.75,2.94,3.81,
2026-08-23 02:00:00,0,12.54,12.54,27.5,6.4,3.56,2.35,2.9,3.73,
2026-08-23 03:00:00,0,12.0,12.0,26.2,6.5,3.05,2.23,2.86,3.85,
2026-08-23 04:00:00,0,11.8,11.8,25.1,6.1,3.05,2.33,2.86,3.56,
2026-08-23 05:00:00,0,12.93,12.93,26.3,6.3,3.56,2.56,2.9,3.92,
2026-08-23 06:00:00,0,15.71,15.71,26.6,9.0,5.08,3.1,3.02,4.51,
2026-08-23 07:00:00,0,21.51,21.51,24.7,15.8,9.15,4.44,3.33,4.58,
2026-08-23 08:00:00,0,29.41,29.41,25.5,27.0,14.24,5.34,3.73,6.11,
2026-08-23 09:00:00,0,34.18,34.18,26.1,34.3,17.29,6.62,3.96,6.31,
2026-08-23 10:00:00,0,36.09,36.09,26.3,33.7,18.3,7.26,4.04,6.49,
2026-08-23 11:00:00,0,38.43,38.43,26.9,41.1,20.34,7.08,4.2,6.81,
2026-08-23 12:00:00,0,39.27,39.27,24.8,37.1,21.35,7.09,4.28,6.55,
2026-08-23 13:00:00,0,41.58,41.58,25.0,45.0,22.37,7.99,4.36,6.87,
2026-08-23 14:00:00,0,39.83,39.83,24.9,39.7,21.35,7.19,4.28,7.0,
2026-08-23 15:00:00,0,39.38,39.38,26.6,40.5,20.34,8.12,4.2,6.73,
2026-08-23 16:00:00,0,35.16,35.16,26.0,31.9,18.3,6.54,4.04,6.27,
2026-08-23 17:00:00,0,29.81,29.81,24.7,28.2,15.25,5.32,3.8,5.43,
2026-08-23 18:00:00,0,26.16,26.16,26.9,26.2,12.2,5.02,3.57,5.37,
2026-08-23 19:00:00,0,23.35,23.35,26.6,19.1,10.17,4.73,3.41,5.04,
2026-08-23 20:00:00,0,19.96,19.96,24.7,13.7,8.13,4.04,3.25,4.53,
2026-08-23 21:00:00,0,17.36,17.36,25.3,12.8,6.61,3.17,3.14,4.45,
2026-08-23 22:00:00,0,15.77,15.77,26.7,11.5,5.59,3.13,3.06,3.99,
2026-08-23 23:00:00,0,15.38,15.38,24.8,10.4,5.08,3.14,3.02,4.13,
2026-08-24 00:00:00,0,13.9,13.9,27.0,6.9,4.07,2.77,2.94,4.12,
2026-08-24 01:00:00,0,13.34,13.34,27.5,6.1,3.56,2.67,2.9,4.21,
2026-08-24 02:00:00,0,12.06,12.06,25.4,6.6,3.05,2.34,2.86,3.81,
2026-08-24 03:00:00,0,12.65,12.65,27.0,5.8,3.05,2.59,2.86,4.14,
2026-08-24 04:00:00,0,12.12,12.12,25.2,6.3,3.05,2.4,2.86,3.81,
2026-08-24 05:00:00,0,14.8,14.8,26.6,10.1,5.08,2.75,3.02,3.94,
2026-08-24 06:00:00,0,30.12,30.12,28.1,27.1,15.25,5.38,3.8,5.68,
2026-08-24 07:00:00,0,52.51,52.51,29.7,57.1,29.49,9.68,4.91,8.44,
2026-08-24 08:00:00,0,69.92,69.92,31.0,71.5,39.66,13.92,5.69,10.66,
2026-08-24 09:00:00,0,77.75,77.75,33.3,76.9,44.74,15.8,6.09,11.12,
2026-08-24 10:00:00,0,79.21,79.21,34.9,100.0,46.77,16.16,6.25,10.03,
2026-08-24 11:00:00,0,82.62,82.62,35.5,86.7,48.3,16.15,6.36,11.81,
2026-08-24 12:00:00,0,82.15,82.15,35.6,97.8,48.81,15.61,6.4,11.33,
2026-08-24 13:00:00,0,80.61,80.61,34.3,89.6,47.79,15.2,6.32,11.29,
2026-08-24 14:00:00,0,76.93,76.93,36.0,78.6,45.76,14.81,6.17,10.2,
2026-08-24 15:00:00,0,72.03,72.03,35.7,77.3,41.69,14.8,5.85,9.69,
2026-08-24 16:00:00,0,64.39,64.39,32.2,75.1,36.6,12.67,5.46,9.66,
2026-08-24 17:00:00,0,53.07,53.07,32.6,61.0,30.5,10.04,4.99,7.54,
2026-08-24 18:00:00,0,44.24,44.24,31.7,43.4,24.4,8.44,4.51,6.88,
2026-08-24 19:00:00,0,38.44,38.44,29.6,42.3,20.34,7.14,4.2,6.76,
2026-08-24 20:00:00,0,32.39,32.39,26.2,31.1,16.27,6.01,3.88,6.24,
2026-08-24 21:00:00,0,26.4,26.4,24.6,21.0,12.2,5.3,3.57,5.33,
2026-08-24 22:00:00,0,18.67,18.67,24.9,16.0,7.63,3.65,3.21,4.19,
2026-08-24 23:00:00,0,15.1,15.1,27.4,9.0,5.08,3.06,3.02,3.93,
2026-08-25 00:00:00,0,13.79,13.79,26.4,7.1,4.07,2.89,2.94,3.9,
2026-08-25 01:00:00,0,13.23,13.23,26.5,6.4,3.56,2.44,2.9,4.33,
2026-08-25 02:00:00,0,12.26,12.26,25.0,5.7,3.05,2.27,2.86,4.08,
2026-08-25 03:00:00,0,11.9,11.9,25.2,6.1,3.05,2.46,2.86,3.53,
2026-08-25 04:00:00,0,12.21,12.21,25.9,5.3,3.05,2.23,2.86,4.07,
2026-08-25 05:00:00,0,15.9,15.9,24.5,10.2,5.08,3.14,3.02,4.66,
2026-08-25 06:00:00,0,30.17,30.17,28.8,26.5,15.25,5.4,3.8,5.72,
2026-08-25 07:00:00,0,52.78,52.78,31.0,50.8,29.49,9.66,4.91,8.72,
2026-08-25 08:00:00,0,68.0,68.0,30.5,81.4,39.66,13.65,5.69,9.0,
2026-08-25 09:00:00,0,74.86,74.86,34.2,77.9,44.74,14.55,6.09,9.48,
2026-08-25 10:00:00,0,79.86,79.86,34.1,88.3,46.77,15.72,6.25,11.11,
2026-08-25 11:00:00,0,82.61,82.61,33.4,90.5,48.3,16.08,6.36,11.88,
2026-08-25 12:00:00,0,83.0,83.0,33.6,84.0,48.81,16.44,6.4,11.36,
2026-08-25 13:00:00,0,79.1,79.1,34.7,100.0,47.79,14.78,6.32,10.21,
2026-08-25 14:00:00,0,77.73,77.73,34.2,78.4,45.76,14.92,6.17,10.89,
2026-08-25 15:00:00,0,72.37,72.37,34.7,85.7,41.69,14.1,5.85,10.73,
2026-08-25 16:00:00,0,63.46,63.46,34.2,66.6,36.6,12.15,5.46,9.25,
2026-08-25 17:00:00,0,53.82,53.82,33.5,55.4,30.5,9.41,4.99,8.92,
2026-08-25 18:00:00,0,44.11,44.11,33.0,46.7,24.4,7.9,4.51,7.3,
2026-08-25 19:00:00,0,39.93,39.93,30.6,39.3,20.34,8.09,4.2,7.31,
2026-08-25 20:00:00,0,32.9,32.9,27.3,28.3,16.27,6.65,3.88,6.1,
2026-08-25 21:00:00,0,26.91,26.91,25.6,24.5,12.2,5.28,3.57,5.86,
2026-08-25 22:00:00,0,18.64,18.64,26.8,12.8,7.63,3.37,3.21,4.43,
2026-08-25 23:00:00,0,15.48,15.48,24.6,8.7,5.08,3.12,3.02,4.25,
2026-08-26 00:00:00,0,13.87,13.87,26.4,7.8,4.07,2.61,2.94,4.25,
2026-08-26 01:00:00,0,12.85,12.85,24.7,6.9,3.56,2.57,2.9,3.83,
2026-08-26 02:00:00,0,12.3,12.3,25.4,5.9,3.05,2.22,2.86,4.17,
2026-08-26 03:00:00,0,12.52,12.52,26.1,5.7,3.05,2.43,2.86,4.19,
2026-08-26 04:00:00,0,12.47,12.47,26.5,5.2,3.05,2.46,2.86,4.11,
2026-08-26 05:00:00,0,15.0,15.0,27.0,8.6,5.08,2.71,3.02,4.19,
2026-08-26 06:00:00,0,30.87,30.87,28.9,30.1,15.25,5.68,3.8,6.14,
2026-08-26 07:00:00,0,53.28,53.28,31.1,51.0,29.49,10.45,4.91,8.43,
2026-08-26 08:00:00,0,68.66,68.66,30.6,84.9,39.66,13.05,5.69,10.26,
2026-08-26 09:00:00,0,75.32,75.32,33.4,78.5,44.74,13.39,6.09,11.11,
2026-08-26 10:00:00,0,78.71,78.71,33.0,98.6,46.77,15.87,6.25,9.82,
2026-08-26 11:00:00,0,80.36,80.36,35.3,87.2,48.3,14.15,6.36,11.55,
2026-08-26 12:00:00,0,81.56,81.56,35.1,83.4,48.81,15.51,6.4,10.85,
2026-08-26 13:00:00,0,79.52,79.52,35.0,93.2,47.79,14.94,6.32,10.46,
2026-08-26 14:00:00,0,77.44,77.44,33.7,89.4,45.76,15.42,6.17,10.1,
2026-08-26 15:00:00,0,71.63,71.63,34.4,70.6,41.69,14.56,5.85,9.52,
2026-08-26 16:00:00,0,63.34,63.34,33.6,68.1,36.6,11.26,5.46,10.03,
2026-08-26 17:00:00,0,55.34,55.34,33.8,59.3,30.5,11.19,4.99,8.66,
2026-08-26 18:00:00,0,44.96,44.96,31.4,44.7,24.4,8.42,4.51,7.62,
2026-08-26 19:00:00,0,38.39,38.39,29.6,34.8,20.34,7.19,4.2,6.66,
2026-08-26 20:00:00,0,33.32,33.32,27.2,28.6,16.27,6.58,3.88,6.59,
2026-08-26 21:00:00,0,25.89,25.89,27.4,20.8,12.2,4.98,3.57,5.14,
2026-08-26 22:00:00,0,18.76,18.76,27.0,14.0,7.63,3.73,3.21,4.19,
2026-08-26 23:00:00,0,15.29,15.29,25.1,9.9,5.08,2.84,3.02,4.35,
2026-08-27 00:00:00,0,13.97,13.97,25.9,8.0,4.07,2.65,2.94,4.31,
2026-08-27 01:00:00,0,12.9,12.9,25.1,7.5,3.56,2.64,2.9,3.8,
2026-08-27 02:00:00,0,11.95,11.95,24.5,5.7,3.05,2.24,2.86,3.81,
2026-08-27 03:00:00,0,12.02,12.02,27.0,6.4,3.05,2.57,2.86,3.53,
2026-08-27 04:00:00,0,11.99,11.99,26.5,6.4,3.05,2.47,2.86,3.62,
2026-08-27 05:00:00,0,14.92,14.92,26.1,9.1,5.08,2.95,3.02,3.87,
2026-08-27 06:00:00,0,30.83,30.83,30.5,30.8,15.25,5.42,3.8,6.35,
2026-08-27 07:00:00,0,52.73,52.73,31.5,56.8,29.49,10.44,4.91,7.9,
2026-08-27 08:00:00,0,66.29,66.29,33.0,68.0,39.66,11.94,5.69,9.0,
2026-08-27 09:00:00,0,75.87,75.87,33.7,76.4,44.74,14.66,6.09,10.38,
2026-08-27 10:00:00,0,77.79,77.79,35.1,83.6,46.77,14.34,6.25,10.44,
2026-08-27 11:00:00,0,81.56,81.56,35.3,97.4,48.3,16.23,6.36,10.68,
2026-08-27 12:00:00,0,81.71,81.71,34.2,83.4,48.81,14.72,6.4,11.78,
2026-08-27 13:00:00,0,79.36,79.36,35.3,83.6,47.79,14.32,6.32,10.92,
2026-08-27 14:00:00,0,78.11,78.11,34.6,88.6,45.76,16.13,6.17,10.05,
2026-08-27 15:00:00,0,69.43,69.43,33.8,75.1,41.69,12.55,5.85,9.35,
2026-08-27 16:00:00,0,63.02,63.02,34.2,76.1,36.6,12.58,5.46,8.38,
2026-08-27 17:00:00,0,52.83,52.83,33.7,55.9,30.5,9.49,4.99,7.85,
2026-08-27 18:00:00,0,44.73,44.73,31.2,47.0,24.4,8.86,4.51,6.95,
2026-08-27 19:00:00,0,38.37,38.37,31.8,34.3,20.34,7.24,4.2,6.59,
2026-08-27 20:00:00,0,32.69,32.69,26.7,29.2,16.27,6.15,3.88,6.38,
2026-08-27 21:00:00,0,27.01,27.01,24.9,20.5,12.2,5.35,3.57,5.89,
2026-08-27 22:00:00,0,19.21,19.21,24.9,15.8,7.63,3.6,3.21,4.77,
2026-08-27 23:00:00,0,15.42,15.42,26.4,10.0,5.08,2.81,3.02,4.51,
2026-08-28 00:00:00,0,13.92,13.92,24.6,6.9,4.07,2.87,2.94,4.04,
2026-08-28 01:00:00,0,13.0,13.0,24.9,7.5,3.56,2.67,2.9,3.87,
2026-08-28 02:00:00,0,12.1,12.1,24.6,5.8,3.05,2.2,2.86,3.98,
2026-08-28 03:00:00,0,12.12,12.12,27.0,5.7,3.05,2.14,2.86,4.07,
2026-08-28 04:00:00,0,11.88,11.88,25.0,5.4,3.05,2.21,2.86,3.75,
2026-08-28 05:00:00,0,15.16,15.16,27.2,8.6,5.08,3.02,3.02,4.03,
2026-08-28 06:00:00,0,30.36,30.36,28.4,28.6,15.25,5.96,3.8,5.34,
2026-08-28 07:00:00,0,52.56,52.56,29.7,51.3,29.49,9.43,4.91,8.73,
2026-08-28 08:00:00,0,69.41,69.41,31.7,78.6,39.66,13.77,5.69,10.28,
2026-08-28 09:00:00,0,75.49,75.49,34.2,92.0,44.74,14.06,6.09,10.61,
2026-08-28 10:00:00,0,78.68,78.68,33.6,99.2,46.77,15.06,6.25,10.6,
2026-07-29 11:00:00,1,77.28,77.28,33.4,88.3,45.94,13.91,6.05,11.37,
2026-07-29 12:00:00,1,79.54,79.54,35.7,83.0,46.43,16.35,6.09,10.68,
2026-07-29 13:00:00,1,77.08,77.08,35.8,100.0,45.46,15.99,6.02,9.62,
2026-07-29 14:00:00,1,75.32,75.32,35.3,82.5,43.52,14.93,5.87,11.0,
2026-07-29 15:00:00,1,67.62,67.62,33.1,90.1,39.66,12.19,5.57,10.21,
2026-07-29 16:00:00,1,61.69,61.69,34.6,67.6,34.82,12.29,5.19,9.39,
2026-07-29 17:00:00,1,52.36,52.36,31.8,59.9,29.02,10.43,4.74,8.17,
2026-07-29 18:00:00,1,43.54,43.54,32.8,41.1,23.21,8.47,4.29,7.57,
2026-07-29 19:00:00,1,36.87,36.87,30.5,39.6,19.34,6.58,3.99,6.95,
2026-07-29 20:00:00,1,30.55,30.55,27.1,31.1,15.48,5.67,3.69,5.71,
2026-07-29 21:00:00,1,24.64,24.64,24.8,21.8,11.61,4.51,3.39,5.14,
2026-07-29 22:00:00,1,17.71,17.71,24.5,16.2,7.25,3.3,3.06,4.1,
2026-07-29 23:00:00,1,14.61,14.61,26.7,10.8,4.84,3.0,2.87,3.9,
2026-07-30 00:00:00,1,13.5,13.5,24.6,8.0,3.87,2.74,2.8,4.1,
2026-07-30 01:00:00,1,12.46,12.46,27.0,7.5,3.39,2.61,2.76,3.71,
2026-07-30 02:00:00,1,11.28,11.28,27.3,5.7,2.9,2.07,2.72,3.59,
2026-07-30 03:00:00,1,12.02,12.02,24.9,5.3,2.9,2.45,2.72,3.95,
2026-07-30 04:00:00,1,11.81,11.81,27.4,6.1,2.9,2.1,2.72,4.08,
2026-07-30 05:00:00,1,14.49,14.49,26.6,10.8,4.84,2.97,2.87,3.82,
2026-07-30 06:00:00,1,29.31,29.31,29.3,26.8,14.51,5.4,3.62,5.78,
2026-07-30 07:00:00,1,51.52,51.52,29.2,59.9,28.05,10.4,4.67,8.4,
2026-07-30 08:00:00,1,65.02,65.02,31.3,85.7,37.72,13.5,5.42,8.37,
2026-07-30 09:00:00,1,72.84,72.84,33.0,95.1,42.56,15.05,5.79,9.44,
2026-07-30 10:00:00,1,74.54,74.54,33.9,99.7,44.49,13.29,5.94,10.81,
2026-07-30 11:00:00,1,77.11,77.11,33.6,100.0,45.94,13.76,6.05,11.35,
2026-07-30 12:00:00,1,79.25,79.25,33.6,98.6,46.43,15.3,6.09,11.44,
2026-07-30 13:00:00,1,74.9,74.9,34.8,86.1,45.46,13.87,6.02,9.56,
2026-07-30 14:00:00,1,71.95,71.95,34.1,78.9,43.52,12.64,5.87,9.92,
2026-07-30 15:00:00,1,68.66,68.66,35.1,89.6,39.66,13.91,5.57,9.53,
2026-07-30 16:00:00,1,59.35,59.35,33.3,71.0,34.82,10.6,5.19,8.74,
2026-07-30 17:00:00,1,51.29,51.29,33.8,60.8,29.02,10.2,4.74,7.33,
2026-07-30 18:00:00,1,42.01,42.01,30.3,50.9,23.21,7.81,4.29,6.69,
2026-07-30 19:00:00,1,36.07,36.07,31.7,34.7,19.34,6.56,3.99,6.18,
2026-07-30 20:00:00,1,30.79,30.79,26.7,31.6,15.48,6.37,3.69,5.26,
2026-07-30 21:00:00,1,24.39,24.39,26.3,24.1,11.61,4.76,3.39,4.63,
2026-07-30 22:00:00,1,18.21,18.21,27.3,13.4,7.25,3.78,3.06,4.12,
2026-07-30 23:00:00,1,14.54,14.54,24.8,9.0,4.84,2.63,2.87,4.2,
2026-07-31 00:00:00,1,12.79,12.79,26.7,8.3,3.87,2.41,2.8,3.72,
2026-07-31 01:00:00,1,12.63,12.63,25.2,6.0,3.39,2.42,2.76,4.07,
2026-07-31 02:00:00,1,11.42,11.42,25.0,5.6,2.9,2.21,2.72,3.58,
2026-07-31 03:00:00,1,11.11,11.11,26.5,6.0,2.9,2.11,2.72,3.38,
2026-07-31 04:00:00,1,11.67,11.67,25.0,5.5,2.9,2.06,2.72,3.99,
2026-07-31 05:00:00,1,14.68,14.68,25.4,9.5,4.84,2.8,2.87,4.17,
2026-07-31 06:00:00,1,29.39,29.39,27.8,29.6,14.51,5.26,3.62,6.0,
2026-07-31 07:00:00,1,49.47,49.47,29.9,55.8,28.05,9.1,4.67,7.66,
2026-07-31 08:00:00,1,64.11,64.11,30.8,71.5,37.72,11.27,5.42,9.7,
2026-07-31 09:00:00,1,71.76,71.76,33.2,76.7,42.56,13.33,5.79,10.09,
2026-07-31 10:00:00,1,75.92,75.92,35.1,91.8,44.49,14.47,5.94,11.01,
2026-07-31 11:00:00,1,78.15,78.15,35.4,90.7,45.94,14.85,6.05,11.31,
2026-07-31 12:00:00,1,77.05,77.05,34.8,100.0,46.43,14.81,6.09,9.72,
2026-07-31 13:00:00,1,77.38,77.38,36.2,96.7,45.46,14.61,6.02,11.3,
2026-07-31 14:00:00,1,73.15,73.15,35.8,91.7,43.52,14.38,5.87,9.38,
2026-07-31 15:00:00,1,69.83,69.83,35.2,73.2,39.66,14.17,5.57,10.45,
2026-07-31 16:00:00,1,60.98,60.98,34.6,63.5,34.82,11.34,5.19,9.64,
2026-07-31 17:00:00,1,52.22,52.22,32.5,66.0,29.02,10.08,4.74,8.39,
2026-07-31 18:00:00,1,42.67,42.67,30.9,51.7,23.21,8.82,4.29,6.34,
2026-07-31 19:00:00,1,36.16,36.16,30.0,38.0,19.34,6.78,3.99,6.05,
2026-07-31 20:00:00,1,31.27,31.27,25.9,34.2,15.48,6.23,3.69,5.86,
2026-07-31 21:00:00,1,24.44,24.44,26.1,22.9,11.61,4.69,3.39,4.75,
2026-07-31 22:00:00,1,18.93,18.93,26.3,15.6,7.25,3.82,3.06,4.8,
2026-07-31 23:00:00,1,14.46,14.46,26.2,8.8,4.84,2.69,2.87,4.07,
2026-08-01 00:00:00,1,14.48,14.48,25.5,9.5,4.84,2.74,2.87,4.03,
2026-08-01 01:00:00,1,12.69,12.69,26.3,6.9,3.87,2.41,2.8,3.61,
2026-08-01 02:00:00,1,12.42,12.42,26.3,7.2,3.39,2.17,2.76,4.11,
2026-08-01 03:00:00,1,12.03,12.03,25.5,5.5,2.9,2.36,2.72,4.05,
2026-08-01 04:00:00,1,11.6,11.6,27.2,5.1,2.9,2.39,2.72,3.59,
2026-08-01 05:00:00,1,12.13,12.13,25.3,6.8,3.39,2.48,2.76,3.5,
2026-08-01 06:00:00,1,14.78,14.78,27.1,8.8,4.84,3.07,2.87,3.99,
2026-08-01 07:00:00,1,20.53,20.53,27.0,16.5,8.7,3.87,3.17,4.79,
2026-08-01 08:00:00,1,28.44,28.44,25.1,25.3,13.54,5.68,3.54,5.68,
2026-08-01 09:00:00,1,32.68,32.68,26.8,36.3,16.44,6.57,3.77,5.89,
2026-08-01 10:00:00,1,33.31,33.31,25.0,33.4,17.41,6.47,3.84,5.59,
2026-08-01 11:00:00,1,35.64,35.64,27.1,42.8,19.34,6.36,3.99,5.94,
2026-08-01 12:00:00,1,37.74,37.74,27.0,44.5,20.31,6.94,4.07,6.43,
2026-08-01 13:00:00,1,39.73,39.73,27.3,45.2,21.28,7.24,4.14,7.07,
2026-08-01 14:00:00,1,37.01,37.01,26.0,42.4,20.31,6.75,4.07,5.88,
2026-08-01 15:00:00,1,36.71,36.71,25.6,39.9,19.34,6.57,3.99,6.8,
2026-08-01 16:00:00,1,33.78,33.78,26.3,33.7,17.41,6.02,3.84,6.5,
2026-08-01 17:00:00,1,28.94,28.94,26.7,30.7,14.51,5.37,3.62,5.44,
2026-08-01 18:00:00,1,25.69,25.69,25.0,23.8,11.61,5.22,3.39,5.48,
2026-08-01 19:00:00,1,21.65,21.65,26.4,20.4,9.67,4.02,3.24,4.72,
2026-08-01 20:00:00,1,18.74,18.74,24.6,16.7,7.74,3.85,3.1,4.06,
2026-08-01 21:00:00,1,16.41,16.41,27.2,13.2,6.29,3.29,2.98,3.85,
2026-08-01 22:00:00,1,15.56,15.56,25.3,11.6,5.32,2.83,2.91,4.5,
2026-08-01 23:00:00,1,14.36,14.36,26.4,9.6,4.84,2.74,2.87,3.92,
2026-08-02 00:00:00,1,14.92,14.92,25.3,9.7,4.84,2.91,2.87,4.3,
2026-08-02 01:00:00,1,13.21,13.21,25.7,7.0,3.87,2.53,2.8,4.01,
2026-08-02 02:00:00,1,12.49,12.49,27.0,6.6,3.39,2.46,2.76,3.89,
2026-08-02 03:00:00,1,11.77,11.77,25.4,5.3,2.9,2.05,2.72,4.1,
2026-08-02 04:00:00,1,11.65,11.65,26.4,6.4,2.9,2.14,2.72,3.89,
2026-08-02 05:00:00,1,12.38,12.38,27.2,6.5,3.39,2.22,2.76,4.01,
2026-08-02 06:00:00,1,14.81,14.81,27.2,10.5,4.84,2.98,2.87,4.12,
2026-08-02 07:00:00,1,20.78,20.78,26.5,18.4,8.7,4.11,3.17,4.8,
2026-08-02 08:00:00,1,27.63,27.63,27.5,25.6,13.54,5.25,3.54,5.3,
2026-08-02 09:00:00,1,31.99,31.99,24.6,34.9,16.44,6.27,3.77,5.51,
2026-08-02 10:00:00,1,34.13,34.13,26.7,32.6,17.41,6.5,3.84,6.37,
2026-08-02 11:00:00,1,37.14,37.14,27.2,40.7,19.34,7.03,3.99,6.77,
2026-08-02 12:00:00,1,37.18,37.18,27.0,44.9,20.31,6.84,4.07,5.96,
2026-08-02 13:00:00,1,40.46,40.46,24.9,40.2,21.28,8.05,4.14,6.99,
2026-08-02 14:00:00,1,37.39,37.39,25.0,42.8,20.31,7.06,4.07,5.95,
2026-08-02 15:00:00,1,36.79,36.79,25.6,41.4,19.34,6.75,3.99,6.7,
2026-08-02 16:00:00,1,33.9,33.9,25.5,32.9,17.41,6.19,3.84,6.45,
2026-08-02 17:00:00,1,29.9,29.9,25.9,32.0,14.51,5.71,3.62,6.06,
2026-08-02 18:00:00,1,25.26,25.26,24.7,25.7,11.61,4.77,3.39,5.49,
2026-08-02 19:00:00,1,21.9,21.9,25.6,18.5,9.67,3.84,3.24,5.15,
2026-08-02 20:00:00,1,18.98,18.98,24.9,14.4,7.74,3.58,3.1,4.56,
2026-08-02 21:00:00,1,16.83,16.83,27.2,12.5,6.29,3.11,2.98,4.45,
2026-08-02 22:00:00,1,15.1,15.1,26.8,10.7,5.32,3.03,2.91,3.85,
2026-08-02 23:00:00,1,14.64,14.64,26.4,8.5,4.84,2.68,2.87,4.25,
2026-08-03 00:00:00,1,13.28,13.28,25.0,8.3,3.87,2.52,2.8,4.09,
2026-08-03 01:00:00,1,12.33,12.33,24.8,7.0,3.39,2.45,2.76,3.74,
2026-08-03 02:00:00,1,11.17,11.17,27.4,5.7,2.9,2.04,2.72,3.51,
2026-08-03 03:00:00,1,11.77,11.77,25.6,5.1,2.9,2.17,2.72,3.98,
2026-08-03 04:00:00,1,11.47,11.47,25.1,6.1,2.9,2.3,2.72,3.55,
2026-08-03 05:00:00,1,14.25,14.25,26.6,9.4,4.84,2.6,2.87,3.95,
2026-08-03 06:00:00,1,29.45,29.45,29.3,26.8,14.51,5.98,3.62,5.34,
2026-08-03 07:00:00,1,49.91,49.91,29.7,59.9,28.05,9.73,4.67,7.46,
2026-08-03 08:00:00,1,65.08,65.08,32.8,85.7,37.72,11.97,5.42,9.98,
2026-08-03 09:00:00,1,74.18,74.18,32.3,78.9,42.56,14.99,5.79,10.84,
2026-08-03 10:00:00,1,74.95,74.95,33.4,83.5,44.49,14.97,5.94,9.55,
2026-08-03 11:00:00,1,76.02,76.02,35.1,94.8,45.94,13.77,6.05,10.26,
2026-08-03 12:00:00,1,78.61,78.61,35.3,82.5,46.43,16.0,6.09,10.1,
2026-08-03 13:00:00,1,78.32,78.32,35.1,81.0,45.46,16.05,6.02,10.8,
2026-08-03 14:00:00,1,73.95,73.95,35.3,76.9,43.52,14.57,5.87,9.99,
2026-08-03 15:00:00,1,66.95,66.95,34.0,80.9,39.66,12.85,5.57,8.88,
2026-08-03 16:00:00,1,60.13,60.13,34.3,72.5,34.82,11.05,5.19,9.06,
2026-08-03 17:00:00,1,51.09,51.09,33.2,55.0,29.02,10.04,4.74,7.29,
2026-08-03 18:00:00,1,42.42,42.42,32.6,42.1,23.21,8.5,4.29,6.41,
2026-08-03 19:00:00,1,35.89,35.89,29.2,35.1,19.34,6.6,3.99,5.95,
2026-08-03 20:00:00,1,30.67,30.67,25.3,31.4,15.48,5.54,3.69,5.95,
2026-08-03 21:00:00,1,24.58,24.58,25.4,20.6,11.61,4.77,3.39,4.81,
2026-08-03 22:00:00,1,18.05,18.05,27.3,14.0,7.25,3.16,3.06,4.57,
2026-08-03 23:00:00,1,14.37,14.37,27.2,10.6,4.84,2.9,2.87,3.76,
2026-08-04 00:00:00,1,12.88,12.88,24.8,7.8,3.87,2.64,2.8,3.58,
2026-08-04 01:00:00,1,12.42,12.42,25.3,6.4,3.39,2.62,2.76,3.66,
2026-08-04 02:00:00,1,11.11,11.11,25.9,5.2,2.9,2.1,2.72,3.39,
2026-08-04 03:00:00,1,11.7,11.7,25.4,6.3,2.9,2.16,2.72,3.91,
2026-08-04 04:00:00,1,11.66,11.66,24.8,6.2,2.9,2.04,2.72,4.0,
2026-08-04 05:00:00,1,14.42,14.42,26.5,8.9,4.84,2.73,2.87,3.99,
2026-08-04 06:00:00,1,29.21,29.21,29.4,32.1,14.51,5.16,3.62,5.92,
2026-08-04 07:00:00,1,50.5,50.5,29.4,55.1,28.05,10.43,4.67,7.36,
2026-08-04 08:00:00,1,65.75,65.75,31.3,82.9,37.72,13.1,5.42,9.51,
2026-08-04 09:00:00,1,71.77,71.77,33.6,77.3,42.56,14.3,5.79,9.12,
2026-08-04 10:00:00,1,75.01,75.01,35.0,81.9,44.49,14.08,5.94,10.5,
2026-08-04 11:00:00,1,76.08,76.08,35.3,96.9,45.94,13.8,6.05,10.28,
2026-08-04 12:00:00,1,79.28,79.28,34.4,82.3,46.43,15.43,6.09,11.33,
2026-08-04 13:00:00,1,76.95,76.95,36.4,83.0,45.46,15.83,6.02,9.65,
2026-08-04 14:00:00,1,72.54,72.54,34.6,77.5,43.52,13.37,5.87,9.78,
2026-08-04 15:00:00,1,68.52,68.52,35.0,83.6,39.66,13.61,5.57,9.69,
2026-08-04 16:00:00,1,60.41,60.41,33.9,78.8,34.82,11.9,5.19,8.5,
2026-08-04 17:00:00,1,50.91,50.91,32.8,61.5,29.02,9.03,4.74,8.12,
2026-08-04 18:00:00,1,42.72,42.72,30.8,44.9,23.21,8.43,4.29,6.79,
2026-08-04 19:00:00,1,36.81,36.81,31.4,39.6,19.34,7.7,3.99,5.77,
2026-08-04 20:00:00,1,31.6,31.6,26.4,28.5,15.48,6.31,3.69,6.12,
2026-08-04 21:00:00,1,24.61,24.61,27.1,20.8,11.61,4.77,3.39,4.85,
2026-08-04 22:00:00,1,18.18,18.18,27.4,12.9,7.25,3.32,3.06,4.55,
2026-08-04 23:00:00,1,14.78,14.78,25.7,9.1,4.84,2.79,2.87,4.28,
2026-08-05 00:00:00,1,12.76,12.76,25.8,8.5,3.87,2.5,2.8,3.59,
2026-08-05 01:00:00,1,12.08,12.08,26.0,7.1,3.39,2.2,2.76,3.74,
2026-08-05 02:00:00,1,11.5,11.5,26.2,5.1,2.9,2.06,2.72,3.81,
2026-08-05 03:00:00,1,11.39,11.39,26.4,5.6,2.9,2.25,2.72,3.52,
2026-08-05 04:00:00,1,11.21,11.21,26.5,6.5,2.9,2.19,2.72,3.4,
2026-08-05 05:00:00,1,14.69,14.69,25.2,9.6,4.84,2.84,2.87,4.14,
2026-08-05 06:00:00,1,29.12,29.12,28.9,30.4,14.51,5.86,3.62,5.14,
2026-08-05 07:00:00,1,50.18,50.18,31.1,52.5,28.05,9.24,4.67,8.22,
2026-08-05 08:00:00,1,65.16,65.16,33.0,72.0,37.72,12.41,5.42,9.61,
2026-08-05 09:00:00,1,71.55,71.55,31.4,78.4,42.56,12.77,5.79,10.44,
2026-08-05 10:00:00,1,74.73,74.73,34.4,80.7,44.49,14.64,5.94,9.66,
2026-08-05 11:00:00,1,77.74,77.74,35.7,90.1,45.94,14.62,6.05,11.13,
2026-08-05 12:00:00,1,78.66,78.66,35.5,84.2,46.43,14.63,6.09,11.52,
2026-08-05 13:00:00,1,77.23,77.23,36.0,93.7,45.46,15.4,6.02,10.36,
2026-08-05 14:00:00,1,72.56,72.56,35.3,98.0,43.52,13.01,5.87,10.15,
2026-08-05 15:00:00,1,69.45,69.45,34.5,70.7,39.66,14.04,5.57,10.19,
2026-08-05 16:00:00,1,60.71,60.71,33.6,70.3,34.82,12.48,5.19,8.21,
2026-08-05 17:00:00,1,50.54,50.54,33.0,62.0,29.02,9.1,4.74,7.69,
2026-08-05 18:00:00,1,42.44,42.44,31.9,51.4,23.21,8.15,4.29,6.78,
2026-08-05 19:00:00,1,36.77,36.77,31.8,43.2,19.34,7.39,3.99,6.05,
2026-08-05 20:00:00,1,30.31,30.31,27.4,35.0,15.48,5.84,3.69,5.3,
2026-08-05 21:00:00,1,24.92,24.92,25.7,24.6,11.61,5.01,3.39,4.91,
2026-08-05 22:00:00,1,18.78,18.78,26.6,16.0,7.25,3.66,3.06,4.81,
2026-08-05 23:00:00,1,14.46,14.46,26.4,9.0,4.84,2.88,2.87,3.87,
2026-08-06 00:00:00,1,13.44,13.44,25.5,8.1,3.87,2.77,2.8,4.0,
2026-08-06 01:00:00,1,12.3,12.3,27.4,6.8,3.39,2.48,2.76,3.68,
2026-08-06 02:00:00,1,11.65,11.65,24.8,5.6,2.9,2.24,2.72,3.79,
2026-08-06 03:00:00,1,11.97,11.97,26.5,5.7,2.9,2.36,2.72,3.99,
2026-08-06 04:00:00,1,11.76,11.76,25.4,6.4,2.9,2.38,2.72,3.75,
2026-08-06 05:00:00,1,14.41,14.41,24.6,8.9,4.84,2.9,2.87,3.8,
2026-08-06 06:00:00,1,28.79,28.79,29.8,26.7,14.51,5.38,3.62,5.29,
2026-08-06 07:00:00,1,49.97,49.97,31.4,59.3,28.05,9.16,4.67,8.1,
2026-08-06 08:00:00,1,64.43,64.43,30.2,82.2,37.72,11.37,5.42,9.92,
2026-08-06 09:00:00,1,72.9,72.9,33.5,93.8,42.56,14.43,5.79,10.13,
2026-08-06 10:00:00,1,75.48,75.48,32.9,96.2,44.49,15.18,5.94,9.87,
2026-08-06 11:00:00,1,77.91,77.91,34.9,100.0,45.94,14.41,6.05,11.5,
2026-08-06 12:00:00,1,77.13,77.13,36.3,89.1,46.43,15.04,6.09,9.58,
2026-08-06 13:00:00,1,78.13,78.13,34.3,94.5,45.46,15.42,6.02,11.24,
2026-08-06 14:00:00,1,74.46,74.46,35.8,97.0,43.52,14.61,5.87,10.46,
2026-08-06 15:00:00,1,68.48,68.48,35.2,80.9,39.66,13.18,5.57,10.07,
2026-08-06 16:00:00,1,59.88,59.88,35.1,66.5,34.82,10.77,5.19,9.1,
2026-08-06 17:00:00,1,51.28,51.28,31.8,53.6,29.02,9.86,4.74,7.67,
2026-08-06 18:00:00,1,42.11,42.11,31.4,47.5,23.21,7.54,4.29,7.06,
2026-08-06 19:00:00,1,36.55,36.55,29.6,37.3,19.34,7.31,3.99,5.9,
2026-08-06 20:00:00,1,30.75,30.75,25.0,29.8,15.48,5.37,3.69,6.22,
2026-08-06 21:00:00,1,24.95,24.95,26.3,24.4,11.61,4.76,3.39,5.18,
2026-08-06 22:00:00,1,17.87,17.87,25.6,15.7,7.25,3.38,3.06,4.17,
2026-08-06 23:00:00,1,14.49,14.49,25.1,8.7,4.84,2.81,2.87,3.97,
2026-08-07 00:00:00,1,12.72,12.72,26.1,7.0,3.87,2.39,2.8,3.66,
2026-08-07 01:00:00,1,12.4,12.4,25.5,6.6,3.39,2.25,2.76,4.0,
2026-08-07 02:00:00,1,12.11,12.11,26.1,6.6,2.9,2.39,2.72,4.09,
2026-08-07 03:00:00,1,11.88,11.88,24.5,6.1,2.9,2.22,2.72,4.04,
2026-08-07 04:00:00,1,11.95,11.95,26.3,6.0,2.9,2.45,2.72,3.87,
2026-08-07 05:00:00,1,14.71,14.71,25.5,10.8,4.84,3.06,2.87,3.95,
2026-08-07 06:00:00,1,30.13,30.13,29.1,27.6,14.51,6.08,3.62,5.93,
2026-08-07 07:00:00,1,49.17,49.17,30.0,60.9,28.05,9.44,4.67,7.01,
2026-08-07 08:00:00,1,65.59,65.59,32.8,70.1,37.72,12.39,5.42,10.07,
2026-08-07 09:00:00,1,71.23,71.23,31.7,95.8,42.56,13.86,5.79,9.02,
2026-08-07 10:00:00,1,76.6,76.6,32.4,93.6,44.49,15.1,5.94,11.06,
2026-08-07 11:00:00,1,77.81,77.81,34.2,83.2,45.94,14.85,6.05,10.97,
2026-08-07 12:00:00,1,79.38,79.38,36.3,100.0,46.43,15.32,6.09,11.55,
2026-08-07 13:00:00,1,76.07,76.07,35.7,83.5,45.46,14.48,6.02,10.11,
2026-08-07 14:00:00,1,74.53,74.53,33.6,77.7,43.52,14.87,5.87,10.27,
2026-08-07 15:00:00,1,66.84,66.84,34.6,74.4,39.66,12.29,5.57,9.33,
2026-08-07 16:00:00,1,59.5,59.5,34.1,69.0,34.82,10.4,5.19,9.08,
2026-08-07 17:00:00,1,52.08,52.08,32.8,60.6,29.02,10.06,4.74,8.26,
2026-08-07 18:00:00,1,42.49,42.49,31.9,49.2,23.21,7.45,4.29,7.54,
2026-08-07 19:00:00,1,35.89,35.89,29.2,41.9,19.34,6.74,3.99,5.81,
2026-08-07 20:00:00,1,30.85,30.85,26.8,30.7,15.48,5.77,3.69,5.91,
2026-08-07 21:00:00,1,24.43,24.43,25.9,23.6,11.61,4.43,3.39,5.0,
2026-08-07 22:00:00,1,18.25,18.25,26.9,14.8,7.25,3.83,3.06,4.11,
2026-08-07 23:00:00,1,14.91,14.91,26.5,10.8,4.84,2.97,2.87,4.23,
2026-08-08 00:00:00,1,14.63,14.63,25.6,10.9,4.84,2.84,2.87,4.08,
2026-08-08 01:00:00,1,13.16,13.16,24.9,6.8,3.87,2.58,2.8,3.92,
2026-08-08 02:00:00,1,12.77,12.77,27.3,6.5,3.39,2.51,2.76,4.12,
2026-08-08 03:00:00,1,11.68,11.68,25.5,5.7,2.9,2.31,2.72,3.74,
2026-08-08 04:00:00,1,11.53,11.53,25.0,5.4,2.9,2.4,2.72,3.51,
2026-08-08 05:00:00,1,12.78,12.78,25.0,7.3,3.39,2.55,2.76,4.08,
2026-08-08 06:00:00,1,14.57,14.57,27.3,11.0,4.84,2.79,2.87,4.08,
2026-08-08 07:00:00,1,20.35,20.35,25.4,15.6,8.7,3.62,3.17,4.86,
2026-08-08 08:00:00,1,27.61,27.61,26.0,26.1,13.54,4.94,3.54,5.58,
2026-08-08 09:00:00,1,32.54,32.54,24.8,34.2,16.44,6.67,3.77,5.66,
2026-08-08 10:00:00,1,33.59,33.59,25.9,36.1,17.41,6.21,3.84,6.13,
2026-08-08 11:00:00,1,36.34,36.34,26.2,37.6,19.34,6.76,3.99,6.24,
2026-08-08 12:00:00,1,38.07,38.07,24.5,38.3,20.31,6.89,4.07,6.8,
2026-08-08 13:00:00,1,39.4,39.4,25.8,46.6,21.28,7.03,4.14,6.95,
2026-08-08 14:00:00,1,37.71,37.71,27.1,40.6,20.31,7.09,4.07,6.23,
2026-08-08 15:00:00,1,37.27,37.27,26.2,35.8,19.34,7.17,3.99,6.77,
2026-08-08 16:00:00,1,33.5,33.5,27.1,31.9,17.41,6.51,3.84,5.74,
2026-08-08 17:00:00,1,28.3,28.3,27.2,26.1,14.51,5.14,3.62,5.03,
2026-08-08 18:00:00,1,24.87,24.87,26.0,20.6,11.61,4.85,3.39,5.01,
2026-08-08 19:00:00,1,22.02,22.02,26.3,21.5,9.67,4.26,3.24,4.85,
2026-08-08 20:00:00,1,19.06,19.06,27.5,15.5,7.74,3.85,3.1,4.38,
2026-08-08 21:00:00,1,16.74,16.74,25.2,13.6,6.29,3.38,2.98,4.09,
2026-08-08 22:00:00,1,15.23,15.23,25.9,10.8,5.32,2.89,2.91,4.12,
2026-08-08 23:00:00,1,14.82,14.82,26.5,10.6,4.84,2.98,2.87,4.13,
2026-08-09 00:00:00,1,14.27,14.27,25.0,9.8,4.84,2.78,2.87,3.78,
2026-08-09 01:00:00,1,13.5,13.5,27.3,8.1,3.87,2.76,2.8,4.07,
2026-08-09 02:00:00,1,12.2,12.2,26.0,6.6,3.39,2.25,2.76,3.8,
2026-08-09 03:00:00,1,11.18,11.18,24.7,5.7,2.9,2.04,2.72,3.52,
2026-08-09 04:00:00,1,11.56,11.56,27.2,5.6,2.9,2.23,2.72,3.7,
2026-08-09 05:00:00,1,12.41,12.41,24.6,7.7,3.39,2.3,2.76,3.97,
2026-08-09 06:00:00,1,14.55,14.55,26.1,10.6,4.84,3.0,2.87,3.85,
2026-08-09 07:00:00,1,20.45,20.45,26.1,16.1,8.7,4.05,3.17,4.53,
2026-08-09 08:00:00,1,27.72,27.72,26.5,29.6,13.54,5.35,3.54,5.28,
2026-08-09 09:00:00,1,32.51,32.51,27.2,33.3,16.44,6.0,3.77,6.31,
2026-08-09 10:00:00,1,33.88,33.88,26.0,34.9,17.41,6.59,3.84,6.03,
2026-08-09 11:00:00,1,36.28,36.28,24.9,35.7,19.34,6.43,3.99,6.52,
2026-08-09 12:00:00,1,38.25,38.25,25.1,37.7,20.31,7.1,4.07,6.77,
2026-08-09 13:00:00,1,40.41,40.41,24.9,39.9,21.28,8.05,4.14,6.93,
2026-08-09 14:00:00,1,37.31,37.31,25.9,40.7,20.31,6.88,4.07,6.05,
2026-08-09 15:00:00,1,36.14,36.14,27.0,34.2,19.34,6.38,3.99,6.43,
2026-08-09 16:00:00,1,33.23,33.23,25.0,36.3,17.41,5.86,3.84,6.11,
2026-08-09 17:00:00,1,29.46,29.46,24.7,27.4,14.51,5.26,3.62,6.08,
2026-08-09 18:00:00,1,24.65,24.65,26.3,23.8,11.61,4.31,3.39,5.33,
2026-08-09 19:00:00,1,21.54,21.54,26.5,18.4,9.67,3.86,3.24,4.76,
2026-08-09 20:00:00,1,19.04,19.04,27.5,17.1,7.74,3.41,3.1,4.8,
2026-08-09 21:00:00,1,16.7,16.7,26.3,13.6,6.29,3.44,2.98,4.0,
2026-08-09 22:00:00,1,15.3,15.3,26.5,10.1,5.32,3.08,2.91,3.99,
2026-08-09 23:00:00,1,14.31,14.31,25.9,10.0,4.84,2.66,2.87,3.95,
2026-08-10 00:00:00,1,13.26,13.26,24.8,7.2,3.87,2.71,2.8,3.89,
2026-08-10 01:00:00,1,12.13,12.13,25.8,6.2,3.39,2.19,2.76,3.79,
2026-08-10 02:00:00,1,11.73,11.73,26.3,5.2,2.9,2.37,2.72,3.74,
2026-08-10 03:00:00,1,11.51,11.51,24.9,5.8,2.9,2.08,2.72,3.81,
2026-08-10 04:00:00,1,11.84,11.84,27.0,6.4,2.9,2.37,2.72,3.85,
2026-08-10 05:00:00,1,14.32,14.32,26.1,9.4,4.84,2.55,2.87,4.06,
2026-08-10 06:00:00,1,29.51,29.51,28.2,31.5,14.51,5.94,3.62,5.44,
2026-08-10 07:00:00,1,50.78,50.78,30.6,60.1,28.05,10.05,4.67,8.01,
2026-08-10 08:00:00,1,64.18,64.18,30.4,68.9,37.72,12.3,5.42,8.74,
2026-08-10 09:00:00,1,72.96,72.96,33.8,81.0,42.56,14.8,5.79,9.82,
2026-08-10 10:00:00,1,76.05,76.05,32.8,94.5,44.49,15.15,5.94,10.47,
2026-08-10 11:00:00,1,78.13,78.13,33.3,80.9,45.94,15.2,6.05,10.93,
2026-08-10 12:00:00,1,77.31,77.31,34.3,90.3,46.43,13.85,6.09,10.94,
2026-08-10 13:00:00,1,76.03,76.03,34.3,100.0,45.46,14.38,6.02,10.18,
2026-08-10 14:00:00,1,74.12,74.12,34.2,91.8,43.52,14.76,5.87,9.98,
2026-08-10 15:00:00,1,67.45,67.45,35.3,79.6,39.66,12.58,5.57,9.65,
2026-08-10 16:00:00,1,60.31,60.31,33.0,66.7,34.82,11.15,5.19,9.14,
2026-08-10 17:00:00,1,52.15,52.15,33.4,63.8,29.02,10.14,4.74,8.25,
2026-08-10 18:00:00,1,41.65,41.65,31.4,49.2,23.21,7.59,4.29,6.55,
2026-08-10 19:00:00,1,37.01,37.01,30.0,37.4,19.34,7.09,3.99,6.58,
2026-08-10 20:00:00,1,30.77,30.77,26.6,28.5,15.48,6.44,3.69,5.16,
2026-08-10 21:00:00,1,25.23,25.23,24.8,21.3,11.61,5.18,3.39,5.04,
2026-08-10 22:00:00,1,257.54,17.54,24.7,13.6,247.25,3.22,3.06,4.01,Abnormal equipment runtime outside schedule
2026-08-10 23:00:00,1,158.64,14.64,25.7,11.0,148.84,2.87,2.87,4.06,Abnormal equipment runtime outside schedule
2026-08-11 00:00:00,1,13.55,13.55,26.6,8.0,3.87,2.75,2.8,4.14,
2026-08-11 01:00:00,1,12.32,12.32,26.4,6.7,3.39,2.24,2.76,3.93,
2026-08-11 02:00:00,1,11.47,11.47,26.9,5.5,2.9,2.04,2.72,3.81,
2026-08-11 03:00:00,1,11.11,11.11,26.0,5.4,2.9,2.1,2.72,3.39,
2026-08-11 04:00:00,1,11.82,11.82,25.2,5.1,2.9,2.09,2.72,4.11,
2026-08-11 05:00:00,1,14.57,14.57,26.8,9.4,4.84,2.75,2.87,4.11,
2026-08-11 06:00:00,1,28.37,28.37,29.1,31.0,14.51,5.13,3.62,5.11,
2026-08-11 07:00:00,1,50.53,50.53,29.7,61.3,28.05,10.34,4.67,7.48,
2026-08-11 08:00:00,1,64.43,64.43,33.0,71.7,37.72,12.62,5.42,8.67,
2026-08-11 09:00:00,1,71.27,71.27,34.0,87.4,42.56,13.1,5.79,9.82,
2026-08-11 10:00:00,1,75.39,75.39,32.5,79.9,44.49,13.73,5.94,11.23,
2026-08-11 11:00:00,1,79.04,79.04,35.3,100.0,45.94,15.85,6.05,11.2,
2026-08-11 12:00:00,1,79.53,79.53,35.1,98.3,46.43,16.27,6.09,10.75,
2026-08-11 13:00:00,1,77.8,77.8,35.8,97.7,45.46,15.95,6.02,10.38,
2026-08-11 14:00:00,1,71.48,71.48,34.7,89.7,43.52,12.71,5.87,9.38,
2026-08-11 15:00:00,1,69.3,69.3,33.1,82.7,39.66,14.19,5.57,9.88,
2026-08-11 16:00:00,1,61.38,61.38,32.9,66.9,34.82,12.56,5.19,8.81,
2026-08-11 17:00:00,1,50.31,50.31,31.3,63.5,29.02,9.33,4.74,7.22,
2026-08-11 18:00:00,1,42.5,42.5,32.1,50.7,23.21,7.45,4.29,7.54,
2026-08-11 19:00:00,1,36.95,36.95,30.3,37.5,19.34,7.57,3.99,6.04,
2026-08-11 20:00:00,1,31.27,31.27,27.3,32.7,15.48,6.38,3.69,5.72,
2026-08-11 21:00:00,1,24.94,24.94,25.1,24.8,11.61,5.13,3.39,4.81,
2026-08-11 22:00:00,1,18.02,18.02,25.1,13.7,7.25,3.59,3.06,4.12,
2026-08-11 23:00:00,1,14.79,14.79,24.8,10.8,4.84,2.91,2.87,4.17,
2026-08-12 00:00:00,1,12.74,12.74,26.3,8.3,3.87,2.55,2.8,3.53,
2026-08-12 01:00:00,1,12.71,12.71,25.9,7.0,3.39,2.38,2.76,4.18,
2026-08-12 02:00:00,1,11.96,11.96,27.2,6.4,2.9,2.24,2.72,4.1,
2026-08-12 03:00:00,1,11.54,11.54,27.2,5.5,2.9,2.12,2.72,3.79,
2026-08-12 04:00:00,1,11.62,11.62,24.7,6.3,2.9,2.24,2.72,3.77,
2026-08-12 05:00:00,1,14.4,14.4,26.0,9.5,4.84,2.91,2.87,3.78,
2026-08-12 06:00:00,1,29.48,29.48,30.4,30.7,14.51,5.57,3.62,5.78,
2026-08-12 07:00:00,1,49.86,49.86,28.9,52.4,28.05,9.7,4.67,7.44,
2026-08-12 08:00:00,1,64.36,64.36,31.9,71.4,37.72,12.48,5.42,8.75,
2026-08-12 09:00:00,1,71.74,71.74,32.7,88.3,42.56,13.39,5.79,10.0,
2026-08-12 10:00:00,1,75.43,75.43,32.8,94.3,44.49,13.96,5.94,11.04,
2026-08-12 11:00:00,1,76.35,76.35,33.7,85.0,45.94,13.65,6.05,10.7,
2026-08-12 12:00:00,1,76.77,76.77,34.0,84.0,46.43,14.2,6.09,10.05,
2026-08-12 13:00:00,1,76.46,76.46,34.8,88.9,45.46,13.57,6.02,11.42,
2026-08-12 14:00:00,1,72.68,72.68,33.8,94.6,43.52,13.13,5.87,10.15,
2026-08-12 15:00:00,1,68.15,68.15,35.9,87.1,39.66,12.96,5.57,9.97,
2026-08-12 16:00:00,1,60.57,60.57,34.5,66.6,34.82,11.66,5.19,8.9,
2026-08-12 17:00:00,1,51.08,51.08,32.4,61.4,29.02,8.96,4.74,8.36,
2026-08-12 18:00:00,1,42.28,42.28,31.5,48.4,23.21,8.06,4.29,6.72,
2026-08-12 19:00:00,1,36.99,36.99,29.9,39.6,19.34,7.63,3.99,6.03,
2026-08-12 20:00:00,1,31.75,31.75,24.6,28.2,15.48,6.33,3.69,6.25,
2026-08-12 21:00:00,1,24.69,24.69,25.1,23.9,11.61,4.92,3.39,4.78,
2026-08-12 22:00:00,1,18.35,18.35,26.8,14.1,7.25,3.63,3.06,4.41,
2026-08-12 23:00:00,1,14.32,14.32,26.7,10.7,4.84,2.74,2.87,3.87,
2026-08-13 00:00:00,1,13.15,13.15,26.4,7.1,3.87,2.36,2.8,4.13,
2026-08-13 01:00:00,1,12.64,12.64,25.5,7.1,3.39,2.42,2.76,4.08,
2026-08-13 02:00:00,1,11.34,11.34,24.7,5.3,2.9,2.12,2.72,3.6,
2026-08-13 03:00:00,1,11.5,11.5,25.4,5.5,2.9,2.31,2.72,3.56,
2026-08-13 04:00:00,1,11.61,11.61,25.8,6.4,2.9,2.18,2.72,3.8,
2026-08-13 05:00:00,1,13.99,13.99,27.4,9.5,4.84,2.63,2.87,3.66,
2026-08-13 06:00:00,1,30.03,30.03,29.7,30.5,14.51,6.11,3.62,5.79,
2026-08-13 07:00:00,1,48.54,48.54,29.1,51.7,28.05,8.79,4.67,7.04,
2026-08-13 08:00:00,1,63.37,63.37,32.7,77.0,37.72,11.18,5.42,9.05,
2026-08-13 09:00:00,1,70.77,70.77,33.5,76.6,42.56,13.11,5.79,9.31,
2026-08-13 10:00:00,1,73.99,73.99,34.2,98.6,44.49,13.77,5.94,9.79,
2026-08-13 11:00:00,1,76.9,76.9,33.8,95.6,45.94,13.65,6.05,11.25,
2026-08-13 12:00:00,1,78.71,78.71,33.4,97.5,46.43,15.96,6.09,10.24,
2026-08-13 13:00:00,1,76.18,76.18,34.9,100.0,45.46,14.72,6.02,9.99,
2026-08-13 14:00:00,1,73.48,73.48,34.7,98.3,43.52,14.59,5.87,9.5,
2026-08-13 15:00:00,1,68.16,68.16,34.7,82.6,39.66,13.27,5.57,9.67,
2026-08-13 16:00:00,1,59.6,59.6,33.8,72.7,34.82,11.07,5.19,8.51,
2026-08-13 17:00:00,1,51.12,51.12,32.9,63.1,29.02,9.71,4.74,7.65,
2026-08-13 18:00:00,1,42.22,42.22,30.9,44.4,23.21,7.33,4.29,7.38,
2026-08-13 19:00:00,1,36.03,36.03,31.4,37.4,19.34,6.98,3.99,5.71,
2026-08-13 20:00:00,1,30.2,30.2,27.3,34.8,15.48,5.87,3.69,5.16,
2026-08-13 21:00:00,1,24.12,24.12,25.8,22.2,11.61,4.52,3.39,4.61,
2026-08-13 22:00:00,1,18.19,18.19,25.6,14.3,7.25,3.55,3.06,4.33,
2026-08-13 23:00:00,1,14.39,14.39,25.0,10.3,4.84,2.75,2.87,3.94,
2026-08-14 00:00:00,1,13.15,13.15,25.3,7.6,3.87,2.4,2.8,4.09,
2026-08-14 01:00:00,1,12.27,12.27,27.2,7.4,3.39,2.47,2.76,3.65,
2026-08-14 02:00:00,1,11.83,11.83,26.7,6.3,2.9,2.21,2.72,4.0,
2026-08-14 03:00:00,1,11.75,11.75,25.0,5.5,2.9,2.31,2.72,3.82,
2026-08-14 04:00:00,1,11.1,11.1,25.3,6.0,2.9,2.11,2.72,3.38,
2026-08-14 05:00:00,1,14.06,14.06,24.6,9.8,4.84,2.63,2.87,3.72,
2026-08-14 06:00:00,1,29.27,29.27,28.3,30.9,14.51,5.87,3.62,5.27,
2026-08-14 07:00:00,1,49.38,49.38,29.3,56.5,28.05,9.25,4.67,7.42,
2026-08-14 08:00:00,1,65.18,65.18,32.5,85.8,37.72,12.27,5.42,9.78,
2026-08-14 09:00:00,1,72.46,72.46,32.2,93.4,42.56,15.0,5.79,9.11,
2026-08-14 10:00:00,1,74.34,74.34,34.5,79.8,44.49,14.24,5.94,9.67,
2026-08-14 11:00:00,1,77.45,77.45,35.4,100.0,45.94,15.71,6.05,9.74,
2026-08-14 12:00:00,1,78.7,78.7,35.7,87.6,46.43,15.69,6.09,10.49,
2026-08-14 13:00:00,1,76.99,76.99,35.7,80.7,45.46,14.49,6.02,11.03,
2026-08-14 14:00:00,1,73.88,73.88,34.9,98.6,43.52,13.96,5.87,10.52,
2026-08-14 15:00:00,1,67.14,67.14,33.8,76.3,39.66,13.25,5.57,8.67,
2026-08-14 16:00:00,1,59.98,59.98,35.0,70.6,34.82,10.94,5.19,9.02,
2026-08-14 17:00:00,1,51.72,51.72,31.8,64.3,29.02,10.54,4.74,7.42,
2026-08-14 18:00:00,1,41.85,41.85,30.4,48.4,23.21,7.86,4.29,6.48,
2026-08-14 19:00:00,1,36.48,36.48,29.7,35.2,19.34,7.43,3.99,5.71,
2026-08-14 20:00:00,1,30.87,30.87,24.6,33.5,15.48,5.87,3.69,5.83,
2026-08-14 21:00:00,1,24.14,24.14,25.6,20.9,11.61,4.45,3.39,4.69,
2026-08-14 22:00:00,1,18.7,18.7,26.4,16.2,7.25,3.86,3.06,4.53,
2026-08-14 23:00:00,1,14.9,14.9,24.7,10.1,4.84,2.92,2.87,4.28,
2026-08-15 00:00:00,1,15.06,15.06,24.9,9.1,4.84,3.08,2.87,4.27,
2026-08-15 01:00:00,1,12.81,12.81,26.8,8.4,3.87,2.5,2.8,3.65,
2026-08-15 02:00:00,1,12.47,12.47,26.6,6.6,3.39,2.21,2.76,4.11,
2026-08-15 03:00:00,1,11.66,11.66,26.0,5.8,2.9,2.15,2.72,3.88,
2026-08-15 04:00:00,1,11.71,11.71,25.1,5.4,2.9,2.18,2.72,3.91,
2026-08-15 05:00:00,1,12.58,12.58,25.3,7.4,3.39,2.58,2.76,3.85,
2026-08-15 06:00:00,1,14.25,14.25,24.7,8.9,4.84,2.69,2.87,3.85,
2026-08-15 07:00:00,1,20.45,20.45,25.6,15.3,8.7,4.04,3.17,4.54,
2026-08-15 08:00:00,1,28.52,28.52,25.1,23.9,13.54,5.72,3.54,5.72,
2026-08-15 09:00:00,1,32.51,32.51,25.2,35.0,16.44,6.37,3.77,5.92,
2026-08-15 10:00:00,1,33.8,33.8,25.7,35.3,17.41,6.46,3.84,6.09,
2026-08-15 11:00:00,1,36.4,36.4,26.3,37.2,19.34,7.22,3.99,5.84,
2026-08-15 12:00:00,1,38.18,38.18,26.1,36.4,20.31,7.79,4.07,6.01,
2026-08-15 13:00:00,1,39.09,39.09,27.1,39.6,21.28,7.56,4.14,6.11,
2026-08-15 14:00:00,1,38.43,38.43,26.2,44.5,20.31,7.53,4.07,6.52,
2026-08-15 15:00:00,1,36.64,36.64,26.6,36.6,19.34,6.83,3.99,6.47,
2026-08-15 16:00:00,1,33.35,33.35,24.7,39.0,17.41,6.08,3.84,6.02,
2026-08-15 17:00:00,1,29.16,29.16,27.2,26.1,14.51,5.95,3.62,5.08,
2026-08-15 18:00:00,1,24.67,24.67,26.2,26.0,11.61,4.69,3.39,4.98,
2026-08-15 19:00:00,1,21.29,21.29,26.6,21.1,9.67,4.01,3.24,4.36,
2026-08-15 20:00:00,1,19.72,19.72,24.7,14.8,7.74,3.97,3.1,4.91,
2026-08-15 21:00:00,1,16.52,16.52,24.8,13.4,6.29,3.25,2.98,4.0,
2026-08-15 22:00:00,1,15.1,15.1,26.1,10.0,5.32,3.02,2.91,3.85,
2026-08-15 23:00:00,1,14.45,14.45,26.7,9.5,4.84,2.59,2.87,4.15,
2026-08-16 00:00:00,1,14.96,14.96,25.6,9.6,4.84,2.9,2.87,4.35,
2026-08-16 01:00:00,1,12.9,12.9,25.0,7.2,3.87,2.48,2.8,3.76,
2026-08-16 02:00:00,1,12.2,12.2,25.0,7.7,3.39,2.36,2.76,3.7,
2026-08-16 03:00:00,1,11.43,11.43,25.4,6.6,2.9,2.17,2.72,3.64,
2026-08-16 04:00:00,1,11.79,11.79,26.8,5.7,2.9,2.35,2.72,3.82,
2026-08-16 05:00:00,1,12.79,12.79,26.2,6.3,3.39,2.51,2.76,4.14,
2026-08-16 06:00:00,1,14.44,14.44,25.3,10.9,4.84,2.78,2.87,3.96,
2026-08-16 07:00:00,1,20.55,20.55,26.7,19.7,8.7,4.01,3.17,4.67,
2026-08-16 08:00:00,1,27.32,27.32,27.5,25.9,13.54,5.12,3.54,5.12,
2026-08-16 09:00:00,1,32.88,32.88,27.1,29.1,16.44,6.58,3.77,6.1,
2026-08-16 10:00:00,1,34.33,34.33,25.3,35.6,17.41,6.53,3.84,6.54,
2026-08-16 11:00:00,1,36.03,36.03,25.0,34.4,19.34,6.82,3.99,5.88,
2026-08-16 12:00:00,1,38.18,38.18,25.6,41.8,20.31,6.91,4.07,6.89,
2026-08-16 13:00:00,1,40.59,40.59,24.8,41.8,21.28,8.22,4.14,6.95,
2026-08-16 14:00:00,1,38.11,38.11,26.7,44.0,20.31,6.82,4.07,6.91,
2026-08-16 15:00:00,1,37.38,37.38,26.6,39.8,19.34,7.59,3.99,6.45,
2026-08-16 16:00:00,1,33.33,33.33,25.4,37.2,17.41,6.56,3.84,5.52,
2026-08-16 17:00:00,1,29.49,29.49,24.7,31.3,14.51,5.45,3.62,5.92,
2026-08-16 18:00:00,1,24.96,24.96,25.7,25.6,11.61,5.13,3.39,4.83,
2026-08-16 19:00:00,1,21.79,21.79,26.5,20.0,9.67,3.8,3.24,5.07,
2026-08-16 20:00:00,1,18.68,18.68,25.6,14.8,7.74,3.32,3.1,4.53,
2026-08-16 21:00:00,1,16.2,16.2,24.9,12.7,6.29,3.05,2.98,3.89,
2026-08-16 22:00:00,1,15.34,15.34,26.7,10.4,5.32,2.92,2.91,4.2,
2026-08-16 23:00:00,1,14.35,14.35,26.0,9.1,4.84,2.69,2.87,3.96,
2026-08-17 00:00:00,1,12.76,12.76,24.9,7.0,3.87,2.56,2.8,3.54,
2026-08-17 01:00:00,1,12.55,12.55,25.7,6.1,3.39,2.39,2.76,4.02,
2026-08-17 02:00:00,1,11.62,11.62,24.9,5.3,2.9,2.27,2.72,3.73,
2026-08-17 03:00:00,1,11.83,11.83,26.5,5.4,2.9,2.3,2.72,3.91,
2026-08-17 04:00:00,1,11.6,11.6,25.2,5.2,2.9,2.37,2.72,3.6,
2026-08-17 05:00:00,1,14.59,14.59,27.3,8.7,4.84,2.9,2.87,3.98,
2026-08-17 06:00:00,1,28.89,28.89,28.5,27.9,14.51,5.72,3.62,5.04,
2026-08-17 07:00:00,1,50.95,50.95,29.7,63.6,28.05,9.77,4.67,8.47,
2026-08-17 08:00:00,1,64.19,64.19,31.4,69.1,37.72,11.23,5.42,9.83,
2026-08-17 09:00:00,1,73.52,73.52,31.8,83.0,42.56,14.47,5.79,10.71,
2026-08-17 10:00:00,1,77.23,77.23,32.5,79.5,44.49,15.61,5.94,11.19,
2026-08-17 11:00:00,1,76.25,76.25,35.5,100.0,45.94,13.31,6.05,10.95,
2026-08-17 12:00:00,1,75.97,75.97,33.7,92.4,46.43,13.46,6.09,10.0,
2026-08-17 13:00:00,1,76.1,76.1,35.1,84.7,45.46,14.67,6.02,9.96,
2026-08-17 14:00:00,1,72.98,72.98,34.8,92.9,43.52,13.03,5.87,10.56,
2026-08-17 15:00:00,1,67.23,67.23,33.0,81.7,39.66,13.34,5.57,8.67,
2026-08-17 16:00:00,1,61.18,61.18,32.7,66.3,34.82,12.18,5.19,8.99,
2026-08-17 17:00:00,1,50.31,50.31,31.4,60.8,29.02,8.86,4.74,7.69,
2026-08-17 18:00:00,1,43.36,43.36,30.9,51.0,23.21,8.4,4.29,7.45,
2026-08-17 19:00:00,1,36.56,36.56,28.9,42.7,19.34,7.23,3.99,5.99,
2026-08-17 20:00:00,1,30.1,30.1,25.6,35.0,15.48,5.42,3.69,5.51,
2026-08-17 21:00:00,1,24.59,24.59,27.1,23.6,11.61,4.47,3.39,5.11,
2026-08-17 22:00:00,1,17.68,17.68,25.9,16.2,7.25,3.17,3.06,4.2,
2026-08-17 23:00:00,1,14.22,14.22,26.1,9.3,4.84,2.75,2.87,3.76,
2026-08-18 00:00:00,1,12.94,12.94,25.5,7.5,3.87,2.59,2.8,3.68,
2026-08-18 01:00:00,1,12.59,12.59,27.4,6.8,3.39,2.54,2.76,3.91,
2026-08-18 02:00:00,1,11.39,11.39,27.1,6.4,2.9,2.39,2.72,3.38,
2026-08-18 03:00:00,1,11.74,11.74,26.2,5.5,2.9,2.09,2.72,4.03,
2026-08-18 04:00:00,1,11.89,11.89,26.5,5.2,2.9,2.19,2.72,4.08,
2026-08-18 05:00:00,1,14.19,14.19,26.3,10.1,4.84,2.65,2.87,3.83,
2026-08-18 06:00:00,1,29.58,29.58,28.0,32.8,14.51,6.08,3.62,5.38,
2026-08-18 07:00:00,1,49.35,49.35,30.5,52.3,28.05,8.86,4.67,7.77,
2026-08-18 08:00:00,1,64.64,64.64,32.5,83.1,37.72,11.88,5.42,9.62,
2026-08-18 09:00:00,1,74.43,74.43,32.8,77.8,42.56,15.12,5.79,10.95,
2026-08-18 10:00:00,1,75.88,75.88,32.6,99.7,44.49,15.52,5.94,9.93,
2026-08-18 11:00:00,1,75.77,75.77,34.6,100.0,45.94,13.62,6.05,10.15,
2026-08-18 12:00:00,1,79.61,79.61,36.0,99.0,46.43,15.67,6.09,11.42,
2026-08-18 13:00:00,1,77.28,77.28,34.7,89.6,45.46,14.44,6.02,11.37,
2026-08-18 14:00:00,1,73.52,73.52,36.0,97.5,43.52,13.4,5.87,10.72,
2026-08-18 15:00:00,1,68.57,68.57,33.2,73.5,39.66,13.59,5.57,9.76,
2026-08-18 16:00:00,1,59.21,59.21,33.0,71.4,34.82,10.89,5.19,8.31,
2026-08-18 17:00:00,1,51.78,51.78,33.3,56.4,29.02,10.2,4.74,7.83,
2026-08-18 18:00:00,1,42.76,42.76,31.6,48.1,23.21,8.49,4.29,6.77,
2026-08-18 19:00:00,1,35.79,35.79,31.4,38.9,19.34,6.51,3.99,5.95,
2026-08-18 20:00:00,1,29.95,29.95,24.6,33.3,15.48,5.32,3.69,5.46,
2026-08-18 21:00:00,1,25.61,25.61,25.7,24.9,11.61,5.24,3.39,5.37,
2026-08-18 22:00:00,1,18.91,18.91,24.7,16.2,7.25,3.85,3.06,4.75,
2026-08-18 23:00:00,1,14.33,14.33,26.0,9.3,4.84,2.78,2.87,3.84,
2026-08-19 00:00:00,1,13.1,13.1,25.7,6.9,3.87,2.65,2.8,3.79,
2026-08-19 01:00:00,1,12.53,12.53,25.4,7.0,3.39,2.5,2.76,3.88,
2026-08-19 02:00:00,1,11.75,11.75,26.1,6.4,2.9,2.38,2.72,3.75,
2026-08-19 03:00:00,1,11.77,11.77,25.9,6.3,2.9,2.04,2.72,4.1,
2026-08-19 04:00:00,1,11.75,11.75,26.1,5.7,2.9,2.35,2.72,3.78,
2026-08-19 05:00:00,1,14.13,14.13,26.0,10.1,4.84,2.55,2.87,3.87,
2026-08-19 06:00:00,1,29.64,29.64,28.7,27.8,14.51,5.98,3.62,5.53,
2026-08-19 07:00:00,1,49.15,49.15,30.1,58.2,28.05,8.7,4.67,7.74,
2026-08-19 08:00:00,1,65.02,65.02,30.5,82.5,37.72,12.24,5.42,9.65,
2026-08-19 09:00:00,1,73.71,73.71,31.6,91.9,42.56,14.96,5.79,10.4,
2026-08-19 10:00:00,1,74.26,74.26,32.6,87.7,44.49,14.18,5.94,9.65,
2026-08-19 11:00:00,1,76.3,76.3,34.7,97.7,45.94,13.86,6.05,10.44,
2026-08-19 12:00:00,1,79.85,79.85,34.1,98.2,46.43,16.09,6.09,11.24,
2026-08-19 13:00:00,1,75.3,75.3,35.7,82.8,45.46,13.47,6.02,10.36,
2026-08-19 14:00:00,1,73.85,73.85,34.4,88.3,43.52,13.71,5.87,10.75,
2026-08-19 15:00:00,1,67.14,67.14,34.4,89.2,39.66,12.6,5.57,9.32,
2026-08-19 16:00:00,1,60.73,60.73,34.5,77.6,34.82,11.66,5.19,9.06,
2026-08-19 17:00:00,1,51.15,51.15,31.7,64.0,29.02,9.2,4.74,8.2,
2026-08-19 18:00:00,1,42.96,42.96,31.4,44.5,23.21,8.58,4.29,6.87,
2026-08-19 19:00:00,1,35.8,35.8,30.7,35.2,19.34,6.5,3.99,5.96,
2026-08-19 20:00:00,1,31.15,31.15,26.4,29.2,15.48,5.85,3.69,6.13,
2026-08-19 21:00:00,1,24.98,24.98,26.1,20.4,11.61,5.14,3.39,4.84,
2026-08-19 22:00:00,1,17.81,17.81,26.3,14.5,7.25,3.45,3.06,4.05,
2026-08-19 23:00:00,1,14.68,14.68,26.3,9.1,4.84,2.83,2.87,4.14,
2026-08-20 00:00:00,1,12.58,12.58,26.2,8.5,3.87,2.3,2.8,3.61,
2026-08-20 01:00:00,1,12.64,12.64,26.5,6.0,3.39,2.56,2.76,3.94,
2026-08-20 02:00:00,1,11.46,11.46,27.0,5.5,2.9,2.44,2.72,3.4,
2026-08-20 03:00:00,1,11.76,11.76,25.8,5.4,2.9,2.32,2.72,3.82,
2026-08-20 04:00:00,1,11.49,11.49,26.6,6.0,2.9,2.38,2.72,3.49,
2026-08-20 05:00:00,1,14.47,14.47,25.9,9.9,4.84,3.05,2.87,3.71,
2026-08-20 06:00:00,1,28.69,28.69,28.4,28.3,14.51,5.48,3.62,5.09,
2026-08-20 07:00:00,1,49.01,49.01,30.1,57.3,28.05,9.15,4.67,7.15,
2026-08-20 08:00:00,1,64.84,64.84,32.2,71.7,37.72,12.42,5.42,9.28,
2026-08-20 09:00:00,1,71.49,71.49,33.3,88.3,42.56,12.68,5.79,10.46,
2026-08-20 10:00:00,1,75.4,75.4,34.1,100.0,44.49,14.27,5.94,10.7,
2026-08-20 11:00:00,1,76.88,76.88,35.7,100.0,45.94,14.11,6.05,10.77,
2026-08-20 12:00:00,1,79.18,79.18,34.3,94.2,46.43,16.36,6.09,10.3,
2026-08-20 13:00:00,1,76.87,76.87,33.9,93.1,45.46,14.66,6.02,10.74,
2026-08-20 14:00:00,1,74.32,74.32,34.8,80.5,43.52,14.35,5.87,10.58,
2026-08-20 15:00:00,1,66.69,66.69,35.8,69.7,39.66,11.69,5.57,9.78,
2026-08-20 16:00:00,1,61.87,61.87,32.5,76.5,34.82,12.2,5.19,9.66,
2026-08-20 17:00:00,1,51.78,51.78,32.5,56.0,29.02,9.95,4.74,8.08,
2026-08-20 18:00:00,1,42.64,42.64,30.1,43.2,23.21,7.79,4.29,7.35,
2026-08-20 19:00:00,1,35.82,35.82,29.8,39.1,19.34,6.77,3.99,5.71,
2026-08-20 20:00:00,1,31.19,31.19,26.6,29.9,15.48,6.16,3.69,5.85,
2026-08-20 21:00:00,1,24.56,24.56,24.6,21.5,11.61,4.61,3.39,4.94,
2026-08-20 22:00:00,1,18.58,18.58,26.5,16.2,7.25,3.72,3.06,4.55,
2026-08-20 23:00:00,1,14.8,14.8,25.9,10.1,4.84,3.03,2.87,4.07,
2026-08-21 00:00:00,1,13.22,13.22,25.5,8.4,3.87,2.48,2.8,4.08,
2026-08-21 01:00:00,1,12.31,12.31,27.0,6.5,3.39,2.49,2.76,3.67,
2026-08-21 02:00:00,1,11.91,11.91,26.1,5.4,2.9,2.33,2.72,3.96,
2026-08-21 03:00:00,1,11.65,11.65,27.2,5.6,2.9,2.46,2.72,3.57,
2026-08-21 04:00:00,1,11.92,11.92,24.6,6.6,2.9,2.3,2.72,3.99,
2026-08-21 05:00:00,1,14.9,14.9,26.2,9.5,4.84,2.86,2.87,4.34,
2026-08-21 06:00:00,1,28.58,28.58,29.8,30.8,14.51,5.41,3.62,5.05,
2026-08-21 07:00:00,1,49.4,49.4,30.1,56.5,28.05,9.05,4.67,7.64,
2026-08-21 08:00:00,1,63.53,63.53,33.0,70.5,37.72,11.87,5.42,8.52,
2026-08-21 09:00:00,1,73.13,73.13,33.6,91.9,42.56,14.9,5.79,9.89,
2026-08-21 10:00:00,1,74.42,74.42,32.3,89.3,44.49,14.32,5.94,9.67,
2026-08-21 11:00:00,1,77.92,77.92,35.7,98.1,45.94,14.81,6.05,11.12,
2026-08-21 12:00:00,1,79.9,79.9,33.8,100.0,46.43,15.84,6.09,11.54,
2026-08-21 13:00:00,1,77.11,77.11,35.5,83.0,45.46,15.26,6.02,10.38,
2026-08-21 14:00:00,1,73.07,73.07,35.5,88.3,43.52,12.65,5.87,11.03,
2026-08-21 15:00:00,1,66.55,66.55,35.0,81.9,39.66,11.85,5.57,9.48,
2026-08-21 16:00:00,1,60.34,60.34,32.3,70.6,34.82,11.88,5.19,8.45,
2026-08-21 17:00:00,1,51.94,51.94,33.0,55.7,29.02,10.6,4.74,7.58,
2026-08-21 18:00:00,1,42.22,42.22,30.7,44.1,23.21,7.85,4.29,6.86,
2026-08-21 19:00:00,1,35.76,35.76,29.2,35.5,19.34,6.7,3.99,5.72,
2026-08-21 20:00:00,1,30.27,30.27,26.4,31.3,15.48,5.55,3.69,5.55,
2026-08-21 21:00:00,1,24.86,24.86,25.5,21.2,11.61,4.97,3.39,4.89,
2026-08-21 22:00:00,1,18.18,18.18,25.2,13.0,7.25,3.59,3.06,4.28,
2026-08-21 23:00:00,1,14.68,14.68,25.8,8.8,4.84,2.79,2.87,4.18,
2026-08-22 00:00:00,1,14.25,14.25,24.8,8.6,4.84,2.77,2.87,3.78,
2026-08-22 01:00:00,1,13.4,13.4,26.3,8.0,3.87,2.7,2.8,4.04,
2026-08-22 02:00:00,1,12.65,12.65,26.3,6.5,3.39,2.54,2.76,3.97,
2026-08-22 03:00:00,1,12.01,12.01,26.5,5.9,2.9,2.46,2.72,3.93,
2026-08-22 04:00:00,1,12.06,12.06,25.9,5.3,2.9,2.39,2.72,4.05,
2026-08-22 05:00:00,1,12.59,12.59,25.9,6.7,3.39,2.47,2.76,3.97,
2026-08-22 06:00:00,1,14.69,14.69,25.9,9.1,4.84,2.65,2.87,4.33,
2026-08-22 07:00:00,1,20.56,20.56,26.4,19.4,8.7,3.85,3.17,4.84,
2026-08-22 08:00:00,1,28.19,28.19,26.5,29.3,13.54,5.74,3.54,5.37,
2026-08-22 09:00:00,1,32.03,32.03,24.6,32.9,16.44,5.99,3.77,5.83,
2026-08-22 10:00:00,1,33.43,33.43,25.0,37.5,17.41,6.59,3.84,5.58,
2026-08-22 11:00:00,1,36.89,36.89,24.8,42.2,19.34,7.44,3.99,6.11,
2026-08-22 12:00:00,1,38.09,38.09,26.4,44.0,20.31,7.35,4.07,6.36,
2026-08-22 13:00:00,1,40.34,40.34,25.7,44.2,21.28,7.65,4.14,7.27,
2026-08-22 14:00:00,1,38.74,38.74,25.7,39.3,20.31,7.76,4.07,6.6,
2026-08-22 15:00:00,1,37.15,37.15,26.9,38.4,19.34,7.42,3.99,6.39,
2026-08-22 16:00:00,1,33.71,33.71,25.2,36.6,17.41,5.91,3.84,6.55,
2026-08-22 17:00:00,1,29.37,29.37,26.2,29.1,14.51,5.72,3.62,5.53,
2026-08-22 18:00:00,1,25.04,25.04,26.2,25.3,11.61,4.46,3.39,5.58,
2026-08-22 19:00:00,1,22.46,22.46,24.7,17.5,9.67,4.48,3.24,5.07,
2026-08-22 20:00:00,1,18.73,18.73,25.6,15.6,7.74,3.77,3.1,4.13,
2026-08-22 21:00:00,1,17.15,17.15,27.0,13.9,6.29,3.49,2.98,4.39,
2026-08-22 22:00:00,1,15.11,15.11,24.5,9.8,5.32,2.74,2.91,4.14,
2026-08-22 23:00:00,1,14.53,14.53,25.7,9.9,4.84,2.64,2.87,4.19,
2026-08-23 00:00:00,1,14.63,14.63,25.4,9.9,4.84,3.04,2.87,3.88,
2026-08-23 01:00:00,1,13.2,13.2,27.3,7.7,3.87,2.77,2.8,3.77,
2026-08-23 02:00:00,1,12.5,12.5,24.8,6.0,3.39,2.62,2.76,3.74,
2026-08-23 03:00:00,1,11.58,11.58,24.9,5.5,2.9,2.19,2.72,3.77,
2026-08-23 04:00:00,1,11.64,11.64,24.7,6.2,2.9,2.39,2.72,3.63,
2026-08-23 05:00:00,1,12.37,12.37,27.1,7.5,3.39,2.26,2.76,3.97,
2026-08-23 06:00:00,1,14.39,14.39,25.7,9.3,4.84,2.74,2.87,3.94,
2026-08-23 07:00:00,1,20.15,20.15,26.1,18.3,8.7,3.91,3.17,4.36,
2026-08-23 08:00:00,1,27.82,27.82,25.7,30.3,13.54,5.7,3.54,5.04,
2026-08-23 09:00:00,1,31.31,31.31,27.5,34.6,16.44,5.73,3.77,5.37,
2026-08-23 10:00:00,1,33.65,33.65,24.5,37.1,17.41,6.44,3.84,5.95,
2026-08-23 11:00:00,1,36.78,36.78,27.5,34.8,19.34,7.22,3.99,6.23,
2026-08-23 12:00:00,1,38.22,38.22,25.9,44.0,20.31,7.45,4.07,6.39,
2026-08-23 13:00:00,1,39.66,39.66,25.0,43.0,21.28,7.66,4.14,6.57,
2026-08-23 14:00:00,1,38.42,38.42,25.6,37.7,20.31,7.45,4.07,6.59,
2026-08-23 15:00:00,1,36.58,36.58,27.0,36.4,19.34,7.02,3.99,6.22,
2026-08-23 16:00:00,1,34.44,34.44,26.1,33.9,17.41,7.08,3.84,6.11,
2026-08-23 17:00:00,1,29.5,29.5,26.6,26.3,14.51,5.6,3.62,5.78,
2026-08-23 18:00:00,1,25.84,25.84,24.9,24.8,11.61,5.24,3.39,5.6,
2026-08-23 19:00:00,1,21.95,21.95,26.8,19.3,9.67,3.86,3.24,5.18,
2026-08-23 20:00:00,1,19.57,19.57,24.8,15.5,7.74,3.83,3.1,4.91,
2026-08-23 21:00:00,1,16.8,16.8,24.7,13.1,6.29,3.42,2.98,4.11,
2026-08-23 22:00:00,1,15.43,15.43,24.7,10.3,5.32,3.11,2.91,4.09,
2026-08-23 23:00:00,1,14.62,14.62,26.0,9.7,4.84,2.94,2.87,3.98,
2026-08-24 00:00:00,1,12.61,12.61,27.4,8.4,3.87,2.42,2.8,3.53,
2026-08-24 01:00:00,1,12.5,12.5,27.3,7.3,3.39,2.5,2.76,3.86,
2026-08-24 02:00:00,1,11.12,11.12,24.7,5.8,2.9,2.1,2.72,3.4,
2026-08-24 03:00:00,1,11.5,11.5,27.5,6.3,2.9,2.3,2.72,3.58,
2026-08-24 04:00:00,1,11.6,11.6,24.7,5.9,2.9,2.4,2.72,3.57,
2026-08-24 05:00:00,1,14.36,14.36,24.9,9.2,4.84,3.01,2.87,3.65,
2026-08-24 06:00:00,1,29.03,29.03,27.8,26.8,14.51,5.72,3.62,5.18,
2026-08-24 07:00:00,1,49.83,49.83,30.2,61.0,28.05,9.09,4.67,8.02,
2026-08-24 08:00:00,1,65.33,65.33,31.6,81.9,37.72,13.25,5.42,8.95,
2026-08-24 09:00:00,1,72.61,72.61,31.5,78.0,42.56,14.95,5.79,9.31,
2026-08-24 10:00:00,1,75.3,75.3,33.7,100.0,44.49,15.1,5.94,9.77,
2026-08-24 11:00:00,1,76.92,76.92,34.2,95.9,45.94,13.89,6.05,11.03,
2026-08-24 12:00:00,1,77.96,77.96,34.4,97.0,46.43,15.64,6.09,9.8,
2026-08-24 13:00:00,1,76.47,76.47,34.0,89.3,45.46,14.02,6.02,10.98,
2026-08-24 14:00:00,1,73.67,73.67,35.6,88.5,43.52,13.7,5.87,10.57,
2026-08-24 15:00:00,1,67.71,67.71,34.3,72.7,39.66,13.87,5.57,8.61,
2026-08-24 16:00:00,1,61.53,61.53,35.0,69.3,34.82,11.92,5.19,9.59,
2026-08-24 17:00:00,1,52.49,52.49,33.3,51.6,29.02,10.65,4.74,8.08,
2026-08-24 18:00:00,1,43.77,43.77,33.0,46.0,23.21,8.82,4.29,7.44,
2026-08-24 19:00:00,1,36.32,36.32,29.8,36.7,19.34,6.46,3.99,6.53,
2026-08-24 20:00:00,1,31.35,31.35,25.7,33.4,15.48,6.19,3.69,5.99,
2026-08-24 21:00:00,1,24.92,24.92,26.3,21.6,11.61,4.62,3.39,5.31,
2026-08-24 22:00:00,1,18.66,18.66,25.0,14.8,7.25,3.63,3.06,4.72,
2026-08-24 23:00:00,1,14.29,14.29,24.5,8.7,4.84,2.59,2.87,4.0,
2026-08-25 00:00:00,1,12.55,12.55,25.2,7.4,3.87,2.37,2.8,3.52,
2026-08-25 01:00:00,1,12.67,12.67,24.8,7.6,3.39,2.46,2.76,4.07,
2026-08-25 02:00:00,1,11.41,11.41,27.4,6.1,2.9,2.34,2.72,3.45,
2026-08-25 03:00:00,1,11.97,11.97,27.1,5.3,2.9,2.32,2.72,4.03,
2026-08-25 04:00:00,1,11.93,11.93,26.2,6.6,2.9,2.42,2.72,3.88,
2026-08-25 05:00:00,1,14.91,14.91,25.3,9.7,4.84,3.05,2.87,4.15,
2026-08-25 06:00:00,1,29.68,29.68,30.3,27.6,14.51,5.53,3.62,6.02,
2026-08-25 07:00:00,1,48.67,48.67,31.1,54.0,28.05,8.9,4.67,7.05,
2026-08-25 08:00:00,1,63.5,63.5,32.4,73.8,37.72,11.94,5.42,8.43,
2026-08-25 09:00:00,1,71.93,71.93,34.1,80.6,42.56,13.6,5.79,9.99,
2026-08-25 10:00:00,1,74.12,74.12,35.0,92.2,44.49,13.4,5.94,10.29,
2026-08-25 11:00:00,1,76.75,76.75,33.3,99.0,45.94,13.91,6.05,10.84,
2026-08-25 12:00:00,1,75.93,75.93,36.1,98.8,46.43,13.7,6.09,9.71,
2026-08-25 13:00:00,1,77.21,77.21,35.2,85.8,45.46,14.44,6.02,11.29,
2026-08-25 14:00:00,1,75.14,75.14,33.8,90.9,43.52,15.26,5.87,10.49,
2026-08-25 15:00:00,1,68.87,68.87,33.7,84.1,39.66,13.96,5.57,9.69,
2026-08-25 16:00:00,1,60.17,60.17,33.7,78.1,34.82,11.49,5.19,8.67,
2026-08-25 17:00:00,1,52.07,52.07,33.8,62.7,29.02,10.39,4.74,7.93,
2026-08-25 18:00:00,1,43.09,43.09,30.1,52.2,23.21,8.66,4.29,6.92,
2026-08-25 19:00:00,1,36.72,36.72,30.5,43.4,19.34,6.82,3.99,6.56,
2026-08-25 20:00:00,1,30.86,30.86,25.7,32.3,15.48,6.44,3.69,5.25,
2026-08-25 21:00:00,1,24.44,24.44,26.1,26.2,11.61,4.37,3.39,5.07,
2026-08-25 22:00:00,1,17.61,17.61,26.8,15.2,7.25,3.28,3.06,4.02,
2026-08-25 23:00:00,1,14.99,14.99,25.7,9.0,4.84,2.92,2.87,4.36,
2026-08-26 00:00:00,1,12.97,12.97,26.4,7.5,3.87,2.32,2.8,3.99,
2026-08-26 01:00:00,1,12.36,12.36,26.7,6.2,3.39,2.24,2.76,3.98,
2026-08-26 02:00:00,1,11.44,11.44,26.3,5.8,2.9,2.05,2.72,3.76,
2026-08-26 03:00:00,1,11.72,11.72,25.4,5.9,2.9,2.4,2.72,3.7,
2026-08-26 04:00:00,1,11.62,11.62,27.5,5.2,2.9,2.05,2.72,3.95,
2026-08-26 05:00:00,1,14.86,14.86,24.6,8.8,4.84,2.98,2.87,4.18,
2026-08-26 06:00:00,1,29.34,29.34,28.9,30.6,14.51,6.04,3.62,5.18,
2026-08-26 07:00:00,1,48.54,48.54,30.6,62.7,28.05,8.66,4.67,7.16,
2026-08-26 08:00:00,1,64.92,64.92,32.1,75.5,37.72,13.39,5.42,8.4,
2026-08-26 09:00:00,1,70.31,70.31,33.3,77.7,42.56,12.86,5.79,9.1,
2026-08-26 10:00:00,1,74.26,74.26,33.1,96.5,44.49,14.2,5.94,9.63,
2026-08-26 11:00:00,1,76.11,76.11,34.7,100.0,45.94,13.58,6.05,10.53,
2026-08-26 12:00:00,1,78.76,78.76,35.7,86.9,46.43,15.79,6.09,10.46,
2026-08-26 13:00:00,1,76.69,76.69,35.9,100.0,45.46,15.12,6.02,10.09,
2026-08-26 14:00:00,1,73.25,73.25,36.3,89.5,43.52,13.02,5.87,10.84,
2026-08-26 15:00:00,1,67.61,67.61,35.3,85.4,39.66,13.16,5.57,9.23,
2026-08-26 16:00:00,1,60.45,60.45,32.6,63.7,34.82,11.32,5.19,9.12,
2026-08-26 17:00:00,1,51.56,51.56,32.9,57.6,29.02,10.66,4.74,7.14,
2026-08-26 18:00:00,1,43.16,43.16,30.4,51.0,23.21,8.33,4.29,7.33,
2026-08-26 19:00:00,1,35.59,35.59,28.9,38.9,19.34,6.33,3.99,5.93,
2026-08-26 20:00:00,1,31.15,31.15,24.8,32.4,15.48,6.35,3.69,5.63,
2026-08-26 21:00:00,1,24.77,24.77,26.9,25.0,11.61,4.96,3.39,4.81,
2026-08-26 22:00:00,1,18.57,18.57,26.4,14.7,7.25,3.45,3.06,4.81,
2026-08-26 23:00:00,1,14.37,14.37,26.3,8.6,4.84,2.63,2.87,4.04,
2026-08-27 00:00:00,1,13.1,13.1,27.4,8.1,3.87,2.67,2.8,3.77,
2026-08-27 01:00:00,1,12.18,12.18,24.5,6.4,3.39,2.2,2.76,3.83,
2026-08-27 02:00:00,1,11.75,11.75,24.8,5.6,2.9,2.36,2.72,3.76,
2026-08-27 03:00:00,1,11.51,11.51,25.2,6.3,2.9,2.32,2.72,3.57,
2026-08-27 04:00:00,1,12.04,12.04,25.1,6.3,2.9,2.33,2.72,4.08,
2026-08-27 05:00:00,1,14.28,14.28,25.9,8.9,4.84,2.9,2.87,3.67,
2026-08-27 06:00:00,1,29.05,29.05,29.4,27.6,14.51,5.54,3.62,5.38,
2026-08-27 07:00:00,1,49.47,49.47,31.3,60.3,28.05,8.68,4.67,8.08,
2026-08-27 08:00:00,1,65.41,65.41,32.9,69.7,37.72,13.06,5.42,9.21,
2026-08-27 09:00:00,1,72.9,72.9,31.6,94.5,42.56,14.37,5.79,10.19,
2026-08-27 10:00:00,1,75.21,75.21,33.2,82.8,44.49,14.83,5.94,9.95,
2026-08-27 11:00:00,1,76.59,76.59,35.2,88.5,45.94,13.56,6.05,11.04,
2026-08-27 12:00:00,1,77.12,77.12,36.0,90.6,46.43,14.05,6.09,10.55,
2026-08-27 13:00:00,1,76.4,76.4,35.0,100.0,45.46,13.56,6.02,11.36,
2026-08-27 14:00:00,1,73.01,73.01,34.7,85.2,43.52,13.02,5.87,10.6,
2026-08-27 15:00:00,1,66.2,66.2,34.8,89.7,39.66,12.15,5.57,8.83,
2026-08-27 16:00:00,1,60.08,60.08,34.3,62.3,34.82,10.68,5.19,9.4,
2026-08-27 17:00:00,1,51.75,51.75,32.6,53.6,29.02,9.52,4.74,8.47,
2026-08-27 18:00:00,1,42.97,42.97,31.9,50.3,23.21,8.37,4.29,7.1,
2026-08-27 19:00:00,1,36.67,36.67,29.3,43.7,19.34,7.52,3.99,5.81,
2026-08-27 20:00:00,1,31.48,31.48,27.1,31.1,15.48,6.48,3.69,5.83,
2026-08-27 21:00:00,1,25.35,25.35,27.0,22.1,11.61,4.99,3.39,5.35,
2026-08-27 22:00:00,1,18.65,18.65,25.2,14.0,7.25,3.57,3.06,4.77,
2026-08-27 23:00:00,1,14.2,14.2,26.3,8.9,4.84,2.85,2.87,3.64,
2026-08-28 00:00:00,1,13.27,13.27,27.4,6.9,3.87,2.51,2.8,4.1,
2026-08-28 01:00:00,1,12.56,12.56,24.6,6.9,3.39,2.38,2.76,4.04,
2026-08-28 02:00:00,1,11.53,11.53,27.0,5.8,2.9,2.13,2.72,3.78,
2026-08-28 03:00:00,1,11.53,11.53,24.5,6.2,2.9,2.45,2.72,3.46,
2026-08-28 04:00:00,1,11.4,11.4,25.4,6.1,2.9,2.06,2.72,3.72,
2026-08-28 05:00:00,1,14.96,14.96,25.4,10.3,4.84,3.01,2.87,4.24,
2026-08-28 06:00:00,1,30.03,30.03,27.6,28.9,14.51,5.92,3.62,5.99,
2026-08-28 07:00:00,1,49.67,49.67,30.1,60.8,28.05,9.3,4.67,7.65,
2026-08-28 08:00:00,1,64.4,64.4,32.0,83.1,37.72,11.29,5.42,9.97,
2026-08-28 09:00:00,1,71.44,71.44,32.2,75.5,42.56,13.56,5.79,9.54,
2026-08-28 10:00:00,1,76.5,76.5,35.0,90.7,44.49,15.16,5.94,10.9,
2026-07-29 11:00:00,2,75.06,75.06,33.1,100.0,44.76,15.04,5.9,9.35,
2026-07-29 12:00:00,2,76.33,76.33,36.2,97.8,45.24,15.63,5.93,9.54,
2026-07-29 13:00:00,2,73.53,73.53,34.6,94.4,44.29,13.84,5.86,9.53,
2026-07-29 14:00:00,2,71.69,71.69,35.0,78.0,42.41,14.25,5.72,9.31,
2026-07-29 15:00:00,2,64.93,64.93,35.8,74.6,38.64,11.61,5.42,9.26,
2026-07-29 16:00:00,2,59.29,59.29,35.0,71.6,33.93,12.25,5.06,8.06,
2026-07-29 17:00:00,2,49.49,49.49,33.5,54.4,28.27,9.29,4.62,7.3,
2026-07-29 18:00:00,2,40.6,40.6,32.1,44.1,22.62,7.24,4.18,6.56,
2026-07-29 19:00:00,2,35.49,35.49,30.3,39.3,18.85,6.32,3.89,6.43,
2026-07-29 20:00:00,2,29.89,29.89,26.5,31.5,15.08,5.51,3.6,5.71,
2026-07-29 21:00:00,2,24.97,24.97,26.9,26.1,11.31,4.94,3.31,5.42,
2026-07-29 22:00:00,2,17.39,17.39,24.7,16.1,7.07,3.39,2.98,3.95,
2026-07-29 23:00:00,2,14.12,14.12,27.2,9.2,4.71,2.99,2.8,3.63,
2026-07-30 00:00:00,2,13.03,13.03,25.3,8.2,3.77,2.46,2.72,4.07,
2026-07-30 01:00:00,2,12.28,12.28,26.1,7.0,3.3,2.23,2.69,4.06,
2026-07-30 02:00:00,2,11.2,11.2,26.1,5.3,2.83,2.12,2.65,3.6,
2026-07-30 03:00:00,2,11.39,11.39,26.4,5.5,2.83,2.0,2.65,3.91,
2026-07-30 04:00:00,2,11.3,11.3,25.2,6.5,2.83,2.25,2.65,3.57,
2026-07-30 05:00:00,2,14.16,14.16,25.5,10.1,4.71,2.64,2.8,4.01,
2026-07-30 06:00:00,2,28.29,28.29,29.6,31.8,14.14,5.41,3.53,5.21,
2026-07-30 07:00:00,2,47.72,47.72,29.2,60.7,27.33,8.69,4.55,7.15,
2026-07-30 08:00:00,2,62.91,62.91,31.6,85.2,36.75,12.69,5.28,8.19,
2026-07-30 09:00:00,2,70.19,70.19,32.3,84.8,41.47,12.51,5.64,10.57,
2026-07-30 10:00:00,2,75.14,75.14,34.3,84.8,43.35,15.27,5.79,10.73,
2026-07-30 11:00:00,2,73.76,73.76,35.0,96.6,44.76,13.37,5.9,9.73,
2026-07-30 12:00:00,2,74.43,74.43,33.5,89.2,45.24,13.42,5.93,9.85,
2026-07-30 13:00:00,2,72.88,72.88,34.1,93.1,44.29,12.9,5.86,9.82,
2026-07-30 14:00:00,2,71.14,71.14,34.4,84.9,42.41,13.79,5.72,9.23,
2026-07-30 15:00:00,2,65.71,65.71,33.8,88.6,38.64,12.35,5.42,9.3,
2026-07-30 16:00:00,2,57.51,57.51,32.6,69.4,33.93,10.81,5.06,7.71,
2026-07-30 17:00:00,2,50.12,50.12,33.5,65.6,28.27,9.25,4.62,7.98,
2026-07-30 18:00:00,2,42.86,42.86,31.5,44.3,22.62,8.64,4.18,7.42,
2026-07-30 19:00:00,2,36.34,36.34,30.6,35.5,18.85,6.93,3.89,6.67,
2026-07-30 20:00:00,2,30.71,30.71,25.8,32.7,15.08,6.01,3.6,6.02,
2026-07-30 21:00:00,2,23.97,23.97,24.9,23.7,11.31,4.47,3.31,4.88,
2026-07-30 22:00:00,2,17.11,17.11,27.0,14.4,7.07,3.14,2.98,3.93,
2026-07-30 23:00:00,2,14.37,14.37,26.4,10.0,4.71,2.58,2.8,4.28,
2026-07-31 00:00:00,2,12.72,12.72,25.3,6.8,3.77,2.48,2.72,3.75,
2026-07-31 01:00:00,2,11.8,11.8,26.5,6.1,3.3,2.33,2.69,3.49,
2026-07-31 02:00:00,2,11.8,11.8,25.5,6.0,2.83,2.38,2.65,3.94,
2026-07-31 03:00:00,2,11.37,11.37,25.6,5.3,2.83,2.34,2.65,3.54,
2026-07-31 04:00:00,2,11.59,11.59,25.6,5.5,2.83,2.12,2.65,3.99,
2026-07-31 05:00:00,2,14.26,14.26,27.1,8.7,4.71,2.86,2.8,3.89,
2026-07-31 06:00:00,2,28.66,28.66,30.5,31.5,14.14,5.24,3.53,5.76,
2026-07-31 07:00:00,2,48.89,48.89,31.7,55.4,27.33,10.04,4.55,6.97,
2026-07-31 08:00:00,2,62.32,62.32,31.9,68.0,36.75,11.33,5.28,8.96,
2026-07-31 09:00:00,2,69.99,69.99,33.8,96.5,41.47,12.24,5.64,10.64,
2026-07-31 10:00:00,2,73.72,73.72,34.5,80.2,43.35,13.7,5.79,10.88,
2026-07-31 11:00:00,2,76.42,76.42,34.1,94.0,44.76,14.97,5.9,10.79,
2026-07-31 12:00:00,2,75.78,75.78,33.8,86.1,45.24,14.16,5.93,10.45,
2026-07-31 13:00:00,2,75.13,75.13,33.6,99.3,44.29,15.18,5.86,9.79,
2026-07-31 14:00:00,2,69.42,69.42,35.0,86.9,42.41,12.39,5.72,8.91,
2026-07-31 15:00:00,2,66.74,66.74,33.7,89.3,38.64,13.43,5.42,9.25,
2026-07-31 16:00:00,2,58.56,58.56,34.2,77.3,33.93,11.03,5.06,8.54,
2026-07-31 17:00:00,2,49.06,49.06,33.3,54.7,28.27,8.85,4.62,7.32,
2026-07-31 18:00:00,2,42.0,42.0,33.1,41.6,22.62,8.32,4.18,6.88,
2026-07-31 19:00:00,2,35.9,35.9,30.5,42.7,18.85,7.02,3.89,6.14,
2026-07-31 20:00:00,2,30.1,30.1,26.6,28.2,15.08,5.76,3.6,5.66,
2026-07-31 21:00:00,2,23.66,23.66,27.0,21.4,11.31,4.24,3.31,4.8,
2026-07-31 22:00:00,2,17.35,17.35,27.1,13.3,7.07,3.19,2.98,4.11,
2026-07-31 23:00:00,2,13.94,13.94,25.8,10.8,4.71,2.66,2.8,3.77,
2026-08-01 00:00:00,2,14.4,14.4,26.1,10.8,4.71,2.74,2.8,4.15,
2026-08-01 01:00:00,2,12.9,12.9,25.0,7.0,3.77,2.59,2.72,3.82,
2026-08-01 02:00:00,2,11.96,11.96,27.1,7.4,3.3,2.41,2.69,3.57,
2026-08-01 03:00:00,2,11.19,11.19,26.6,6.1,2.83,2.01,2.65,3.7,
2026-08-01 04:00:00,2,11.22,11.22,27.0,5.1,2.83,2.2,2.65,3.55,
2026-08-01 05:00:00,2,11.92,11.92,26.0,6.5,3.3,2.52,2.69,3.42,
2026-08-01 06:00:00,2,14.32,14.32,25.0,9.1,4.71,2.57,2.8,4.25,
2026-08-01 07:00:00,2,19.98,19.98,26.3,19.0,8.48,3.85,3.09,4.56,
2026-08-01 08:00:00,2,26.68,26.68,26.2,29.1,13.19,4.8,3.45,5.24,
2026-08-01 09:00:00,2,31.92,31.92,24.7,35.9,16.02,6.53,3.67,5.7,
2026-08-01 10:00:00,2,33.73,33.73,25.4,33.9,16.96,6.69,3.75,6.33,
2026-08-01 11:00:00,2,35.79,35.79,26.3,41.6,18.85,6.62,3.89,6.43,
2026-08-01 12:00:00,2,37.24,37.24,24.6,44.3,19.79,6.72,3.96,6.77,
2026-08-01 13:00:00,2,37.59,37.59,24.9,39.9,20.73,6.83,4.04,5.99,
2026-08-01 14:00:00,2,37.06,37.06,24.7,43.0,19.79,7.52,3.96,5.79,
2026-08-01 15:00:00,2,34.64,34.64,26.8,41.6,18.85,6.21,3.89,5.69,
2026-08-01 16:00:00,2,31.87,31.87,26.9,35.2,16.96,5.74,3.75,5.43,
2026-08-01 17:00:00,2,29.02,29.02,25.3,26.0,14.14,5.66,3.53,5.7,
2026-08-01 18:00:00,2,24.37,24.37,26.8,25.9,11.31,4.38,3.31,5.38,
2026-08-01 19:00:00,2,21.36,21.36,25.1,18.8,9.42,3.77,3.16,5.01,
2026-08-01 20:00:00,2,18.09,18.09,27.3,17.4,7.54,3.45,3.02,4.09,
2026-08-01 21:00:00,2,16.23,16.23,26.0,13.4,6.13,2.98,2.91,4.22,
2026-08-01 22:00:00,2,14.39,14.39,24.8,10.9,5.18,2.59,2.83,3.78,
2026-08-01 23:00:00,2,14.43,14.43,25.1,9.2,4.71,2.96,2.8,3.97,
2026-08-02 00:00:00,2,14.03,14.03,27.4,8.7,4.71,2.58,2.8,3.94,
2026-08-02 01:00:00,2,12.74,12.74,26.6,7.5,3.77,2.51,2.72,3.74,
2026-08-02 02:00:00,2,11.87,11.87,27.4,6.3,3.3,2.26,2.69,3.62,
2026-08-02 03:00:00,2,11.49,11.49,25.1,5.4,2.83,2.02,2.65,3.99,
2026-08-02 04:00:00,2,11.34,11.34,24.9,5.3,2.83,2.03,2.65,3.83,
2026-08-02 05:00:00,2,11.68,11.68,26.6,6.9,3.3,2.11,2.69,3.59,
2026-08-02 06:00:00,2,14.09,14.09,24.8,9.2,4.71,2.79,2.8,3.79,
2026-08-02 07:00:00,2,19.78,19.78,27.4,17.3,8.48,3.87,3.09,4.34,
2026-08-02 08:00:00,2,27.04,27.04,27.1,25.1,13.19,4.75,3.45,5.64,
2026-08-02 09:00:00,2,31.62,31.62,25.9,34.7,16.02,5.63,3.67,6.3,
2026-08-02 10:00:00,2,32.98,32.98,26.0,31.5,16.96,6.21,3.75,6.06,
2026-08-02 11:00:00,2,35.73,35.73,24.8,35.4,18.85,6.7,3.89,6.28,
2026-08-02 12:00:00,2,37.32,37.32,24.8,45.4,19.79,7.79,3.96,5.77,
2026-08-02 13:00:00,2,39.4,39.4,27.4,41.1,20.73,7.53,4.04,7.1,
2026-08-02 14:00:00,2,37.23,37.23,24.9,44.5,19.79,7.43,3.96,6.04,
2026-08-02 15:00:00,2,35.8,35.8,26.6,39.8,18.85,6.53,3.89,6.53,
2026-08-02 16:00:00,2,32.97,32.97,26.4,34.2,16.96,6.26,3.75,5.99,
2026-08-02 17:00:00,2,28.61,28.61,25.7,29.1,14.14,5.23,3.53,5.72,
2026-08-02 18:00:00,2,24.37,24.37,24.8,21.9,11.31,4.65,3.31,5.11,
2026-08-02 19:00:00,2,20.6,20.6,24.9,17.5,9.42,3.74,3.16,4.28,
2026-08-02 20:00:00,2,18.57,18.57,26.5,17.5,7.54,3.47,3.02,4.54,
2026-08-02 21:00:00,2,15.73,15.73,25.0,13.1,6.13,2.89,2.91,3.81,
2026-08-02 22:00:00,2,14.83,14.83,26.8,11.5,5.18,3.04,2.83,3.77,
2026-08-02 23:00:00,2,13.93,13.93,26.5,9.7,4.71,2.61,2.8,3.81,
2026-08-03 00:00:00,2,12.61,12.61,27.1,7.9,3.77,2.69,2.72,3.43,
2026-08-03 01:00:00,2,11.83,11.83,25.8,7.6,3.3,2.27,2.69,3.58,
2026-08-03 02:00:00,2,11.14,11.14,25.6,5.8,2.83,1.98,2.65,3.68,
2026-08-03 03:00:00,2,11.39,11.39,27.1,5.6,2.83,2.28,2.65,3.63,
2026-08-03 04:00:00,2,11.02,11.02,24.9,6.2,2.83,2.18,2.65,3.35,
2026-08-03 05:00:00,2,14.34,14.34,26.5,10.2,4.71,2.84,2.8,3.99,
2026-08-03 06:00:00,2,28.45,28.45,28.9,31.9,14.14,5.48,3.53,5.31,
2026-08-03 07:00:00,2,48.69,48.69,30.3,63.4,27.33,9.52,4.55,7.29,
2026-08-03 08:00:00,2,61.12,61.12,33.0,72.5,36.75,10.9,5.28,8.18,
2026-08-03 09:00:00,2,69.99,69.99,33.8,82.5,41.47,14.06,5.64,8.82,
2026-08-03 10:00:00,2,71.7,71.7,34.9,86.0,43.35,12.83,5.79,9.73,
2026-08-03 11:00:00,2,75.24,75.24,34.0,89.1,44.76,14.83,5.9,9.75,
2026-08-03 12:00:00,2,76.3,76.3,35.3,95.8,45.24,15.69,5.93,9.44,
2026-08-03 13:00:00,2,72.85,72.85,34.4,87.8,44.29,12.86,5.86,9.84,
2026-08-03 14:00:00,2,72.68,72.68,34.7,95.9,42.41,13.87,5.72,10.69,
2026-08-03 15:00:00,2,67.07,67.07,33.7,84.0,38.64,12.81,5.42,10.2,
2026-08-03 16:00:00,2,59.45,59.45,33.3,68.2,33.93,11.38,5.06,9.08,
2026-08-03 17:00:00,2,49.82,49.82,31.5,61.1,28.27,9.26,4.62,7.67,
2026-08-03 18:00:00,2,41.5,41.5,32.4,44.9,22.62,8.12,4.18,6.58,
2026-08-03 19:00:00,2,36.58,36.58,30.1,39.0,18.85,7.32,3.89,6.53,
2026-08-03 20:00:00,2,29.25,29.25,27.0,31.5,15.08,5.5,3.6,5.07,
2026-08-03 21:00:00,2,24.23,24.23,27.5,22.8,11.31,4.4,3.31,5.22,
2026-08-03 22:00:00,2,17.36,17.36,24.8,15.9,7.07,3.14,2.98,4.17,
2026-08-03 23:00:00,2,13.94,13.94,24.7,10.5,4.71,2.72,2.8,3.71,
2026-08-04 00:00:00,2,12.88,12.88,26.9,8.1,3.77,2.36,2.72,4.02,
2026-08-04 01:00:00,2,11.81,11.81,25.8,6.9,3.3,2.19,2.69,3.64,
2026-08-04 02:00:00,2,11.19,11.19,26.4,5.8,2.83,2.3,2.65,3.41,
2026-08-04 03:00:00,2,11.52,11.52,24.6,6.2,2.83,2.35,2.65,3.69,
2026-08-04 04:00:00,2,11.39,11.39,25.1,6.5,2.83,2.29,2.65,3.62,
2026-08-04 05:00:00,2,14.46,14.46,27.3,9.8,4.71,2.8,2.8,4.15,
2026-08-04 06:00:00,2,28.72,28.72,28.8,29.7,14.14,5.61,3.53,5.45,
2026-08-04 07:00:00,2,48.32,48.32,29.9,51.4,27.33,8.65,4.55,7.79,
2026-08-04 08:00:00,2,63.23,63.23,31.0,74.8,36.75,11.6,5.28,9.6,
2026-08-04 09:00:00,2,70.66,70.66,31.4,79.3,41.47,13.17,5.64,10.38,
2026-08-04 10:00:00,2,73.23,73.23,34.1,84.1,43.35,14.24,5.79,9.86,
2026-08-04 11:00:00,2,75.23,75.23,33.2,85.3,44.76,13.63,5.9,10.94,
2026-08-04 12:00:00,2,76.13,76.13,34.7,95.0,45.24,14.32,5.93,10.65,
2026-08-04 13:00:00,2,73.05,73.05,33.6,83.6,44.29,13.19,5.86,9.7,
2026-08-04 14:00:00,2,71.51,71.51,35.8,91.3,42.41,12.79,5.72,10.59,
2026-08-04 15:00:00,2,65.41,65.41,35.8,79.7,38.64,11.38,5.42,9.97,
2026-08-04 16:00:00,2,60.27,60.27,32.4,72.0,33.93,12.04,5.06,9.24,
2026-08-04 17:00:00,2,49.8,49.8,32.5,56.5,28.27,9.88,4.62,7.03,
2026-08-04 18:00:00,2,40.41,40.41,32.9,49.5,22.62,7.36,4.18,6.24,
2026-08-04 19:00:00,2,36.19,36.19,31.0,43.3,18.85,6.87,3.89,6.58,
2026-08-04 20:00:00,2,30.14,30.14,27.3,34.7,15.08,5.46,3.6,6.0,
2026-08-04 21:00:00,2,24.36,24.36,25.2,21.1,11.31,4.94,3.31,4.81,
2026-08-04 22:00:00,2,17.72,17.72,26.3,14.2,7.07,3.59,2.98,4.08,
2026-08-04 23:00:00,2,14.37,14.37,25.8,8.9,4.71,2.56,2.8,4.31,
2026-08-05 00:00:00,2,12.78,12.78,25.8,7.3,3.77,2.51,2.72,3.78,
2026-08-05 01:00:00,2,11.88,11.88,25.6,7.6,3.3,2.24,2.69,3.66,
2026-08-05 02:00:00,2,11.79,11.79,26.5,6.5,2.83,2.35,2.65,3.96,
2026-08-05 03:00:00,2,11.1,11.1,25.6,6.2,2.83,2.33,2.65,3.29,
2026-08-05 04:00:00,2,11.57,11.57,27.4,6.0,2.83,2.34,2.65,3.76,
2026-08-05 05:00:00,2,14.13,14.13,27.3,10.2,4.71,2.89,2.8,3.73,
2026-08-05 06:00:00,2,28.91,28.91,29.2,27.8,14.14,5.97,3.53,5.28,
2026-08-05 07:00:00,2,49.91,49.91,31.3,51.1,27.33,9.99,4.55,8.05,
2026-08-05 08:00:00,2,63.67,63.67,31.3,84.0,36.75,11.78,5.28,9.86,
2026-08-05 09:00:00,2,70.61,70.61,32.0,76.8,41.47,14.27,5.64,9.23,
2026-08-05 10:00:00,2,74.56,74.56,32.8,98.7,43.35,15.11,5.79,10.31,
2026-08-05 11:00:00,2,74.07,74.07,35.5,99.0,44.76,14.09,5.9,9.31,
2026-08-05 12:00:00,2,77.23,77.23,35.9,100.0,45.24,15.78,5.93,10.28,
2026-08-05 13:00:00,2,75.96,75.96,34.7,99.7,44.29,14.85,5.86,10.96,
2026-08-05 14:00:00,2,72.25,72.25,35.8,95.0,42.41,14.22,5.72,9.91,
2026-08-05 15:00:00,2,67.18,67.18,34.0,82.0,38.64,13.37,5.42,9.74,
2026-08-05 16:00:00,2,57.99,57.99,33.6,61.7,33.93,10.21,5.06,8.8,
2026-08-05 17:00:00,2,49.28,49.28,33.1,62.9,28.27,8.88,4.62,7.51,
2026-08-05 18:00:00,2,40.38,40.38,32.0,44.6,22.62,7.27,4.18,6.3,
2026-08-05 19:00:00,2,36.53,36.53,30.4,43.7,18.85,7.29,3.89,6.5,
2026-08-05 20:00:00,2,30.13,30.13,27.0,32.7,15.08,6.08,3.6,5.37,
2026-08-05 21:00:00,2,24.21,24.21,25.9,24.8,11.31,4.43,3.31,5.17,
2026-08-05 22:00:00,2,17.5,17.5,27.0,15.7,7.07,3.21,2.98,4.24,
2026-08-05 23:00:00,2,14.73,14.73,25.0,10.7,4.71,2.98,2.8,4.24,
2026-08-06 00:00:00,2,13.06,13.06,25.2,8.7,3.77,2.67,2.72,3.9,
2026-08-06 01:00:00,2,12.02,12.02,26.4,7.5,3.3,2.55,2.69,3.49,
2026-08-06 02:00:00,2,11.21,11.21,26.6,5.4,2.83,2.15,2.65,3.59,
2026-08-06 03:00:00,2,11.57,11.57,25.3,5.2,2.83,2.13,2.65,3.96,
2026-08-06 04:00:00,2,11.58,11.58,24.9,6.2,2.83,2.16,2.65,3.94,
2026-08-06 05:00:00,2,14.14,14.14,25.9,10.2,4.71,2.53,2.8,4.1,
2026-08-06 06:00:00,2,28.64,28.64,28.1,32.0,14.14,5.78,3.53,5.2,
2026-08-06 07:00:00,2,49.51,49.51,30.3,51.2,27.33,9.97,4.55,7.66,
2026-08-06 08:00:00,2,63.35,63.35,33.1,71.8,36.75,12.47,5.28,8.85,
2026-08-06 09:00:00,2,69.23,69.23,32.5,78.0,41.47,12.84,5.64,9.28,
2026-08-06 10:00:00,2,73.14,73.14,34.0,99.1,43.35,13.59,5.79,10.41,
2026-08-06 11:00:00,2,73.88,73.88,34.3,81.0,44.76,13.31,5.9,9.9,
2026-08-06 12:00:00,2,77.06,77.06,35.4,98.1,45.24,15.12,5.93,10.77,
2026-08-06 13:00:00,2,72.52,72.52,35.7,85.9,44.29,13.08,5.86,9.29,
2026-08-06 14:00:00,2,73.8,73.8,34.3,81.8,42.41,14.8,5.72,10.88,
2026-08-06 15:00:00,2,66.66,66.66,35.7,89.5,38.64,12.83,5.42,9.76,
2026-08-06 16:00:00,2,58.69,58.69,32.3,65.8,33.93,11.49,5.06,8.22,
2026-08-06 17:00:00,2,51.12,51.12,32.4,56.6,28.27,10.47,4.62,7.75,
2026-08-06 18:00:00,2,42.09,42.09,31.8,43.9,22.62,7.94,4.18,7.35,
2026-08-06 19:00:00,2,35.54,35.54,31.5,35.3,18.85,6.59,3.89,6.21,
2026-08-06 20:00:00,2,29.06,29.06,24.9,28.1,15.08,5.22,3.6,5.16,
2026-08-06 21:00:00,2,24.9,24.9,27.1,25.4,11.31,4.88,3.31,5.4,
2026-08-06 22:00:00,2,18.08,18.08,25.3,16.0,7.07,3.5,2.98,4.53,
2026-08-06 23:00:00,2,14.25,14.25,25.3,9.3,4.71,2.95,2.8,3.79,
2026-08-07 00:00:00,2,12.84,12.84,27.5,8.3,3.77,2.29,2.72,4.06,
2026-08-07 01:00:00,2,11.56,11.56,26.5,7.3,3.3,2.12,2.69,3.45,
2026-08-07 02:00:00,2,11.35,11.35,25.2,5.2,2.83,2.08,2.65,3.79,
2026-08-07 03:00:00,2,11.16,11.16,25.8,6.6,2.83,2.38,2.65,3.3,
2026-08-07 04:00:00,2,11.29,11.29,25.6,6.2,2.83,2.18,2.65,3.63,
2026-08-07 05:00:00,2,13.66,13.66,27.0,10.7,4.71,2.53,2.8,3.62,
2026-08-07 06:00:00,2,28.21,28.21,30.1,26.9,14.14,5.11,3.53,5.44,
2026-08-07 07:00:00,2,48.98,48.98,29.7,62.2,27.33,9.46,4.55,7.64,
2026-08-07 08:00:00,2,63.09,63.09,33.0,76.6,36.75,12.21,5.28,8.85,
2026-08-07 09:00:00,2,71.49,71.49,31.5,91.7,41.47,13.88,5.64,10.5,
2026-08-07 10:00:00,2,73.43,73.43,32.3,93.9,43.35,14.46,5.79,9.83,
2026-08-07 11:00:00,2,75.55,75.55,34.7,100.0,44.76,15.33,5.9,9.56,
2026-08-07 12:00:00,2,76.38,76.38,33.6,100.0,45.24,14.96,5.93,10.25,
2026-08-07 13:00:00,2,74.13,74.13,36.4,93.9,44.29,12.82,5.86,11.15,
2026-08-07 14:00:00,2,71.68,71.68,35.3,97.9,42.41,13.2,5.72,10.35,
2026-08-07 15:00:00,2,65.58,65.58,35.1,89.3,38.64,12.76,5.42,8.76,
2026-08-07 16:00:00,2,57.6,57.6,32.3,72.8,33.93,10.82,5.06,7.79,
2026-08-07 17:00:00,2,49.75,49.75,31.5,65.3,28.27,9.35,4.62,7.51,
2026-08-07 18:00:00,2,41.53,41.53,30.6,52.4,22.62,8.51,4.18,6.21,
2026-08-07 19:00:00,2,35.87,35.87,31.4,35.6,18.85,7.22,3.89,5.91,
2026-08-07 20:00:00,2,29.55,29.55,26.8,32.4,15.08,5.31,3.6,5.57,
2026-08-07 21:00:00,2,24.25,24.25,25.8,25.2,11.31,4.47,3.31,5.16,
2026-08-07 22:00:00,2,18.01,18.01,24.9,15.2,7.07,3.65,2.98,4.32,
2026-08-07 23:00:00,2,14.22,14.22,26.0,10.7,4.71,2.72,2.8,3.99,
2026-08-08 00:00:00,2,14.44,14.44,25.8,10.4,4.71,2.91,2.8,4.03,
2026-08-08 01:00:00,2,12.4,12.4,25.8,7.7,3.77,2.24,2.72,3.67,
2026-08-08 02:00:00,2,11.86,11.86,25.9,6.3,3.3,2.41,2.69,3.46,
2026-08-08 03:00:00,2,11.16,11.16,26.0,6.0,2.83,2.2,2.65,3.49,
2026-08-08 04:00:00,2,11.04,11.04,25.8,6.5,2.83,2.18,2.65,3.38,
2026-08-08 05:00:00,2,12.2,12.2,24.9,7.5,3.3,2.48,2.69,3.73,
2026-08-08 06:00:00,2,13.59,13.59,25.4,8.6,4.71,2.5,2.8,3.58,
2026-08-08 07:00:00,2,19.77,19.77,24.8,17.2,8.48,3.52,3.09,4.68,
2026-08-08 08:00:00,2,26.43,26.43,26.2,25.6,13.19,4.94,3.45,4.84,
2026-08-08 09:00:00,2,31.26,31.26,26.0,29.9,16.02,6.21,3.67,5.36,
2026-08-08 10:00:00,2,32.79,32.79,25.0,34.1,16.96,5.77,3.75,6.32,
2026-08-08 11:00:00,2,35.9,35.9,25.4,39.9,18.85,6.78,3.89,6.38,
2026-08-08 12:00:00,2,38.32,38.32,26.4,38.5,19.79,7.78,3.96,6.79,
2026-08-08 13:00:00,2,39.13,39.13,25.1,39.4,20.73,7.75,4.04,6.6,
2026-08-08 14:00:00,2,36.61,36.61,27.1,36.8,19.79,7.16,3.96,5.7,
2026-08-08 15:00:00,2,35.96,35.96,24.9,35.7,18.85,6.81,3.89,6.41,
2026-08-08 16:00:00,2,32.99,32.99,27.1,39.3,16.96,6.42,3.75,5.86,
2026-08-08 17:00:00,2,28.6,28.6,26.4,32.8,14.14,5.32,3.53,5.62,
2026-08-08 18:00:00,2,23.69,23.69,26.6,22.8,11.31,4.47,3.31,4.61,
2026-08-08 19:00:00,2,21.41,21.41,24.5,17.6,9.42,3.71,3.16,5.12,
2026-08-08 20:00:00,2,18.73,18.73,27.1,14.4,7.54,3.66,3.02,4.51,
2026-08-08 21:00:00,2,16.26,16.26,25.8,13.1,6.13,3.33,2.91,3.9,
2026-08-08 22:00:00,2,14.5,14.5,25.4,10.6,5.18,2.86,2.83,3.63,
2026-08-08 23:00:00,2,14.66,14.66,25.0,8.9,4.71,2.85,2.8,4.3,
2026-08-09 00:00:00,2,13.99,13.99,25.9,10.6,4.71,2.78,2.8,3.7,
2026-08-09 01:00:00,2,12.15,12.15,26.2,8.5,3.77,2.24,2.72,3.42,
2026-08-09 02:00:00,2,12.51,12.51,26.4,7.2,3.3,2.55,2.69,3.97,
2026-08-09 03:00:00,2,11.18,11.18,26.7,6.0,2.83,2.21,2.65,3.49,
2026-08-09 04:00:00,2,11.43,11.43,26.0,5.8,2.83,2.23,2.65,3.72,
2026-08-09 05:00:00,2,12.18,12.18,26.5,7.4,3.3,2.32,2.69,3.87,
2026-08-09 06:00:00,2,13.74,13.74,26.1,9.6,4.71,2.64,2.8,3.59,
2026-08-09 07:00:00,2,19.91,19.91,27.2,17.2,8.48,3.81,3.09,4.53,
2026-08-09 08:00:00,2,26.82,26.82,27.3,26.2,13.19,5.4,3.45,4.77,
2026-08-09 09:00:00,2,30.94,30.94,25.4,30.5,16.02,5.83,3.67,5.42,
2026-08-09 10:00:00,2,32.79,32.79,25.2,38.8,16.96,6.09,3.75,5.99,
2026-08-09 11:00:00,2,34.99,34.99,27.0,40.6,18.85,6.34,3.89,5.92,
2026-08-09 12:00:00,2,37.88,37.88,26.6,45.8,19.79,7.59,3.96,6.54,
2026-08-09 13:00:00,2,39.51,39.51,26.7,46.2,20.73,7.83,4.04,6.91,
2026-08-09 14:00:00,2,37.75,37.75,26.4,38.7,19.79,7.47,3.96,6.53,
2026-08-09 15:00:00,2,35.4,35.4,24.9,36.0,18.85,6.98,3.89,5.68,
2026-08-09 16:00:00,2,32.29,32.29,25.7,39.5,16.96,6.05,3.75,5.53,
2026-08-09 17:00:00,2,28.82,28.82,24.6,25.6,14.14,5.89,3.53,5.27,
2026-08-09 18:00:00,2,24.15,24.15,25.0,25.4,11.31,5.02,3.31,4.51,
2026-08-09 19:00:00,2,21.11,21.11,24.7,19.2,9.42,4.2,3.16,4.33,
2026-08-09 20:00:00,2,18.25,18.25,25.2,14.6,7.54,3.44,3.02,4.26,
2026-08-09 21:00:00,2,15.9,15.9,24.6,13.9,6.13,3.0,2.91,3.87,
2026-08-09 22:00:00,2,15.16,15.16,26.6,10.8,5.18,2.97,2.83,4.18,
2026-08-09 23:00:00,2,14.43,14.43,27.3,9.6,4.71,2.71,2.8,4.21,
2026-08-10 00:00:00,2,13.01,13.01,24.8,7.0,3.77,2.52,2.72,4.0,
2026-08-10 01:00:00,2,11.52,11.52,27.3,7.4,3.3,2.11,2.69,3.42,
2026-08-10 02:00:00,2,11.24,11.24,26.4,6.4,2.83,2.37,2.65,3.39,
2026-08-10 03:00:00,2,11.48,11.48,25.4,5.8,2.83,2.19,2.65,3.81,
2026-08-10 04:00:00,2,10.97,10.97,24.8,6.1,2.83,2.12,2.65,3.38,
2026-08-10 05:00:00,2,14.35,14.35,27.0,9.6,4.71,2.69,2.8,4.15,
2026-08-10 06:00:00,2,28.39,28.39,28.2,31.6,14.14,5.3,3.53,5.43,
2026-08-10 07:00:00,2,48.96,48.96,29.1,54.7,27.33,9.78,4.55,7.3,
2026-08-10 08:00:00,2,63.54,63.54,32.1,69.3,36.75,12.65,5.28,8.86,
2026-08-10 09:00:00,2,69.85,69.85,31.9,92.4,41.47,13.17,5.64,9.57,
2026-08-10 10:00:00,2,73.68,73.68,33.6,97.8,43.35,14.78,5.79,9.77,
2026-08-10 11:00:00,2,74.51,74.51,33.0,84.2,44.76,12.96,5.9,10.9,
2026-08-10 12:00:00,2,76.47,76.47,36.2,83.6,45.24,13.96,5.93,11.34,
2026-08-10 13:00:00,2,75.64,75.64,34.0,81.3,44.29,14.96,5.86,10.52,
2026-08-10 14:00:00,2,70.75,70.75,35.3,96.8,42.41,12.47,5.72,10.16,
2026-08-10 15:00:00,2,65.62,65.62,35.0,83.2,38.64,12.64,5.42,8.92,
2026-08-10 16:00:00,2,58.54,58.54,33.4,73.5,33.93,11.34,5.06,8.22,
2026-08-10 17:00:00,2,48.85,48.85,33.5,64.6,28.27,8.63,4.62,7.32,
2026-08-10 18:00:00,2,41.75,41.75,31.7,51.8,22.62,8.25,4.18,6.69,
2026-08-10 19:00:00,2,36.33,36.33,29.5,39.4,18.85,7.23,3.89,6.36,
2026-08-10 20:00:00,2,30.22,30.22,26.6,34.3,15.08,6.07,3.6,5.47,
2026-08-10 21:00:00,2,23.65,23.65,25.1,22.2,11.31,4.22,3.31,4.81,
2026-08-10 22:00:00,2,17.94,17.94,26.7,15.5,7.07,3.16,2.98,4.73,
2026-08-10 23:00:00,2,14.23,14.23,25.4,8.7,4.71,2.76,2.8,3.95,
2026-08-11 00:00:00,2,12.74,12.74,26.8,7.1,3.77,2.23,2.72,4.01,
2026-08-11 01:00:00,2,12.32,12.32,26.3,6.4,3.3,2.45,2.69,3.88,
2026-08-11 02:00:00,2,11.02,11.02,27.5,5.3,2.83,2.0,2.65,3.55,
2026-08-11 03:00:00,2,11.22,11.22,26.4,5.6,2.83,1.99,2.65,3.75,
2026-08-11 04:00:00,2,11.38,11.38,24.9,5.5,2.83,2.29,2.65,3.6,
2026-08-11 05:00:00,2,14.5,14.5,27.4,10.5,4.71,3.0,2.8,3.99,
2026-08-11 06:00:00,2,28.7,28.7,30.2,30.2,14.14,5.51,3.53,5.53,
2026-08-11 07:00:00,2,49.54,49.54,29.9,53.4,27.33,9.83,4.55,7.83,
2026-08-11 08:00:00,2,62.66,62.66,32.1,80.2,36.75,12.09,5.28,8.55,
2026-08-11 09:00:00,2,70.86,70.86,32.2,87.6,41.47,14.27,5.64,9.48,
2026-08-11 10:00:00,2,73.21,73.21,32.5,94.6,43.35,14.87,5.79,9.2,
2026-08-11 11:00:00,2,75.11,75.11,33.1,100.0,44.76,14.3,5.9,10.16,
2026-08-11 12:00:00,2,76.31,76.31,34.5,94.2,45.24,14.76,5.93,10.38,
2026-08-11 13:00:00,2,74.41,74.41,34.7,86.1,44.29,14.22,5.86,10.04,
2026-08-11 14:00:00,2,72.61,72.61,34.7,97.4,42.41,13.65,5.72,10.83,
2026-08-11 15:00:00,2,65.4,65.4,35.4,72.7,38.64,11.65,5.42,9.69,
2026-08-11 16:00:00,2,58.92,58.92,32.6,73.9,33.93,12.03,5.06,7.9,
2026-08-11 17:00:00,2,51.28,51.28,31.9,58.1,28.27,10.05,4.62,8.34,
2026-08-11 18:00:00,2,41.54,41.54,31.2,52.2,22.62,8.1,4.18,6.64,
2026-08-11 19:00:00,2,34.69,34.69,29.2,39.7,18.85,6.21,3.89,5.74,
2026-08-11 20:00:00,2,29.76,29.76,25.6,35.1,15.08,5.52,3.6,5.56,
2026-08-11 21:00:00,2,23.88,23.88,26.9,21.3,11.31,4.73,3.31,4.53,
2026-08-11 22:00:00,2,17.86,17.86,27.2,16.1,7.07,3.23,2.98,4.58,
2026-08-11 23:00:00,2,14.39,14.39,26.0,8.8,4.71,2.65,2.8,4.23,
2026-08-12 00:00:00,2,13.08,13.08,25.8,7.9,3.77,2.49,2.72,4.09,
2026-08-12 01:00:00,2,12.21,12.21,26.8,6.8,3.3,2.43,2.69,3.79,
2026-08-12 02:00:00,2,11.25,11.25,26.8,5.9,2.83,2.17,2.65,3.6,
2026-08-12 03:00:00,2,11.45,11.45,25.8,6.4,2.83,2.11,2.65,3.86,
2026-08-12 04:00:00,2,11.11,11.11,26.5,5.7,2.83,2.07,2.65,3.56,
2026-08-12 05:00:00,2,14.58,14.58,26.1,10.9,4.71,2.95,2.8,4.12,
2026-08-12 06:00:00,2,28.87,28.87,29.4,32.0,14.14,5.7,3.53,5.5,
2026-08-12 07:00:00,2,48.24,48.24,31.2,59.6,27.33,9.42,4.55,6.95,
2026-08-12 08:00:00,2,63.5,63.5,31.8,70.1,36.75,12.32,5.28,9.14,
2026-08-12 09:00:00,2,69.38,69.38,31.4,87.3,41.47,12.57,5.64,9.7,
2026-08-12 10:00:00,2,73.71,73.71,34.9,81.0,43.35,15.17,5.79,9.4,
2026-08-12 11:00:00,2,74.98,74.98,33.0,99.4,44.76,13.63,5.9,10.69,
2026-08-12 12:00:00,2,77.12,77.12,36.0,92.3,45.24,15.39,5.93,10.56,
2026-08-12 13:00:00,2,74.63,74.63,34.7,81.0,44.29,15.26,5.86,9.22,
2026-08-12 14:00:00,2,72.32,72.32,34.7,85.8,42.41,14.66,5.72,9.53,
2026-08-12 15:00:00,2,64.32,64.32,33.7,72.1,38.64,11.58,5.42,8.68,
2026-08-12 16:00:00,2,57.51,57.51,32.6,65.8,33.93,10.3,5.06,8.22,
2026-08-12 17:00:00,2,50.08,50.08,32.5,53.5,28.27,9.8,4.62,7.39,
2026-08-12 18:00:00,2,41.08,41.08,30.2,41.5,22.62,7.76,4.18,6.52,
2026-08-12 19:00:00,2,35.98,35.98,30.1,37.2,18.85,6.67,3.89,6.58,
2026-08-12 20:00:00,2,30.38,30.38,24.9,28.8,15.08,6.04,3.6,5.67,
2026-08-12 21:00:00,2,23.76,23.76,26.0,24.9,11.31,4.54,3.31,4.6,
2026-08-12 22:00:00,2,17.7,17.7,24.7,14.5,7.07,3.36,2.98,4.3,
2026-08-12 23:00:00,2,14.21,14.21,25.7,9.1,4.71,2.95,2.8,3.76,
2026-08-13 00:00:00,2,12.66,12.66,27.4,8.2,3.77,2.34,2.72,3.83,
2026-08-13 01:00:00,2,11.67,11.67,26.9,6.5,3.3,2.28,2.69,3.4,
2026-08-13 02:00:00,2,11.42,11.42,26.4,5.4,2.83,2.39,2.65,3.55,
2026-08-13 03:00:00,2,11.27,11.27,27.5,6.3,2.83,2.21,2.65,3.58,
2026-08-13 04:00:00,2,11.06,11.06,27.2,5.8,2.83,1.97,2.65,3.61,
2026-08-13 05:00:00,2,14.05,14.05,27.0,9.2,4.71,2.99,2.8,3.54,
2026-08-13 06:00:00,2,29.04,29.04,30.3,29.1,14.14,5.58,3.53,5.79,
2026-08-13 07:00:00,2,49.07,49.07,30.0,54.4,27.33,9.55,4.55,7.64,
2026-08-13 08:00:00,2,63.76,63.76,31.6,67.2,36.75,12.61,5.28,9.12,
2026-08-13 09:00:00,2,68.55,68.55,32.1,83.5,41.47,12.4,5.64,9.04,
2026-08-13 10:00:00,2,73.17,73.17,33.9,84.6,43.35,13.76,5.79,10.27,
2026-08-13 11:00:00,2,75.49,75.49,35.8,88.3,44.76,14.89,5.9,9.94,
2026-08-13 12:00:00,2,75.35,75.35,34.1,99.7,45.24,14.36,5.93,9.82,
2026-08-13 13:00:00,2,74.66,74.66,36.4,87.9,44.29,14.11,5.86,10.4,
2026-08-13 14:00:00,2,71.11,71.11,33.4,92.1,42.41,14.08,5.72,8.91,
2026-08-13 15:00:00,2,66.22,66.22,34.3,88.2,38.64,13.02,5.42,9.14,
2026-08-13 16:00:00,2,59.41,59.41,34.9,73.9,33.93,11.81,5.06,8.62,
2026-08-13 17:00:00,2,48.6,48.6,33.6,60.7,28.27,8.77,4.62,6.94,
2026-08-13 18:00:00,2,41.58,41.58,32.6,48.9,22.62,8.21,4.18,6.57,
2026-08-13 19:00:00,2,35.16,35.16,31.3,42.3,18.85,6.65,3.89,5.77,
2026-08-13 20:00:00,2,29.39,29.39,26.8,32.8,15.08,5.18,3.6,5.53,
2026-08-13 21:00:00,2,23.51,23.51,27.3,23.1,11.31,4.39,3.31,4.5,
2026-08-13 22:00:00,2,17.33,17.33,25.3,16.2,7.07,3.32,2.98,3.96,
2026-08-13 23:00:00,2,14.09,14.09,26.3,9.3,4.71,2.86,2.8,3.73,
2026-08-14 00:00:00,2,12.94,12.94,26.0,7.5,3.77,2.35,2.72,4.09,
2026-08-14 01:00:00,2,12.12,12.12,26.6,6.3,3.3,2.18,2.69,3.95,
2026-08-14 02:00:00,2,11.33,11.33,25.7,6.4,2.83,2.22,2.65,3.63,
2026-08-14 03:00:00,2,11.47,11.47,26.2,6.1,2.83,2.22,2.65,3.77,
2026-08-14 04:00:00,2,10.83,10.83,26.2,5.2,2.83,2.03,2.65,3.32,
2026-08-14 05:00:00,2,14.05,14.05,25.3,9.9,4.71,2.59,2.8,3.95,
2026-08-14 06:00:00,2,29.29,29.29,29.8,26.9,14.14,5.67,3.53,5.96,
2026-08-14 07:00:00,2,48.32,48.32,30.9,57.0,27.33,8.84,4.55,7.6,
2026-08-14 08:00:00,2,64.21,64.21,31.5,84.6,36.75,12.38,5.28,9.8,
2026-08-14 09:00:00,2,71.04,71.04,31.4,95.5,41.47,13.23,5.64,10.71,
2026-08-14 10:00:00,2,72.76,72.76,33.0,93.8,43.35,13.86,5.79,9.77,
2026-08-14 11:00:00,2,74.05,74.05,35.2,100.0,44.76,13.57,5.9,9.81,
2026-08-14 12:00:00,2,73.95,73.95,34.6,92.4,45.24,13.07,5.93,9.71,
2026-08-14 13:00:00,2,73.71,73.71,33.7,93.3,44.29,12.88,5.86,10.68,
2026-08-14 14:00:00,2,70.04,70.04,36.3,86.0,42.41,12.52,5.72,9.4,
2026-08-14 15:00:00,2,65.51,65.51,33.4,76.1,38.64,12.9,5.42,8.55,
2026-08-14 16:00:00,2,59.18,59.18,33.6,75.7,33.93,11.43,5.06,8.77,
2026-08-14 17:00:00,2,48.98,48.98,32.2,54.8,28.27,8.82,4.62,7.26,
2026-08-14 18:00:00,2,41.64,41.64,31.1,41.5,22.62,7.67,4.18,7.17,
2026-08-14 19:00:00,2,36.24,36.24,31.7,41.8,18.85,7.0,3.89,6.5,
2026-08-14 20:00:00,2,29.03,29.03,26.4,31.8,15.08,5.27,3.6,5.09,
2026-08-14 21:00:00,2,24.14,24.14,24.6,22.3,11.31,4.97,3.31,4.55,
2026-08-14 22:00:00,2,17.57,17.57,24.9,16.2,7.07,3.38,2.98,4.14,
2026-08-14 23:00:00,2,14.33,14.33,26.4,8.7,4.71,2.83,2.8,3.98,
2026-08-15 00:00:00,2,14.16,14.16,25.4,9.5,4.71,2.51,2.8,4.14,
2026-08-15 01:00:00,2,12.45,12.45,25.2,8.0,3.77,2.54,2.72,3.42,
2026-08-15 02:00:00,2,12.29,12.29,25.7,7.3,3.3,2.5,2.69,3.8,
2026-08-15 03:00:00,2,11.4,11.4,25.5,6.5,2.83,2.31,2.65,3.61,
2026-08-15 04:00:00,2,11.2,11.2,25.5,5.4,2.83,2.01,2.65,3.71,
2026-08-15 05:00:00,2,11.94,11.94,24.7,7.3,3.3,2.18,2.69,3.77,
2026-08-15 06:00:00,2,14.32,14.32,26.4,9.1,4.71,2.69,2.8,4.11,
2026-08-15 07:00:00,2,19.76,19.76,25.8,16.4,8.48,4.06,3.09,4.13,
2026-08-15 08:00:00,2,27.87,27.87,25.4,26.9,13.19,5.68,3.45,5.55,
2026-08-15 09:00:00,2,31.36,31.36,25.4,36.4,16.02,6.35,3.67,5.32,
2026-08-15 10:00:00,2,32.13,32.13,25.4,33.7,16.96,6.13,3.75,5.3,
2026-08-15 11:00:00,2,35.15,35.15,26.3,40.8,18.85,6.23,3.89,6.18,
2026-08-15 12:00:00,2,36.69,36.69,27.0,44.7,19.79,7.0,3.96,5.94,
2026-08-15 13:00:00,2,38.84,38.84,25.1,47.4,20.73,7.81,4.04,6.26,
2026-08-15 14:00:00,2,38.0,38.0,26.5,43.0,19.79,7.8,3.96,6.45,
2026-08-15 15:00:00,2,36.53,36.53,25.5,39.8,18.85,7.47,3.89,6.31,
2026-08-15 16:00:00,2,33.16,33.16,25.8,32.1,16.96,6.24,3.75,6.21,
2026-08-15 17:00:00,2,27.72,27.72,24.6,27.1,14.14,4.93,3.53,5.13,
2026-08-15 18:00:00,2,24.24,24.24,25.2,24.1,11.31,4.41,3.31,5.21,
2026-08-15 19:00:00,2,21.29,21.29,27.4,18.7,9.42,4.3,3.16,4.41,
2026-08-15 20:00:00,2,18.02,18.02,25.1,17.6,7.54,3.46,3.02,4.01,
2026-08-15 21:00:00,2,15.95,15.95,24.6,11.4,6.13,3.01,2.91,3.91,
2026-08-15 22:00:00,2,14.26,14.26,26.3,11.5,5.18,2.61,2.83,3.63,
2026-08-15 23:00:00,2,14.56,14.56,25.1,8.9,4.71,2.95,2.8,4.11,
2026-08-16 00:00:00,2,13.63,13.63,25.5,9.9,4.71,2.56,2.8,3.56,
2026-08-16 01:00:00,2,12.64,12.64,27.0,8.6,3.77,2.23,2.72,3.92,
2026-08-16 02:00:00,2,12.17,12.17,25.6,7.3,3.3,2.14,2.69,4.04,
2026-08-16 03:00:00,2,11.56,11.56,25.4,5.5,2.83,2.32,2.65,3.76,
2026-08-16 04:00:00,2,11.8,11.8,27.3,6.6,2.83,2.41,2.65,3.92,
2026-08-16 05:00:00,2,12.17,12.17,27.1,6.1,3.3,2.16,2.69,4.03,
2026-08-16 06:00:00,2,14.02,14.02,26.9,9.0,4.71,2.67,2.8,3.84,
2026-08-16 07:00:00,2,19.33,19.33,26.3,19.7,8.48,3.63,3.09,4.12,
2026-08-16 08:00:00,2,27.47,27.47,26.3,25.1,13.19,5.24,3.45,5.58,
2026-08-16 09:00:00,2,32.22,32.22,25.5,29.4,16.02,6.38,3.67,6.15,
2026-08-16 10:00:00,2,33.02,33.02,27.1,39.3,16.96,6.78,3.75,5.53,
2026-08-16 11:00:00,2,35.44,35.44,24.7,38.7,18.85,7.06,3.89,5.63,
2026-08-16 12:00:00,2,37.41,37.41,26.0,43.6,19.79,7.32,3.96,6.33,
2026-08-16 13:00:00,2,38.2,38.2,26.0,42.5,20.73,7.12,4.04,6.31,
2026-08-16 14:00:00,2,36.89,36.89,26.6,43.2,19.79,7.11,3.96,6.03,
2026-08-16 15:00:00,2,35.29,35.29,25.7,43.2,18.85,6.95,3.89,5.6,
2026-08-16 16:00:00,2,33.21,33.21,25.2,32.4,16.96,6.75,3.75,5.75,
2026-08-16 17:00:00,2,29.11,29.11,25.4,32.2,14.14,5.55,3.53,5.9,
2026-08-16 18:00:00,2,23.49,23.49,25.6,23.7,11.31,4.31,3.31,4.57,
2026-08-16 19:00:00,2,21.41,21.41,25.8,18.8,9.42,4.17,3.16,4.65,
2026-08-16 20:00:00,2,18.39,18.39,26.4,15.3,7.54,3.53,3.02,4.3,
2026-08-16 21:00:00,2,16.0,16.0,26.9,12.1,6.13,3.07,2.91,3.89,
2026-08-16 22:00:00,2,14.48,14.48,25.2,11.1,5.18,2.79,2.83,3.68,
2026-08-16 23:00:00,2,14.49,14.49,27.0,9.8,4.71,2.81,2.8,4.16,
2026-08-17 00:00:00,2,12.18,12.18,27.3,7.0,3.77,2.25,2.72,3.44,
2026-08-17 01:00:00,2,11.8,11.8,25.1,6.3,3.3,2.25,2.69,3.57,
2026-08-17 02:00:00,2,11.36,11.36,26.9,6.1,2.83,2.09,2.65,3.79,
2026-08-17 03:00:00,2,11.59,11.59,27.5,6.6,2.83,2.3,2.65,3.81,
2026-08-17 04:00:00,2,11.45,11.45,27.2,5.1,2.83,2.1,2.65,3.87,
2026-08-17 05:00:00,2,14.19,14.19,26.8,9.5,4.71,2.68,2.8,4.0,
2026-08-17 06:00:00,2,28.86,28.86,29.5,29.0,14.14,5.49,3.53,5.71,
2026-08-17 07:00:00,2,48.56,48.56,29.3,55.1,27.33,8.79,4.55,7.89,
2026-08-17 08:00:00,2,64.22,64.22,31.5,76.4,36.75,12.73,5.28,9.47,
2026-08-17 09:00:00,2,70.68,70.68,33.4,85.0,41.47,14.19,5.64,9.38,
2026-08-17 10:00:00,2,73.11,73.11,32.8,95.9,43.35,14.51,5.79,9.46,
2026-08-17 11:00:00,2,75.09,75.09,34.3,94.0,44.76,14.0,5.9,10.43,
2026-08-17 12:00:00,2,75.23,75.23,33.7,100.0,45.24,13.08,5.93,10.98,
2026-08-17 13:00:00,2,74.72,74.72,36.0,87.9,44.29,14.0,5.86,10.57,
2026-08-17 14:00:00,2,71.46,71.46,34.6,94.0,42.41,13.78,5.72,9.55,
2026-08-17 15:00:00,2,66.37,66.37,33.0,85.8,38.64,13.65,5.42,8.66,
2026-08-17 16:00:00,2,59.22,59.22,35.0,67.1,33.93,11.51,5.06,8.73,
2026-08-17 17:00:00,2,50.6,50.6,33.1,64.0,28.27,10.5,4.62,7.21,
2026-08-17 18:00:00,2,40.48,40.48,31.3,47.2,22.62,7.44,4.18,6.24,
2026-08-17 19:00:00,2,35.79,35.79,30.5,38.5,18.85,7.38,3.89,5.67,
2026-08-17 20:00:00,2,29.67,29.67,24.8,31.6,15.08,5.21,3.6,5.79,
2026-08-17 21:00:00,2,24.31,24.31,26.0,21.5,11.31,4.25,3.31,5.44,
2026-08-17 22:00:00,2,17.51,17.51,25.4,13.6,7.07,3.53,2.98,3.94,
2026-08-17 23:00:00,2,14.29,14.29,24.7,9.8,4.71,2.56,2.8,4.22,
2026-08-18 00:00:00,2,12.58,12.58,25.7,7.1,3.77,2.27,2.72,3.82,
2026-08-18 01:00:00,2,12.51,12.51,25.9,6.1,3.3,2.54,2.69,3.98,
2026-08-18 02:00:00,2,11.43,11.43,24.9,5.4,2.83,2.16,2.65,3.79,
2026-08-18 03:00:00,2,11.56,11.56,25.9,6.0,2.83,2.38,2.65,3.7,
2026-08-18 04:00:00,2,10.85,10.85,26.0,6.1,2.83,2.09,2.65,3.28,
2026-08-18 05:00:00,2,14.37,14.37,24.9,8.7,4.71,2.68,2.8,4.18,
2026-08-18 06:00:00,2,28.93,28.93,29.1,32.3,14.14,5.89,3.53,5.38,
2026-08-18 07:00:00,2,48.87,48.87,30.6,60.0,27.33,8.91,4.55,8.08,
2026-08-18 08:00:00,2,63.22,63.22,31.5,80.0,36.75,12.55,5.28,8.64,
2026-08-18 09:00:00,2,68.9,68.9,33.1,92.6,41.47,12.54,5.64,9.26,
2026-08-18 10:00:00,2,73.84,73.84,34.9,95.1,43.35,13.84,5.79,10.87,
2026-08-18 11:00:00,2,75.9,75.9,33.5,94.3,44.76,14.06,5.9,11.18,
2026-08-18 12:00:00,2,75.62,75.62,34.1,100.0,45.24,13.84,5.93,10.61,
2026-08-18 13:00:00,2,75.59,75.59,34.4,100.0,44.29,14.79,5.86,10.65,
2026-08-18 14:00:00,2,73.15,73.15,34.0,87.6,42.41,15.03,5.72,10.0,
2026-08-18 15:00:00,2,65.45,65.45,35.9,71.3,38.64,11.59,5.42,9.8,
2026-08-18 16:00:00,2,58.21,58.21,33.2,69.3,33.93,10.66,5.06,8.56,
2026-08-18 17:00:00,2,50.88,50.88,32.6,52.1,28.27,9.95,4.62,8.04,
2026-08-18 18:00:00,2,41.93,41.93,31.2,49.8,22.62,8.5,4.18,6.63,
2026-08-18 19:00:00,2,36.11,36.11,28.9,35.1,18.85,7.41,3.89,5.96,
2026-08-18 20:00:00,2,29.56,29.56,26.7,31.1,15.08,5.25,3.6,5.63,
2026-08-18 21:00:00,2,24.23,24.23,25.2,26.1,11.31,4.32,3.31,5.3,
2026-08-18 22:00:00,2,17.1,17.1,27.0,13.4,7.07,3.09,2.98,3.96,
2026-08-18 23:00:00,2,13.79,13.79,25.4,9.8,4.71,2.68,2.8,3.6,
2026-08-19 00:00:00,2,12.47,12.47,26.8,8.2,3.77,2.29,2.72,3.68,
2026-08-19 01:00:00,2,11.9,11.9,25.2,6.0,3.3,2.41,2.69,3.5,
2026-08-19 02:00:00,2,11.54,11.54,26.6,6.4,2.83,2.33,2.65,3.74,
2026-08-19 03:00:00,2,11.12,11.12,26.6,6.4,2.83,2.14,2.65,3.5,
2026-08-19 04:00:00,2,11.62,11.62,24.7,5.1,2.83,2.31,2.65,3.83,
2026-08-19 05:00:00,2,13.72,13.72,27.3,9.4,4.71,2.59,2.8,3.62,
2026-08-19 06:00:00,2,28.05,28.05,28.8,32.9,14.14,5.29,3.53,5.09,
2026-08-19 07:00:00,2,49.85,49.85,30.8,52.5,27.33,10.01,4.55,7.96,
2026-08-19 08:00:00,2,62.12,62.12,32.6,69.6,36.75,11.24,5.28,8.85,
2026-08-19 09:00:00,2,69.82,69.82,31.6,82.0,41.47,13.57,5.64,9.14,
2026-08-19 10:00:00,2,73.6,73.6,32.8,90.7,43.35,15.18,5.79,9.28,
2026-08-19 11:00:00,2,74.15,74.15,33.5,89.2,44.76,13.43,5.9,10.07,
2026-08-19 12:00:00,2,74.99,74.99,34.3,90.9,45.24,14.38,5.93,9.44,
2026-08-19 13:00:00,2,73.32,73.32,35.9,95.2,44.29,13.85,5.86,9.31,
2026-08-19 14:00:00,2,72.92,72.92,34.0,83.3,42.41,13.95,5.72,10.85,
2026-08-19 15:00:00,2,67.83,67.83,33.2,80.7,38.64,13.82,5.42,9.95,
2026-08-19 16:00:00,2,59.8,59.8,32.7,78.5,33.93,11.44,5.06,9.38,
2026-08-19 17:00:00,2,51.33,51.33,33.3,61.2,28.27,10.48,4.62,7.96,
2026-08-19 18:00:00,2,41.87,41.87,31.1,48.4,22.62,8.54,4.18,6.52,
2026-08-19 19:00:00,2,35.66,35.66,31.4,38.8,18.85,6.61,3.89,6.31,
2026-08-19 20:00:00,2,29.86,29.86,26.3,30.3,15.08,5.91,3.6,5.28,
2026-08-19 21:00:00,2,24.11,24.11,26.3,26.3,11.31,4.4,3.31,5.1,
2026-08-19 22:00:00,2,18.16,18.16,27.2,13.9,7.07,3.58,2.98,4.53,
2026-08-19 23:00:00,2,13.95,13.95,26.4,8.6,4.71,2.67,2.8,3.78,
2026-08-20 00:00:00,2,12.84,12.84,25.0,7.2,3.77,2.23,2.72,4.11,
2026-08-20 01:00:00,2,12.01,12.01,26.3,7.6,3.3,2.44,2.69,3.59,
2026-08-20 02:00:00,2,11.43,11.43,25.3,6.1,2.83,2.3,2.65,3.65,
2026-08-20 03:00:00,2,10.87,10.87,27.4,6.1,2.83,2.1,2.65,3.29,
2026-08-20 04:00:00,2,11.22,11.22,27.0,5.6,2.83,2.08,2.65,3.67,
2026-08-20 05:00:00,2,14.19,14.19,27.2,10.2,4.71,2.6,2.8,4.08,
2026-08-20 06:00:00,2,28.24,28.24,29.7,30.1,14.14,5.34,3.53,5.23,
2026-08-20 07:00:00,2,48.73,48.73,30.2,49.4,27.33,9.99,4.55,6.87,
2026-08-20 08:00:00,2,61.68,61.68,30.7,78.7,36.75,11.18,5.28,8.47,
2026-08-20 09:00:00,2,71.99,71.99,31.5,87.8,41.47,14.29,5.64,10.59,
2026-08-20 10:00:00,2,73.39,73.39,32.9,80.0,43.35,14.58,5.79,9.67,
2026-08-20 11:00:00,2,73.85,73.85,35.1,86.6,44.76,13.43,5.9,9.75,
2026-08-20 12:00:00,2,75.93,75.93,34.2,92.4,45.24,14.89,5.93,9.87,
2026-08-20 13:00:00,2,75.71,75.71,35.8,81.8,44.29,15.57,5.86,9.99,
2026-08-20 14:00:00,2,72.18,72.18,33.9,86.4,42.41,13.69,5.72,10.36,
2026-08-20 15:00:00,2,65.79,65.79,35.2,86.5,38.64,13.32,5.42,8.41,
2026-08-20 16:00:00,2,60.06,60.06,33.3,76.6,33.93,11.8,5.06,9.28,
2026-08-20 17:00:00,2,50.19,50.19,33.0,53.3,28.27,10.01,4.62,7.29,
2026-08-20 18:00:00,2,41.45,41.45,31.5,46.2,22.62,7.74,4.18,6.91,
2026-08-20 19:00:00,2,35.28,35.28,29.1,35.4,18.85,6.8,3.89,5.75,
2026-08-20 20:00:00,2,30.25,30.25,25.1,27.3,15.08,5.75,3.6,5.83,
2026-08-20 21:00:00,2,25.13,25.13,26.0,26.0,11.31,5.06,3.31,5.45,
2026-08-20 22:00:00,2,17.95,17.95,25.6,14.6,7.07,3.52,2.98,4.39,
2026-08-20 23:00:00,2,14.32,14.32,25.7,8.6,4.71,2.97,2.8,3.85,
2026-08-21 00:00:00,2,12.53,12.53,26.2,7.2,3.77,2.43,2.72,3.6,
2026-08-21 01:00:00,2,12.02,12.02,27.2,7.2,3.3,2.33,2.69,3.7,
2026-08-21 02:00:00,2,11.68,11.68,26.6,6.1,2.83,2.25,2.65,3.95,
2026-08-21 03:00:00,2,11.33,11.33,26.7,5.5,2.83,1.99,2.65,3.87,
2026-08-21 04:00:00,2,11.5,11.5,26.4,6.1,2.83,2.28,2.65,3.74,
2026-08-21 05:00:00,2,14.09,14.09,25.3,9.6,4.71,2.84,2.8,3.74,
2026-08-21 06:00:00,2,28.41,28.41,29.3,32.6,14.14,5.85,3.53,4.9,
2026-08-21 07:00:00,2,49.31,49.31,31.1,58.6,27.33,10.08,4.55,7.36,
2026-08-21 08:00:00,2,62.56,62.56,31.9,83.9,36.75,12.08,5.28,8.44,
2026-08-21 09:00:00,2,69.21,69.21,32.5,93.1,41.47,12.74,5.64,9.36,
2026-08-21 10:00:00,2,72.42,72.42,35.1,93.3,43.35,13.63,5.79,9.66,
2026-08-21 11:00:00,2,75.1,75.1,34.1,100.0,44.76,15.02,5.9,9.42,
2026-08-21 12:00:00,2,74.82,74.82,35.3,100.0,45.24,14.05,5.93,9.6,
2026-08-21 13:00:00,2,73.89,73.89,35.7,100.0,44.29,13.94,5.86,9.8,
2026-08-21 14:00:00,2,69.48,69.48,36.3,94.9,42.41,12.32,5.72,9.04,
2026-08-21 15:00:00,2,66.77,66.77,35.0,80.5,38.64,12.97,5.42,9.73,
2026-08-21 16:00:00,2,58.7,58.7,32.7,67.9,33.93,11.68,5.06,8.04,
2026-08-21 17:00:00,2,50.52,50.52,31.8,65.2,28.27,9.48,4.62,8.14,
2026-08-21 18:00:00,2,41.35,41.35,30.7,41.5,22.62,7.43,4.18,7.12,
2026-08-21 19:00:00,2,35.78,35.78,29.6,43.0,18.85,6.72,3.89,6.33,
2026-08-21 20:00:00,2,29.38,29.38,26.4,34.1,15.08,5.36,3.6,5.34,
2026-08-21 21:00:00,2,24.19,24.19,25.6,22.1,11.31,4.5,3.31,5.06,
2026-08-21 22:00:00,2,17.13,17.13,25.9,15.3,7.07,3.15,2.98,3.93,
2026-08-21 23:00:00,2,14.61,14.61,26.8,8.5,4.71,2.78,2.8,4.32,
2026-08-22 00:00:00,2,13.99,13.99,24.8,9.8,4.71,2.47,2.8,4.02,
2026-08-22 01:00:00,2,12.94,12.94,27.5,8.3,3.77,2.68,2.72,3.77,
2026-08-22 02:00:00,2,12.25,12.25,25.5,6.7,3.3,2.27,2.69,4.0,
2026-08-22 03:00:00,2,11.62,11.62,27.5,6.3,2.83,2.38,2.65,3.76,
2026-08-22 04:00:00,2,11.12,11.12,25.6,5.2,2.83,2.13,2.65,3.52,
2026-08-22 05:00:00,2,12.28,12.28,24.8,6.7,3.3,2.42,2.69,3.88,
2026-08-22 06:00:00,2,14.53,14.53,27.2,8.8,4.71,2.79,2.8,4.23,
2026-08-22 07:00:00,2,20.06,20.06,25.3,18.4,8.48,4.07,3.09,4.41,
2026-08-22 08:00:00,2,27.01,27.01,26.4,28.4,13.19,5.17,3.45,5.19,
2026-08-22 09:00:00,2,32.35,32.35,25.1,37.3,16.02,6.57,3.67,6.08,
2026-08-22 10:00:00,2,32.66,32.66,24.5,33.8,16.96,5.72,3.75,6.23,
2026-08-22 11:00:00,2,35.77,35.77,25.5,38.4,18.85,6.99,3.89,6.05,
2026-08-22 12:00:00,2,37.63,37.63,26.3,36.6,19.79,7.01,3.96,6.87,
2026-08-22 13:00:00,2,39.68,39.68,27.3,48.3,20.73,7.91,4.04,6.99,
2026-08-22 14:00:00,2,36.3,36.3,26.7,38.8,19.79,6.68,3.96,5.87,
2026-08-22 15:00:00,2,36.24,36.24,26.1,39.7,18.85,7.33,3.89,6.18,
2026-08-22 16:00:00,2,32.83,32.83,24.9,37.8,16.96,6.04,3.75,6.08,
2026-08-22 17:00:00,2,28.14,28.14,26.1,32.1,14.14,5.11,3.53,5.37,
2026-08-22 18:00:00,2,23.72,23.72,24.8,24.4,11.31,4.41,3.31,4.69,
2026-08-22 19:00:00,2,20.97,20.97,26.8,20.3,9.42,3.77,3.16,4.62,
2026-08-22 20:00:00,2,19.15,19.15,26.6,14.2,7.54,3.86,3.02,4.74,
2026-08-22 21:00:00,2,16.17,16.17,26.8,11.8,6.13,2.99,2.91,4.14,
2026-08-22 22:00:00,2,14.72,14.72,27.2,9.7,5.18,2.66,2.83,4.04,
2026-08-22 23:00:00,2,14.58,14.58,26.7,8.7,4.71,2.84,2.8,4.23,
2026-08-23 00:00:00,2,14.35,14.35,27.3,10.4,4.71,2.79,2.8,4.05,
2026-08-23 01:00:00,2,12.77,12.77,25.6,8.2,3.77,2.58,2.72,3.7,
2026-08-23 02:00:00,2,12.42,12.42,26.4,6.9,3.3,2.49,2.69,3.94,
2026-08-23 03:00:00,2,10.83,10.83,25.2,5.3,2.83,2.01,2.65,3.34,
2026-08-23 04:00:00,2,11.13,11.13,26.7,6.5,2.83,2.3,2.65,3.36,
2026-08-23 05:00:00,2,12.29,12.29,25.6,7.4,3.3,2.54,2.69,3.77,
2026-08-23 06:00:00,2,14.47,14.47,24.5,8.7,4.71,2.76,2.8,4.21,
2026-08-23 07:00:00,2,19.99,19.99,27.4,16.7,8.48,3.73,3.09,4.7,
2026-08-23 08:00:00,2,26.94,26.94,26.9,27.4,13.19,5.3,3.45,4.98,
2026-08-23 09:00:00,2,30.98,30.98,25.7,33.5,16.02,5.97,3.67,5.32,
2026-08-23 10:00:00,2,32.82,32.82,27.3,38.1,16.96,6.29,3.75,5.82,
2026-08-23 11:00:00,2,36.35,36.35,26.3,35.5,18.85,7.07,3.89,6.54,
2026-08-23 12:00:00,2,37.54,37.54,26.6,42.0,19.79,6.84,3.96,6.94,
2026-08-23 13:00:00,2,38.9,38.9,24.9,48.4,20.73,7.69,4.04,6.44,
2026-08-23 14:00:00,2,37.32,37.32,27.0,40.9,19.79,7.4,3.96,6.16,
2026-08-23 15:00:00,2,35.84,35.84,27.4,37.3,18.85,7.29,3.89,5.81,
2026-08-23 16:00:00,2,32.6,32.6,26.7,37.9,16.96,6.55,3.75,5.35,
2026-08-23 17:00:00,2,28.43,28.43,27.1,26.8,14.14,5.46,3.53,5.31,
2026-08-23 18:00:00,2,25.06,25.06,27.5,24.4,11.31,4.98,3.31,5.47,
2026-08-23 19:00:00,2,21.98,21.98,26.1,18.7,9.42,4.25,3.16,5.14,
2026-08-23 20:00:00,2,18.32,18.32,26.8,15.2,7.54,3.58,3.02,4.19,
2026-08-23 21:00:00,2,16.47,16.47,26.6,11.7,6.13,3.37,2.91,4.07,
2026-08-23 22:00:00,2,15.19,15.19,24.9,11.4,5.18,2.92,2.83,4.26,
2026-08-23 23:00:00,2,13.89,13.89,27.0,10.3,4.71,2.71,2.8,3.67,
2026-08-24 00:00:00,2,12.37,12.37,24.9,8.2,3.77,2.36,2.72,3.52,
2026-08-24 01:00:00,2,11.77,11.77,25.2,7.3,3.3,2.44,2.69,3.35,
2026-08-24 02:00:00,2,11.74,11.74,26.7,6.0,2.83,2.27,2.65,3.99,
2026-08-24 03:00:00,2,11.52,11.52,24.9,6.5,2.83,2.16,2.65,3.89,
2026-08-24 04:00:00,2,11.28,11.28,27.3,5.2,2.83,2.4,2.65,3.41,
2026-08-24 05:00:00,2,14.34,14.34,24.7,11.0,4.71,2.82,2.8,4.01,
2026-08-24 06:00:00,2,27.95,27.95,30.4,30.2,14.14,5.37,3.53,4.92,
2026-08-24 07:00:00,2,49.72,49.72,29.6,56.4,27.33,9.65,4.55,8.19,
2026-08-24 08:00:00,2,64.06,64.06,32.1,73.6,36.75,12.5,5.28,9.53,
2026-08-24 09:00:00,2,71.53,71.53,33.2,91.9,41.47,14.38,5.64,10.04,
2026-08-24 10:00:00,2,72.0,72.0,33.0,93.2,43.35,13.58,5.79,9.28,
2026-08-24 11:00:00,2,75.8,75.8,33.2,92.4,44.76,14.85,5.9,10.29,
2026-08-24 12:00:00,2,75.75,75.75,33.4,95.4,45.24,14.71,5.93,9.87,
2026-08-24 13:00:00,2,73.63,73.63,35.7,98.6,44.29,13.32,5.86,10.16,
2026-08-24 14:00:00,2,71.1,71.1,35.3,86.3,42.41,13.88,5.72,9.1,
2026-08-24 15:00:00,2,66.1,66.1,33.1,88.3,38.64,13.33,5.42,8.71,
2026-08-24 16:00:00,2,58.95,58.95,34.6,61.6,33.93,11.34,5.06,8.62,
2026-08-24 17:00:00,2,50.3,50.3,33.7,58.3,28.27,9.61,4.62,7.79,
2026-08-24 18:00:00,2,41.25,41.25,32.2,50.3,22.62,7.34,4.18,7.11,
2026-08-24 19:00:00,2,35.44,35.44,31.7,43.0,18.85,6.4,3.89,6.29,
2026-08-24 20:00:00,2,29.92,29.92,25.0,31.6,15.08,6.09,3.6,5.16,
2026-08-24 21:00:00,2,23.99,23.99,24.9,21.6,11.31,4.34,3.31,5.04,
2026-08-24 22:00:00,2,18.11,18.11,27.1,12.9,7.07,3.75,2.98,4.31,
2026-08-24 23:00:00,2,14.49,14.49,25.6,9.9,4.71,2.69,2.8,4.29,
2026-08-25 00:00:00,2,12.98,12.98,24.5,7.4,3.77,2.68,2.72,3.8,
2026-08-25 01:00:00,2,12.06,12.06,26.8,7.1,3.3,2.3,2.69,3.77,
2026-08-25 02:00:00,2,11.41,11.41,26.6,5.9,2.83,2.4,2.65,3.53,
2026-08-25 03:00:00,2,11.36,11.36,26.1,5.4,2.83,2.01,2.65,3.87,
2026-08-25 04:00:00,2,11.46,11.46,25.2,5.4,2.83,2.1,2.65,3.88,
2026-08-25 05:00:00,2,13.92,13.92,27.4,10.0,4.71,2.58,2.8,3.83,
2026-08-25 06:00:00,2,27.83,27.83,27.9,30.2,14.14,5.01,3.53,5.16,
2026-08-25 07:00:00,2,47.88,47.88,30.0,62.4,27.33,9.12,4.55,6.89,
2026-08-25 08:00:00,2,63.6,63.6,30.9,74.6,36.75,12.51,5.28,9.07,
2026-08-25 09:00:00,2,71.97,71.97,31.5,90.9,41.47,14.73,5.64,10.13,
2026-08-25 10:00:00,2,74.22,74.22,32.8,86.8,43.35,14.39,5.79,10.69,
2026-08-25 11:00:00,2,75.31,75.31,34.7,90.7,44.76,13.37,5.9,11.28,
2026-08-25 12:00:00,2,75.44,75.44,34.7,82.2,45.24,14.8,5.93,9.47,
2026-08-25 13:00:00,2,73.83,73.83,33.9,82.5,44.29,14.36,5.86,9.31,
2026-08-25 14:00:00,2,70.79,70.79,35.3,84.7,42.41,13.22,5.72,9.45,
2026-08-25 15:00:00,2,64.48,64.48,35.5,74.3,38.64,11.35,5.42,9.07,
2026-08-25 16:00:00,2,58.6,58.6,35.1,68.0,33.93,10.33,5.06,9.28,
2026-08-25 17:00:00,2,50.25,50.25,31.8,61.9,28.27,9.21,4.62,8.15,
2026-08-25 18:00:00,2,42.31,42.31,31.6,47.1,22.62,8.25,4.18,7.26,
2026-08-25 19:00:00,2,35.89,35.89,30.5,40.1,18.85,7.38,3.89,5.76,
2026-08-25 20:00:00,2,30.09,30.09,27.3,30.3,15.08,5.57,3.6,5.84,
2026-08-25 21:00:00,2,24.68,24.68,27.4,23.6,11.31,4.74,3.31,5.33,
2026-08-25 22:00:00,2,17.45,17.45,25.9,13.2,7.07,3.08,2.98,4.32,
2026-08-25 23:00:00,2,14.3,14.3,25.0,8.8,4.71,2.67,2.8,4.12,
2026-08-26 00:00:00,2,13.13,13.13,24.7,8.3,3.77,2.7,2.72,3.95,
2026-08-26 01:00:00,2,11.89,11.89,25.2,7.0,3.3,2.42,2.69,3.48,
2026-08-26 02:00:00,2,11.14,11.14,27.5,6.3,2.83,2.19,2.65,3.48,
2026-08-26 03:00:00,2,11.7,11.7,25.8,6.5,2.83,2.36,2.65,3.87,
2026-08-26 04:00:00,2,11.43,11.43,25.4,6.4,2.83,2.38,2.65,3.57,
2026-08-26 05:00:00,2,14.13,14.13,25.4,8.7,4.71,2.51,2.8,4.12,
2026-08-26 06:00:00,2,28.34,28.34,30.3,26.7,14.14,4.99,3.53,5.69,
2026-08-26 07:00:00,2,50.08,50.08,30.5,56.4,27.33,10.0,4.55,8.21,
2026-08-26 08:00:00,2,63.59,63.59,31.4,76.2,36.75,12.59,5.28,8.96,
2026-08-26 09:00:00,2,71.69,71.69,32.8,96.8,41.47,14.45,5.64,10.13,
2026-08-26 10:00:00,2,74.78,74.78,33.4,92.4,43.35,15.1,5.79,10.54,
2026-08-26 11:00:00,2,75.49,75.49,35.0,97.4,44.76,15.08,5.9,9.74,
2026-08-26 12:00:00,2,77.74,77.74,35.6,100.0,45.24,15.44,5.93,11.13,
2026-08-26 13:00:00,2,75.83,75.83,35.1,94.2,44.29,14.53,5.86,11.14,
2026-08-26 14:00:00,2,71.22,71.22,35.4,96.3,42.41,13.74,5.72,9.35,
2026-08-26 15:00:00,2,66.82,66.82,33.1,86.9,38.64,12.62,5.42,10.14,
2026-08-26 16:00:00,2,57.81,57.81,33.5,68.0,33.93,10.93,5.06,7.89,
2026-08-26 17:00:00,2,50.61,50.61,34.0,54.7,28.27,9.65,4.62,8.07,
2026-08-26 18:00:00,2,40.79,40.79,30.5,44.4,22.62,7.61,4.18,6.38,
2026-08-26 19:00:00,2,35.12,35.12,31.0,39.7,18.85,6.45,3.89,5.93,
2026-08-26 20:00:00,2,29.85,29.85,27.3,32.3,15.08,6.12,3.6,5.06,
2026-08-26 21:00:00,2,24.09,24.09,25.9,24.1,11.31,4.64,3.31,4.84,
2026-08-26 22:00:00,2,17.25,17.25,26.3,14.0,7.07,3.32,2.98,3.88,
2026-08-26 23:00:00,2,13.79,13.79,27.2,9.0,4.71,2.66,2.8,3.62,
2026-08-27 00:00:00,2,12.49,12.49,26.0,7.0,3.77,2.47,2.72,3.53,
2026-08-27 01:00:00,2,11.98,11.98,24.9,6.8,3.3,2.17,2.69,3.83,
2026-08-27 02:00:00,2,11.17,11.17,25.2,5.7,2.83,2.1,2.65,3.59,
2026-08-27 03:00:00,2,11.09,11.09,25.0,6.3,2.83,2.02,2.65,3.59,
2026-08-27 04:00:00,2,11.19,11.19,27.0,5.3,2.83,2.12,2.65,3.59,
2026-08-27 05:00:00,2,13.77,13.77,25.6,10.7,4.71,2.57,2.8,3.69,
2026-08-27 06:00:00,2,29.26,29.26,27.6,28.5,14.14,5.74,3.53,5.86,
2026-08-27 07:00:00,2,48.9,48.9,29.3,52.2,27.33,9.26,4.55,7.76,
2026-08-27 08:00:00,2,63.73,63.73,30.9,74.5,36.75,12.16,5.28,9.54,
2026-08-27 09:00:00,2,71.71,71.71,33.4,81.9,41.47,14.12,5.64,10.49,
2026-08-27 10:00:00,2,73.87,73.87,33.7,99.4,43.35,14.91,5.79,9.82,
2026-08-27 11:00:00,2,73.21,73.21,33.2,83.3,44.76,12.99,5.9,9.56,
2026-08-27 12:00:00,2,75.62,75.62,34.8,100.0,45.24,13.74,5.93,10.71,
2026-08-27 13:00:00,2,75.12,75.12,34.5,100.0,44.29,14.9,5.86,10.06,
2026-08-27 14:00:00,2,71.91,71.91,34.2,87.4,42.41,14.39,5.72,9.4,
2026-08-27 15:00:00,2,65.81,65.81,33.4,80.2,38.64,11.95,5.42,9.8,
2026-08-27 16:00:00,2,58.74,58.74,34.8,79.1,33.93,10.65,5.06,9.1,
2026-08-27 17:00:00,2,51.03,51.03,31.8,61.6,28.27,10.17,4.62,7.97,
2026-08-27 18:00:00,2,42.41,42.41,31.6,43.0,22.62,8.72,4.18,6.89,
2026-08-27 19:00:00,2,34.68,34.68,30.7,36.3,18.85,6.34,3.89,5.6,
2026-08-27 20:00:00,2,30.04,30.04,27.5,34.6,15.08,5.66,3.6,5.71,
2026-08-27 21:00:00,2,23.97,23.97,24.8,20.7,11.31,4.56,3.31,4.79,
2026-08-27 22:00:00,2,17.65,17.65,26.4,13.6,7.07,3.31,2.98,4.29,
2026-08-27 23:00:00,2,13.89,13.89,26.0,10.1,4.71,2.63,2.8,3.76,
2026-08-28 00:00:00,2,12.57,12.57,25.3,7.5,3.77,2.42,2.72,3.65,
2026-08-28 01:00:00,2,12.0,12.0,24.6,6.0,3.3,2.12,2.69,3.9,
2026-08-28 02:00:00,2,11.19,11.19,25.1,5.8,2.83,2.37,2.65,3.35,
2026-08-28 03:00:00,2,11.1,11.1,25.1,6.5,2.83,2.13,2.65,3.5,
2026-08-28 04:00:00,2,11.59,11.59,24.8,5.1,2.83,2.21,2.65,3.9,
2026-08-28 05:00:00,2,14.33,14.33,25.5,10.4,4.71,2.66,2.8,4.16,
2026-08-28 06:00:00,2,28.41,28.41,29.1,28.3,14.14,5.64,3.53,5.11,
2026-08-28 07:00:00,2,48.37,48.37,30.0,62.2,27.33,8.61,4.55,7.88,
2026-08-28 08:00:00,2,64.34,64.34,30.5,77.7,36.75,13.03,5.28,9.28,
2026-08-28 09:00:00,2,70.57,70.57,31.8,90.3,41.47,14.55,5.64,8.92,
2026-08-28 10:00:00,2,74.75,74.75,33.8,86.1,43.35,14.58,5.79,11.03,
2026-07-29 11:00:00,3,71.42,71.42,33.5,97.9,43.59,12.71,5.74,9.38,
2026-07-29 12:00:00,3,75.79,75.79,35.0,87.7,44.04,15.18,5.78,10.78,
2026-07-29 13:00:00,3,73.6,73.6,36.2,100.0,43.13,14.95,5.71,9.82,
2026-07-29 14:00:00,3,68.5,68.5,35.5,97.0,41.29,12.17,5.56,9.48,
2026-07-29 15:00:00,3,63.22,63.22,35.7,80.0,37.62,11.08,5.28,9.23,
2026-07-29 16:00:00,3,56.33,56.33,34.3,63.5,33.03,9.93,4.93,8.44,
2026-07-29 17:00:00,3,49.11,49.11,33.6,61.4,27.53,9.77,4.5,7.31,
2026-07-29 18:00:00,3,40.7,40.7,32.2,51.2,22.02,8.45,4.07,6.15,
2026-07-29 19:00:00,3,35.06,35.06,31.1,37.8,18.35,7.03,3.79,5.89,
2026-07-29 20:00:00,3,28.52,28.52,25.3,28.7,14.68,5.21,3.5,5.12,
2026-07-29 21:00:00,3,23.83,23.83,26.6,25.7,11.01,4.79,3.22,4.81,
2026-07-29 22:00:00,3,16.94,16.94,26.6,14.7,6.88,3.2,2.9,3.96,
2026-07-29 23:00:00,3,13.28,13.28,26.6,9.9,4.59,2.49,2.72,3.48,
2026-07-30 00:00:00,3,12.52,12.52,25.2,6.9,3.67,2.23,2.65,3.97,
2026-07-30 01:00:00,3,11.94,11.94,27.3,6.4,3.21,2.4,2.62,3.72,
2026-07-30 02:00:00,3,10.67,10.67,25.2,6.3,2.75,2.15,2.58,3.19,
2026-07-30 03:00:00,3,10.66,10.66,25.5,6.0,2.75,2.08,2.58,3.25,
2026-07-30 04:00:00,3,11.04,11.04,26.6,5.9,2.75,2.23,2.58,3.48,
2026-07-30 05:00:00,3,13.81,13.81,26.3,9.3,4.59,2.43,2.72,4.08,
2026-07-30 06:00:00,3,27.96,27.96,30.0,27.1,13.76,5.82,3.43,4.94,
2026-07-30 07:00:00,3,48.68,48.68,31.7,57.1,26.61,9.92,4.43,7.72,
2026-07-30 08:00:00,3,61.78,61.78,32.4,68.4,35.79,12.3,5.14,8.56,
2026-07-30 09:00:00,3,68.86,68.86,33.2,93.9,40.37,13.4,5.49,9.59,
2026-07-30 10:00:00,3,70.74,70.74,34.6,83.3,42.21,12.96,5.64,9.94,
2026-07-30 11:00:00,3,71.81,71.81,35.3,98.6,43.59,13.02,5.74,9.46,
2026-07-30 12:00:00,3,74.33,74.33,35.5,90.4,44.04,15.25,5.78,9.25,
2026-07-30 13:00:00,3,73.0,73.0,34.0,84.2,43.13,14.86,5.71,9.31,
2026-07-30 14:00:00,3,69.28,69.28,34.8,92.9,41.29,13.71,5.56,8.71,
2026-07-30 15:00:00,3,64.15,64.15,33.4,73.3,37.62,12.0,5.28,9.25,
2026-07-30 16:00:00,3,57.34,57.34,32.4,62.5,33.03,10.37,4.93,9.01,
2026-07-30 17:00:00,3,49.2,49.2,34.2,52.5,27.53,9.37,4.5,7.8,
2026-07-30 18:00:00,3,39.59,39.59,32.5,48.0,22.02,7.54,4.07,5.96,
2026-07-30 19:00:00,3,34.45,34.45,31.3,41.6,18.35,6.85,3.79,5.46,
2026-07-30 20:00:00,3,28.95,28.95,25.2,27.9,14.68,5.19,3.5,5.57,
2026-07-30 21:00:00,3,23.64,23.64,24.5,26.2,11.01,4.94,3.22,4.47,
2026-07-30 22:00:00,3,17.2,17.2,26.7,14.0,6.88,3.47,2.9,3.95,
2026-07-30 23:00:00,3,13.52,13.52,25.9,9.9,4.59,2.63,2.72,3.57,
2026-07-31 00:00:00,3,12.34,12.34,25.5,7.1,3.67,2.18,2.65,3.83,
2026-07-31 01:00:00,3,11.57,11.57,26.4,6.2,3.21,2.41,2.62,3.33,
2026-07-31 02:00:00,3,10.9,10.9,25.4,5.9,2.75,2.27,2.58,3.29,
2026-07-31 03:00:00,3,10.73,10.73,27.2,5.1,2.75,2.1,2.58,3.29,
2026-07-31 04:00:00,3,11.09,11.09,26.5,5.4,2.75,2.29,2.58,3.46,
2026-07-31 05:00:00,3,13.35,13.35,27.2,10.6,4.59,2.46,2.72,3.58,
2026-07-31 06:00:00,3,28.14,28.14,27.8,26.3,13.76,5.81,3.43,5.13,
2026-07-31 07:00:00,3,48.79,48.79,30.7,51.0,26.61,9.82,4.43,7.93,
2026-07-31 08:00:00,3,60.71,60.71,32.8,78.1,35.79,10.97,5.14,8.82,
2026-07-31 09:00:00,3,67.82,67.82,33.0,89.7,40.37,12.14,5.49,9.81,
2026-07-31 10:00:00,3,70.02,70.02,33.1,97.0,42.21,13.17,5.64,9.01,
2026-07-31 11:00:00,3,75.14,75.14,35.7,96.5,43.59,15.2,5.74,10.62,
2026-07-31 12:00:00,3,73.48,73.48,35.5,83.4,44.04,12.71,5.78,10.94,
2026-07-31 13:00:00,3,71.9,71.9,33.9,95.3,43.13,13.35,5.71,9.71,
2026-07-31 14:00:00,3,68.92,68.92,35.5,94.2,41.29,13.26,5.56,8.8,
2026-07-31 15:00:00,3,62.93,62.93,34.6,89.4,37.62,11.71,5.28,8.31,
2026-07-31 16:00:00,3,56.66,56.66,35.2,64.5,33.03,10.67,4.93,8.03,
2026-07-31 17:00:00,3,49.09,49.09,32.5,61.4,27.53,9.16,4.5,7.9,
2026-07-31 18:00:00,3,40.31,40.31,31.1,50.4,22.02,7.96,4.07,6.25,
2026-07-31 19:00:00,3,34.89,34.89,30.1,39.0,18.35,6.7,3.79,6.05,
2026-07-31 20:00:00,3,29.22,29.22,27.0,30.3,14.68,5.68,3.5,5.34,
2026-07-31 21:00:00,3,24.03,24.03,26.2,24.6,11.01,4.75,3.22,5.05,
2026-07-31 22:00:00,3,17.23,17.23,25.2,12.8,6.88,3.66,2.9,3.79,
2026-07-31 23:00:00,3,13.7,13.7,26.2,10.9,4.59,2.89,2.72,3.5,
2026-08-01 00:00:00,3,14.25,14.25,25.5,10.6,4.59,2.86,2.72,4.08,
2026-08-01 01:00:00,3,12.93,12.93,25.4,7.1,3.67,2.57,2.65,4.04,
2026-08-01 02:00:00,3,11.54,11.54,27.2,6.4,3.21,2.41,2.62,3.29,
2026-08-01 03:00:00,3,11.01,11.01,24.9,6.5,2.75,2.22,2.58,3.46,
2026-08-01 04:00:00,3,11.1,11.1,24.6,6.5,2.75,2.08,2.58,3.69,
2026-08-01 05:00:00,3,12.13,12.13,26.5,6.1,3.21,2.42,2.62,3.88,
2026-08-01 06:00:00,3,13.26,13.26,24.6,9.4,4.59,2.44,2.72,3.51,
2026-08-01 07:00:00,3,18.87,18.87,26.2,19.0,8.26,3.47,3.01,4.13,
2026-08-01 08:00:00,3,26.4,26.4,26.7,29.0,12.85,5.26,3.36,4.93,
2026-08-01 09:00:00,3,31.16,31.16,25.7,31.8,15.6,6.19,3.58,5.79,
2026-08-01 10:00:00,3,31.94,31.94,25.4,32.0,16.52,6.59,3.65,5.18,
2026-08-01 11:00:00,3,34.56,34.56,26.8,39.0,18.35,6.01,3.79,6.41,
2026-08-01 12:00:00,3,36.69,36.69,26.5,44.9,19.27,7.0,3.86,6.56,
2026-08-01 13:00:00,3,37.81,37.81,27.3,42.9,20.19,7.49,3.93,6.2,
2026-08-01 14:00:00,3,36.83,36.83,25.0,45.9,19.27,6.96,3.86,6.74,
2026-08-01 15:00:00,3,34.63,34.63,24.9,36.1,18.35,6.82,3.79,5.67,
2026-08-01 16:00:00,3,32.47,32.47,25.1,37.3,16.52,6.2,3.65,6.11,
2026-08-01 17:00:00,3,27.76,27.76,26.9,29.0,13.76,5.13,3.43,5.43,
2026-08-01 18:00:00,3,24.03,24.03,27.0,21.4,11.01,4.8,3.22,4.99,
2026-08-01 19:00:00,3,20.57,20.57,25.1,17.5,9.18,3.66,3.08,4.65,
2026-08-01 20:00:00,3,17.89,17.89,27.0,13.7,7.34,3.31,2.94,4.3,
2026-08-01 21:00:00,3,15.91,15.91,24.7,13.0,5.96,3.22,2.83,3.9,
2026-08-01 22:00:00,3,14.07,14.07,26.2,11.1,5.05,2.54,2.76,3.73,
2026-08-01 23:00:00,3,14.06,14.06,27.4,9.9,4.59,2.7,2.72,4.06,
2026-08-02 00:00:00,3,13.67,13.67,24.6,9.3,4.59,2.9,2.72,3.46,
2026-08-02 01:00:00,3,12.13,12.13,25.6,7.4,3.67,2.35,2.65,3.46,
2026-08-02 02:00:00,3,12.07,12.07,26.8,7.2,3.21,2.48,2.62,3.76,
2026-08-02 03:00:00,3,10.83,10.83,24.8,5.7,2.75,2.23,2.58,3.26,
2026-08-02 04:00:00,3,10.96,10.96,26.9,5.3,2.75,2.17,2.58,3.46,
2026-08-02 05:00:00,3,11.36,11.36,26.3,7.4,3.21,2.17,2.62,3.36,
2026-08-02 06:00:00,3,13.76,13.76,25.9,10.7,4.59,2.45,2.72,4.0,
2026-08-02 07:00:00,3,19.76,19.76,27.2,18.9,8.26,3.84,3.01,4.65,
2026-08-02 08:00:00,3,26.66,26.66,25.0,30.5,12.85,5.08,3.36,5.37,
2026-08-02 09:00:00,3,30.74,30.74,26.5,36.8,15.6,5.67,3.58,5.89,
2026-08-02 10:00:00,3,32.37,32.37,25.5,33.8,16.52,6.56,3.65,5.64,
2026-08-02 11:00:00,3,34.31,34.31,27.2,41.7,18.35,6.51,3.79,5.66,
2026-08-02 12:00:00,3,35.89,35.89,26.3,36.5,19.27,6.44,3.86,6.31,
2026-08-02 13:00:00,3,37.56,37.56,26.0,46.3,20.19,6.68,3.93,6.77,
2026-08-02 14:00:00,3,36.09,36.09,26.1,45.9,19.27,7.32,3.86,5.65,
2026-08-02 15:00:00,3,34.98,34.98,24.8,37.1,18.35,7.24,3.79,5.6,
2026-08-02 16:00:00,3,31.14,31.14,25.3,33.9,16.52,5.62,3.65,5.35,
2026-08-02 17:00:00,3,27.52,27.52,26.8,27.4,13.76,5.3,3.43,5.03,
2026-08-02 18:00:00,3,22.92,22.92,27.1,24.3,11.01,4.2,3.22,4.48,
2026-08-02 19:00:00,3,21.01,21.01,26.2,17.2,9.18,4.28,3.08,4.47,
2026-08-02 20:00:00,3,17.64,17.64,27.1,17.3,7.34,3.21,2.94,4.15,
2026-08-02 21:00:00,3,15.98,15.98,27.0,14.1,5.96,2.99,2.83,4.2,
2026-08-02 22:00:00,3,14.86,14.86,26.0,10.1,5.05,3.01,2.76,4.05,
2026-08-02 23:00:00,3,13.74,13.74,26.4,10.1,4.59,2.79,2.72,3.64,
2026-08-03 00:00:00,3,12.42,12.42,27.0,6.8,3.67,2.57,2.65,3.53,
2026-08-03 01:00:00,3,11.43,11.43,25.0,6.6,3.21,2.07,2.62,3.53,
2026-08-03 02:00:00,3,11.09,11.09,25.9,5.2,2.75,2.12,2.58,3.64,
2026-08-03 03:00:00,3,11.0,11.0,27.2,5.8,2.75,1.95,2.58,3.71,
2026-08-03 04:00:00,3,10.91,10.91,27.3,6.5,2.75,2.25,2.58,3.33,
2026-08-03 05:00:00,3,14.06,14.06,25.5,9.3,4.59,2.93,2.72,3.82,
2026-08-03 06:00:00,3,27.09,27.09,29.6,29.1,13.76,5.09,3.43,4.8,
2026-08-03 07:00:00,3,47.4,47.4,29.3,56.1,26.61,9.31,4.43,7.05,
2026-08-03 08:00:00,3,61.9,61.9,30.2,78.0,35.79,11.44,5.14,9.53,
2026-08-03 09:00:00,3,67.5,67.5,32.3,84.3,40.37,12.98,5.49,8.64,
2026-08-03 10:00:00,3,71.26,71.26,34.8,100.0,42.21,14.09,5.64,9.33,
2026-08-03 11:00:00,3,71.92,71.92,34.8,82.7,43.59,12.78,5.74,9.81,
2026-08-03 12:00:00,3,75.11,75.11,34.2,98.7,44.04,15.17,5.78,10.12,
2026-08-03 13:00:00,3,72.72,72.72,35.5,86.0,43.13,14.77,5.71,9.12,
2026-08-03 14:00:00,3,69.84,69.84,36.1,84.2,41.29,13.99,5.56,8.99,
2026-08-03 15:00:00,3,64.49,64.49,34.0,78.3,37.62,12.19,5.28,9.4,
2026-08-03 16:00:00,3,57.21,57.21,32.7,73.7,33.03,10.6,4.93,8.65,
2026-08-03 17:00:00,3,49.48,49.48,32.4,51.1,27.53,9.85,4.5,7.6,
2026-08-03 18:00:00,3,40.36,40.36,30.3,48.8,22.02,7.91,4.07,6.36,
2026-08-03 19:00:00,3,35.42,35.42,31.8,43.4,18.35,6.98,3.79,6.29,
2026-08-03 20:00:00,3,28.78,28.78,25.4,28.4,14.68,5.55,3.5,5.05,
2026-08-03 21:00:00,3,23.94,23.94,27.1,21.1,11.01,4.95,3.22,4.76,
2026-08-03 22:00:00,3,17.55,17.55,26.1,12.8,6.88,3.3,2.9,4.47,
2026-08-03 23:00:00,3,13.75,13.75,24.9,9.6,4.59,2.91,2.72,3.52,
2026-08-04 00:00:00,3,12.4,12.4,25.2,8.8,3.67,2.36,2.65,3.72,
2026-08-04 01:00:00,3,11.97,11.97,25.0,6.6,3.21,2.2,2.62,3.94,
2026-08-04 02:00:00,3,11.02,11.02,27.4,6.0,2.75,1.92,2.58,3.77,
2026-08-04 03:00:00,3,11.27,11.27,24.5,6.4,2.75,2.13,2.58,3.8,
2026-08-04 04:00:00,3,10.93,10.93,26.6,6.1,2.75,2.11,2.58,3.48,
2026-08-04 05:00:00,3,14.02,14.02,25.6,9.9,4.59,2.68,2.72,4.04,
2026-08-04 06:00:00,3,27.39,27.39,27.8,26.8,13.76,5.25,3.43,4.94,
2026-08-04 07:00:00,3,47.7,47.7,30.6,57.2,26.61,8.84,4.43,7.82,
2026-08-04 08:00:00,3,61.11,61.11,32.2,74.8,35.79,11.21,5.14,8.98,
2026-08-04 09:00:00,3,70.29,70.29,34.0,93.7,40.37,14.35,5.49,10.07,
2026-08-04 10:00:00,3,71.35,71.35,32.5,93.1,42.21,13.9,5.64,9.61,
2026-08-04 11:00:00,3,73.71,73.71,34.4,98.6,43.59,15.18,5.74,9.2,
2026-08-04 12:00:00,3,72.27,72.27,34.7,95.5,44.04,12.8,5.78,9.65,
2026-08-04 13:00:00,3,72.25,72.25,34.8,85.1,43.13,13.73,5.71,9.69,
2026-08-04 14:00:00,3,69.71,69.71,33.9,87.1,41.29,12.32,5.56,10.54,
2026-08-04 15:00:00,3,65.37,65.37,35.6,78.2,37.62,13.04,5.28,9.42,
2026-08-04 16:00:00,3,56.48,56.48,34.4,61.3,33.03,10.65,4.93,7.87,
2026-08-04 17:00:00,3,48.88,48.88,32.1,64.2,27.53,8.88,4.5,7.96,
2026-08-04 18:00:00,3,40.54,40.54,32.5,45.8,22.02,7.33,4.07,7.12,
2026-08-04 19:00:00,3,34.2,34.2,30.1,34.2,18.35,6.2,3.79,5.86,
2026-08-04 20:00:00,3,29.14,29.14,27.0,33.8,14.68,5.71,3.5,5.25,
2026-08-04 21:00:00,3,23.83,23.83,27.4,26.4,11.01,4.29,3.22,5.31,
2026-08-04 22:00:00,3,17.78,17.78,25.1,15.2,6.88,3.55,2.9,4.45,
2026-08-04 23:00:00,3,14.25,14.25,26.2,8.8,4.59,2.74,2.72,4.2,
2026-08-05 00:00:00,3,12.37,12.37,25.0,8.6,3.67,2.41,2.65,3.64,
2026-08-05 01:00:00,3,11.81,11.81,24.8,7.4,3.21,2.27,2.62,3.71,
2026-08-05 02:00:00,3,10.89,10.89,26.9,6.4,2.75,2.19,2.58,3.37,
2026-08-05 03:00:00,3,10.59,10.59,26.2,6.5,2.75,2.0,2.58,3.25,
2026-08-05 04:00:00,3,10.71,10.71,25.8,6.0,2.75,2.17,2.58,3.21,
2026-08-05 05:00:00,3,13.49,13.49,26.6,10.8,4.59,2.44,2.72,3.74,
2026-08-05 06:00:00,3,27.9,27.9,29.7,26.5,13.76,5.28,3.43,5.42,
2026-08-05 07:00:00,3,47.83,47.83,29.9,52.8,26.61,9.78,4.43,7.02,
2026-08-05 08:00:00,3,62.57,62.57,31.7,71.1,35.79,12.38,5.14,9.27,
2026-08-05 09:00:00,3,68.65,68.65,33.6,89.3,40.37,12.47,5.49,10.32,
2026-08-05 10:00:00,3,70.65,70.65,34.1,92.9,42.21,13.8,5.64,9.0,
2026-08-05 11:00:00,3,71.78,71.78,34.3,94.9,43.59,12.89,5.74,9.56,
2026-08-05 12:00:00,3,73.72,73.72,36.0,83.8,44.04,14.1,5.78,9.79,
2026-08-05 13:00:00,3,71.64,71.64,36.0,89.1,43.13,13.83,5.71,8.98,
2026-08-05 14:00:00,3,69.04,69.04,33.6,98.1,41.29,12.19,5.56,10.0,
2026-08-05 15:00:00,3,65.77,65.77,34.0,76.1,37.62,13.26,5.28,9.61,
2026-08-05 16:00:00,3,56.62,56.62,32.7,61.4,33.03,10.22,4.93,8.44,
2026-08-05 17:00:00,3,50.43,50.43,33.1,51.5,27.53,10.21,4.5,8.2,
2026-08-05 18:00:00,3,40.03,40.03,31.6,48.2,22.02,7.8,4.07,6.14,
2026-08-05 19:00:00,3,33.84,33.84,31.1,43.3,18.35,6.25,3.79,5.44,
2026-08-05 20:00:00,3,29.22,29.22,24.6,31.3,14.68,5.21,3.5,5.83,
2026-08-05 21:00:00,3,23.18,23.18,24.8,21.7,11.01,4.37,3.22,4.58,
2026-08-05 22:00:00,3,17.14,17.14,26.7,16.3,6.88,3.18,2.9,4.18,
2026-08-05 23:00:00,3,13.68,13.68,27.4,9.4,4.59,2.69,2.72,3.68,
2026-08-06 00:00:00,3,12.34,12.34,26.7,7.8,3.67,2.4,2.65,3.61,
2026-08-06 01:00:00,3,12.07,12.07,25.1,6.3,3.21,2.35,2.62,3.9,
2026-08-06 02:00:00,3,11.23,11.23,25.3,5.7,2.75,2.17,2.58,3.73,
2026-08-06 03:00:00,3,11.19,11.19,25.4,6.3,2.75,2.32,2.58,3.53,
2026-08-06 04:00:00,3,11.34,11.34,27.1,5.7,2.75,2.24,2.58,3.77,
2026-08-06 05:00:00,3,13.82,13.82,26.4,10.0,4.59,2.63,2.72,3.88,
2026-08-06 06:00:00,3,26.99,26.99,28.6,30.2,13.76,4.86,3.43,4.93,
2026-08-06 07:00:00,3,47.27,47.27,28.9,56.7,26.61,9.21,4.43,7.01,
2026-08-06 08:00:00,3,62.24,62.24,32.6,78.9,35.79,12.81,5.14,8.51,
2026-08-06 09:00:00,3,68.5,68.5,31.3,78.8,40.37,12.59,5.49,10.04,
2026-08-06 10:00:00,3,71.39,71.39,33.3,79.9,42.21,14.01,5.64,9.53,
2026-08-06 11:00:00,3,71.83,71.83,35.2,83.7,43.59,13.48,5.74,9.02,
2026-08-06 12:00:00,3,75.65,75.65,34.3,92.8,44.04,14.95,5.78,10.87,
2026-08-06 13:00:00,3,72.95,72.95,35.2,89.0,43.13,14.13,5.71,9.98,
2026-08-06 14:00:00,3,70.84,70.84,33.7,82.8,41.29,13.61,5.56,10.37,
2026-08-06 15:00:00,3,65.03,65.03,35.5,71.2,37.62,13.22,5.28,8.91,
2026-08-06 16:00:00,3,56.31,56.31,34.5,66.9,33.03,10.53,4.93,7.82,
2026-08-06 17:00:00,3,49.61,49.61,33.6,58.5,27.53,10.24,4.5,7.34,
2026-08-06 18:00:00,3,39.99,39.99,30.5,42.9,22.02,7.46,4.07,6.43,
2026-08-06 19:00:00,3,35.43,35.43,30.6,36.9,18.35,6.85,3.79,6.44,
2026-08-06 20:00:00,3,29.34,29.34,27.5,34.5,14.68,5.35,3.5,5.8,
2026-08-06 21:00:00,3,23.54,23.54,25.7,25.8,11.01,4.91,3.22,4.4,
2026-08-06 22:00:00,3,17.29,17.29,26.4,13.0,6.88,3.06,2.9,4.45,
2026-08-06 23:00:00,3,13.87,13.87,26.7,9.2,4.59,2.8,2.72,3.76,
2026-08-07 00:00:00,3,12.38,12.38,26.2,7.4,3.67,2.45,2.65,3.61,
2026-08-07 01:00:00,3,12.2,12.2,26.6,6.7,3.21,2.42,2.62,3.95,
2026-08-07 02:00:00,3,10.72,10.72,24.9,5.7,2.75,2.18,2.58,3.21,
2026-08-07 03:00:00,3,10.71,10.71,24.6,5.1,2.75,1.96,2.58,3.42,
2026-08-07 04:00:00,3,10.65,10.65,26.6,5.8,2.75,1.99,2.58,3.32,
2026-08-07 05:00:00,3,14.4,14.4,27.2,9.4,4.59,2.88,2.72,4.21,
2026-08-07 06:00:00,3,27.85,27.85,30.3,32.0,13.76,5.07,3.43,5.58,
2026-08-07 07:00:00,3,46.39,46.39,29.2,63.0,26.61,8.29,4.43,7.06,
2026-08-07 08:00:00,3,60.29,60.29,31.9,82.1,35.79,11.18,5.14,8.19,
2026-08-07 09:00:00,3,68.12,68.12,31.7,84.9,40.37,12.08,5.49,10.18,
2026-08-07 10:00:00,3,72.31,72.31,34.5,98.6,42.21,14.85,5.64,9.61,
2026-08-07 11:00:00,3,73.54,73.54,34.2,83.7,43.59,14.06,5.74,10.15,
2026-08-07 12:00:00,3,73.97,73.97,35.3,100.0,44.04,13.62,5.78,10.53,
2026-08-07 13:00:00,3,71.22,71.22,34.2,86.1,43.13,13.29,5.71,9.1,
2026-08-07 14:00:00,3,70.69,70.69,35.0,96.1,41.29,13.74,5.56,10.09,
2026-08-07 15:00:00,3,64.57,64.57,33.5,71.3,37.62,13.41,5.28,8.26,
2026-08-07 16:00:00,3,57.39,57.39,32.2,65.1,33.03,11.62,4.93,7.81,
2026-08-07 17:00:00,3,49.02,49.02,31.6,54.1,27.53,9.49,4.5,7.5,
2026-08-07 18:00:00,3,40.06,40.06,32.7,49.9,22.02,7.43,4.07,6.53,
2026-08-07 19:00:00,3,35.02,35.02,29.3,39.0,18.35,7.21,3.79,5.67,
2026-08-07 20:00:00,3,29.64,29.64,25.6,35.0,14.68,6.01,3.5,5.44,
2026-08-07 21:00:00,3,23.08,23.08,26.8,21.5,11.01,4.33,3.22,4.52,
2026-08-07 22:00:00,3,17.11,17.11,25.4,16.0,6.88,3.43,2.9,3.9,
2026-08-07 23:00:00,3,13.97,13.97,27.1,10.4,4.59,2.53,2.72,4.14,
2026-08-08 00:00:00,3,13.86,13.86,25.1,8.6,4.59,2.75,2.72,3.8,
2026-08-08 01:00:00,3,12.16,12.16,25.3,8.7,3.67,2.2,2.65,3.64,
2026-08-08 02:00:00,3,11.39,11.39,25.0,6.8,3.21,2.27,2.62,3.29,
2026-08-08 03:00:00,3,11.24,11.24,25.3,5.2,2.75,2.19,2.58,3.71,
2026-08-08 04:00:00,3,11.03,11.03,25.8,5.5,2.75,2.09,2.58,3.61,
2026-08-08 05:00:00,3,11.81,11.81,26.1,6.8,3.21,2.23,2.62,3.75,
2026-08-08 06:00:00,3,13.32,13.32,26.4,10.9,4.59,2.51,2.72,3.49,
2026-08-08 07:00:00,3,18.73,18.73,24.6,16.5,8.26,3.41,3.01,4.06,
2026-08-08 08:00:00,3,26.52,26.52,25.2,28.1,12.85,5.28,3.36,5.03,
2026-08-08 09:00:00,3,30.8,30.8,24.8,35.1,15.6,6.31,3.58,5.32,
2026-08-08 10:00:00,3,31.58,31.58,25.1,37.7,16.52,5.94,3.65,5.48,
2026-08-08 11:00:00,3,34.27,34.27,26.3,41.3,18.35,6.12,3.79,6.01,
2026-08-08 12:00:00,3,36.44,36.44,26.6,40.7,19.27,6.66,3.86,6.65,
2026-08-08 13:00:00,3,36.6,36.6,25.2,40.9,20.19,6.57,3.93,5.91,
2026-08-08 14:00:00,3,35.5,35.5,27.2,37.2,19.27,6.25,3.86,6.12,
2026-08-08 15:00:00,3,33.99,33.99,25.5,35.8,18.35,6.35,3.79,5.5,
2026-08-08 16:00:00,3,32.66,32.66,26.5,38.3,16.52,6.24,3.65,6.26,
2026-08-08 17:00:00,3,27.13,27.13,26.2,29.2,13.76,5.06,3.43,4.87,
2026-08-08 18:00:00,3,24.38,24.38,27.0,23.8,11.01,4.97,3.22,5.17,
2026-08-08 19:00:00,3,20.16,20.16,26.1,17.8,9.18,3.71,3.08,4.19,
2026-08-08 20:00:00,3,18.18,18.18,25.4,16.5,7.34,3.43,2.94,4.47,
2026-08-08 21:00:00,3,15.79,15.79,27.5,11.9,5.96,3.06,2.83,3.94,
2026-08-08 22:00:00,3,14.93,14.93,24.5,10.3,5.05,2.91,2.76,4.21,
2026-08-08 23:00:00,3,14.1,14.1,26.8,10.6,4.59,2.88,2.72,3.91,
2026-08-09 00:00:00,3,13.56,13.56,24.8,10.2,4.59,2.79,2.72,3.47,
2026-08-09 01:00:00,3,12.22,12.22,27.4,8.5,3.67,2.47,2.65,3.42,
2026-08-09 02:00:00,3,12.16,12.16,26.0,6.4,3.21,2.37,2.62,3.96,
2026-08-09 03:00:00,3,11.2,11.2,25.6,6.2,2.75,2.0,2.58,3.87,
2026-08-09 04:00:00,3,11.3,11.3,26.4,6.5,2.75,2.29,2.58,3.67,
2026-08-09 05:00:00,3,11.94,11.94,27.2,6.7,3.21,2.47,2.62,3.64,
2026-08-09 06:00:00,3,13.93,13.93,25.3,10.2,4.59,2.87,2.72,3.75,
2026-08-09 07:00:00,3,18.86,18.86,25.8,19.8,8.26,3.59,3.01,4.01,
2026-08-09 08:00:00,3,26.45,26.45,26.1,26.2,12.85,5.18,3.36,5.07,
2026-08-09 09:00:00,3,30.72,30.72,25.9,37.1,15.6,6.2,3.58,5.34,
2026-08-09 10:00:00,3,32.2,32.2,27.4,35.1,16.52,6.35,3.65,5.68,
2026-08-09 11:00:00,3,35.17,35.17,25.0,43.7,18.35,6.82,3.79,6.21,
2026-08-09 12:00:00,3,36.03,36.03,25.4,38.7,19.27,7.34,3.86,5.56,
2026-08-09 13:00:00,3,37.18,37.18,24.6,40.5,20.19,7.33,3.93,5.74,
2026-08-09 14:00:00,3,35.82,35.82,25.4,40.2,19.27,7.15,3.86,5.54,
2026-08-09 15:00:00,3,34.95,34.95,25.3,37.5,18.35,6.37,3.79,6.44,
2026-08-09 16:00:00,3,31.11,31.11,26.5,37.5,16.52,5.7,3.65,5.25,
2026-08-09 17:00:00,3,27.58,27.58,25.3,33.0,13.76,5.0,3.43,5.37,
2026-08-09 18:00:00,3,23.44,23.44,24.7,21.7,11.01,4.5,3.22,4.71,
2026-08-09 19:00:00,3,21.17,21.17,26.9,20.2,9.18,3.93,3.08,4.98,
2026-08-09 20:00:00,3,17.71,17.71,24.8,14.6,7.34,3.33,2.94,4.11,
2026-08-09 21:00:00,3,15.86,15.86,26.2,13.3,5.96,2.95,2.83,4.11,
2026-08-09 22:00:00,3,14.35,14.35,26.5,9.9,5.05,2.59,2.76,3.95,
2026-08-09 23:00:00,3,13.94,13.94,25.4,8.7,4.59,2.7,2.72,3.93,
2026-08-10 00:00:00,3,12.54,12.54,26.1,7.6,3.67,2.58,2.65,3.64,
2026-08-10 01:00:00,3,11.94,11.94,24.9,6.7,3.21,2.18,2.62,3.93,
2026-08-10 02:00:00,3,10.92,10.92,26.6,5.8,2.75,2.1,2.58,3.49,
2026-08-10 03:00:00,3,11.36,11.36,25.7,5.1,2.75,2.16,2.58,3.87,
2026-08-10 04:00:00,3,10.92,10.92,25.8,6.2,2.75,2.18,2.58,3.4,
2026-08-10 05:00:00,3,13.64,13.64,25.2,9.8,4.59,2.47,2.72,3.87,
2026-08-10 06:00:00,3,27.97,27.97,29.2,27.7,13.76,5.6,3.43,5.17,
2026-08-10 07:00:00,3,48.52,48.52,30.0,49.4,26.61,9.61,4.43,7.86,
2026-08-10 08:00:00,3,60.95,60.95,31.5,67.4,35.79,10.68,5.14,9.34,
2026-08-10 09:00:00,3,66.96,66.96,33.2,82.1,40.37,12.0,5.49,9.09,
2026-08-10 10:00:00,3,70.49,70.49,33.6,85.8,42.21,12.39,5.64,10.25,
2026-08-10 11:00:00,3,71.47,71.47,34.9,98.3,43.59,12.74,5.74,9.41,
2026-08-10 12:00:00,3,73.44,73.44,33.8,99.4,44.04,14.11,5.78,9.51,
2026-08-10 13:00:00,3,71.68,71.68,35.5,99.9,43.13,13.3,5.71,9.55,
2026-08-10 14:00:00,3,70.13,70.13,36.3,76.6,41.29,13.28,5.56,10.0,
2026-08-10 15:00:00,3,63.78,63.78,33.2,69.7,37.62,12.51,5.28,8.37,
2026-08-10 16:00:00,3,57.71,57.71,32.5,64.9,33.03,10.87,4.93,8.88,
2026-08-10 17:00:00,3,47.96,47.96,32.6,51.8,27.53,8.62,4.5,7.32,
2026-08-10 18:00:00,3,41.0,41.0,33.1,50.6,22.02,8.25,4.07,6.65,
2026-08-10 19:00:00,3,35.43,35.43,31.3,40.8,18.35,7.14,3.79,6.15,
2026-08-10 20:00:00,3,29.2,29.2,25.8,32.3,14.68,5.24,3.5,5.77,
2026-08-10 21:00:00,3,23.87,23.87,26.5,21.4,11.01,4.75,3.22,4.89,
2026-08-10 22:00:00,3,17.81,17.81,25.9,13.8,6.88,3.44,2.9,4.58,
2026-08-10 23:00:00,3,13.9,13.9,26.0,10.2,4.59,2.61,2.72,3.98,
2026-08-11 00:00:00,3,12.02,12.02,24.8,7.6,3.67,2.36,2.65,3.34,
2026-08-11 01:00:00,3,11.34,11.34,25.9,6.9,3.21,2.04,2.62,3.47,
2026-08-11 02:00:00,3,10.74,10.74,26.4,6.4,2.75,2.18,2.58,3.22,
2026-08-11 03:00:00,3,11.15,11.15,27.2,6.5,2.75,2.12,2.58,3.7,
2026-08-11 04:00:00,3,11.2,11.2,25.3,6.6,2.75,2.07,2.58,3.8,
2026-08-11 05:00:00,3,13.83,13.83,26.0,9.4,4.59,2.77,2.72,3.75,
2026-08-11 06:00:00,3,27.88,27.88,27.7,30.4,13.76,5.17,3.43,5.52,
2026-08-11 07:00:00,3,47.61,47.61,29.9,59.7,26.61,9.58,4.43,6.99,
2026-08-11 08:00:00,3,61.89,61.89,32.4,72.2,35.79,11.47,5.14,9.49,
2026-08-11 09:00:00,3,68.64,68.64,33.2,83.1,40.37,12.98,5.49,9.79,
2026-08-11 10:00:00,3,72.01,72.01,33.9,99.5,42.21,14.33,5.64,9.83,
2026-08-11 11:00:00,3,74.28,74.28,33.3,88.4,43.59,15.26,5.74,9.69,
2026-08-11 12:00:00,3,73.44,73.44,35.2,91.3,44.04,12.83,5.78,10.78,
2026-08-11 13:00:00,3,72.38,72.38,34.0,82.2,43.13,12.76,5.71,10.79,
2026-08-11 14:00:00,3,71.69,71.69,34.8,93.6,41.29,14.6,5.56,10.23,
2026-08-11 15:00:00,3,64.6,64.6,35.1,74.6,37.62,13.23,5.28,8.46,
2026-08-11 16:00:00,3,56.31,56.31,34.9,74.8,33.03,10.75,4.93,7.6,
2026-08-11 17:00:00,3,48.82,48.82,33.1,52.7,27.53,9.97,4.5,6.82,
2026-08-11 18:00:00,3,41.49,41.49,32.4,48.1,22.02,8.25,4.07,7.15,
2026-08-11 19:00:00,3,35.23,35.23,29.8,41.0,18.35,6.5,3.79,6.6,
2026-08-11 20:00:00,3,28.86,28.86,26.2,28.8,14.68,5.32,3.5,5.36,
2026-08-11 21:00:00,3,23.61,23.61,25.4,21.6,11.01,4.22,3.22,5.15,
2026-08-11 22:00:00,3,17.47,17.47,26.9,13.5,6.88,3.38,2.9,4.3,
2026-08-11 23:00:00,3,14.28,14.28,26.5,9.0,4.59,2.83,2.72,4.13,
2026-08-12 00:00:00,3,12.11,12.11,25.6,7.6,3.67,2.42,2.65,3.37,
2026-08-12 01:00:00,3,12.0,12.0,25.1,7.2,3.21,2.45,2.62,3.72,
2026-08-12 02:00:00,3,11.02,11.02,26.0,6.3,2.75,2.16,2.58,3.52,
2026-08-12 03:00:00,3,10.78,10.78,25.6,6.0,2.75,2.16,2.58,3.29,
2026-08-12 04:00:00,3,10.65,10.65,24.7,5.7,2.75,2.08,2.58,3.24,
2026-08-12 05:00:00,3,13.41,13.41,24.7,10.5,4.59,2.56,2.72,3.54,
2026-08-12 06:00:00,3,27.34,27.34,28.2,30.0,13.76,5.15,3.43,4.99,
2026-08-12 07:00:00,3,47.26,47.26,31.7,62.7,26.61,8.61,4.43,7.61,
2026-08-12 08:00:00,3,61.76,61.76,30.3,83.3,35.79,12.82,5.14,8.02,
2026-08-12 09:00:00,3,69.54,69.54,33.0,93.6,40.37,14.18,5.49,9.49,
2026-08-12 10:00:00,3,70.99,70.99,33.4,79.5,42.21,14.12,5.64,9.02,
2026-08-12 11:00:00,3,71.71,71.71,34.3,100.0,43.59,13.32,5.74,9.06,
2026-08-12 12:00:00,3,74.08,74.08,34.4,87.9,44.04,13.65,5.78,10.6,
2026-08-12 13:00:00,3,74.1,74.1,33.9,92.8,43.13,14.5,5.71,10.77,
2026-08-12 14:00:00,3,68.28,68.28,35.3,96.3,41.29,12.62,5.56,8.81,
2026-08-12 15:00:00,3,65.19,65.19,35.7,88.2,37.62,12.75,5.28,9.54,
2026-08-12 16:00:00,3,58.36,58.36,32.3,78.9,33.03,11.91,4.93,8.49,
2026-08-12 17:00:00,3,49.57,49.57,33.1,52.2,27.53,9.42,4.5,8.13,
2026-08-12 18:00:00,3,39.7,39.7,30.9,41.3,22.02,7.01,4.07,6.6,
2026-08-12 19:00:00,3,34.97,34.97,30.8,38.3,18.35,6.4,3.79,6.43,
2026-08-12 20:00:00,3,29.01,29.01,27.4,27.4,14.68,5.1,3.5,5.73,
2026-08-12 21:00:00,3,24.11,24.11,26.9,23.6,11.01,4.86,3.22,5.02,
2026-08-12 22:00:00,3,17.23,17.23,26.7,14.8,6.88,3.03,2.9,4.42,
2026-08-12 23:00:00,3,13.49,13.49,26.6,9.6,4.59,2.63,2.72,3.56,
2026-08-13 00:00:00,3,12.54,12.54,25.8,8.6,3.67,2.63,2.65,3.59,
2026-08-13 01:00:00,3,11.31,11.31,25.1,6.7,3.21,2.06,2.62,3.42,
2026-08-13 02:00:00,3,11.39,11.39,26.3,5.4,2.75,2.24,2.58,3.82,
2026-08-13 03:00:00,3,10.87,10.87,26.9,6.0,2.75,2.34,2.58,3.2,
2026-08-13 04:00:00,3,10.56,10.56,26.7,6.3,2.75,1.95,2.58,3.28,
2026-08-13 05:00:00,3,13.85,13.85,25.0,8.6,4.59,2.58,2.72,3.95,
2026-08-13 06:00:00,3,27.9,27.9,28.2,27.7,13.76,5.44,3.43,5.26,
2026-08-13 07:00:00,3,47.02,47.02,29.2,50.4,26.61,8.61,4.43,7.38,
2026-08-13 08:00:00,3,61.8,61.8,31.6,80.6,35.79,11.39,5.14,9.49,
2026-08-13 09:00:00,3,70.1,70.1,31.9,90.5,40.37,14.21,5.49,10.02,
2026-08-13 10:00:00,3,70.83,70.83,33.1,93.2,42.21,13.66,5.64,9.33,
2026-08-13 11:00:00,3,72.86,72.86,35.0,92.7,43.59,12.74,5.74,10.8,
2026-08-13 12:00:00,3,72.79,72.79,35.5,96.5,44.04,13.5,5.78,9.47,
2026-08-13 13:00:00,3,72.35,72.35,33.9,100.0,43.13,13.11,5.71,10.41,
2026-08-13 14:00:00,3,69.96,69.96,34.0,84.9,41.29,14.16,5.56,8.94,
2026-08-13 15:00:00,3,64.49,64.49,35.8,84.0,37.62,12.62,5.28,8.97,
2026-08-13 16:00:00,3,55.82,55.82,32.5,70.2,33.03,9.9,4.93,7.96,
2026-08-13 17:00:00,3,47.71,47.71,32.4,63.4,27.53,8.55,4.5,7.13,
2026-08-13 18:00:00,3,40.82,40.82,31.9,46.7,22.02,8.29,4.07,6.44,
2026-08-13 19:00:00,3,34.31,34.31,29.0,36.1,18.35,6.24,3.79,5.93,
2026-08-13 20:00:00,3,29.09,29.09,24.7,29.6,14.68,5.64,3.5,5.26,
2026-08-13 21:00:00,3,24.37,24.37,24.6,24.1,11.01,4.88,3.22,5.26,
2026-08-13 22:00:00,3,17.59,17.59,27.2,15.8,6.88,3.39,2.9,4.41,
2026-08-13 23:00:00,3,13.72,13.72,25.5,10.6,4.59,2.63,2.72,3.78,
2026-08-14 00:00:00,3,11.91,11.91,26.7,8.3,3.67,2.19,2.65,3.4,
2026-08-14 01:00:00,3,12.05,12.05,25.7,7.2,3.21,2.34,2.62,3.87,
2026-08-14 02:00:00,3,11.09,11.09,27.3,5.8,2.75,2.16,2.58,3.59,
2026-08-14 03:00:00,3,11.13,11.13,26.1,5.3,2.75,2.08,2.58,3.72,
2026-08-14 04:00:00,3,11.01,11.01,27.3,5.3,2.75,1.92,2.58,3.76,
2026-08-14 05:00:00,3,13.71,13.71,27.4,8.7,4.59,2.53,2.72,3.87,
2026-08-14 06:00:00,3,27.79,27.79,28.5,28.5,13.76,5.45,3.43,5.14,
2026-08-14 07:00:00,3,48.13,48.13,30.8,60.6,26.61,9.62,4.43,7.47,
2026-08-14 08:00:00,3,60.58,60.58,30.5,77.4,35.79,11.3,5.14,8.35,
2026-08-14 09:00:00,3,68.19,68.19,31.8,85.0,40.37,12.9,5.49,9.43,
2026-08-14 10:00:00,3,71.6,71.6,35.1,89.2,42.21,14.52,5.64,9.23,
2026-08-14 11:00:00,3,72.91,72.91,33.1,100.0,43.59,13.36,5.74,10.22,
2026-08-14 12:00:00,3,73.64,73.64,34.3,83.1,44.04,13.22,5.78,10.61,
2026-08-14 13:00:00,3,71.84,71.84,34.3,100.0,43.13,12.82,5.71,10.18,
2026-08-14 14:00:00,3,67.87,67.87,33.8,90.4,41.29,12.12,5.56,8.89,
2026-08-14 15:00:00,3,65.24,65.24,33.0,83.7,37.62,13.14,5.28,9.2,
2026-08-14 16:00:00,3,56.61,56.61,32.3,74.1,33.03,9.96,4.93,8.69,
2026-08-14 17:00:00,3,49.68,49.68,32.0,54.9,27.53,9.66,4.5,7.99,
2026-08-14 18:00:00,3,40.37,40.37,31.2,49.4,22.02,7.88,4.07,6.39,
2026-08-14 19:00:00,3,34.51,34.51,29.1,38.4,18.35,6.67,3.79,5.69,
2026-08-14 20:00:00,3,29.48,29.48,25.5,30.2,14.68,5.96,3.5,5.34,
2026-08-14 21:00:00,3,23.12,23.12,26.4,25.7,11.01,4.21,3.22,4.68,
2026-08-14 22:00:00,3,17.37,17.37,26.9,14.0,6.88,3.27,2.9,4.32,
2026-08-14 23:00:00,3,13.61,13.61,25.9,10.9,4.59,2.73,2.72,3.57,
2026-08-15 00:00:00,3,13.66,13.66,24.6,10.8,4.59,2.88,2.72,3.47,
2026-08-15 01:00:00,3,12.62,12.62,26.3,8.4,3.67,2.4,2.65,3.9,
2026-08-15 02:00:00,3,11.43,11.43,26.0,7.0,3.21,2.19,2.62,3.41,
2026-08-15 03:00:00,3,11.02,11.02,27.0,5.1,2.75,2.23,2.58,3.46,
2026-08-15 04:00:00,3,11.14,11.14,27.5,5.2,2.75,1.95,2.58,3.85,
2026-08-15 05:00:00,3,11.78,11.78,25.2,6.8,3.21,2.3,2.62,3.65,
2026-08-15 06:00:00,3,14.01,14.01,25.8,10.3,4.59,2.85,2.72,3.85,
2026-08-15 07:00:00,3,19.37,19.37,24.7,17.4,8.26,3.75,3.01,4.36,
2026-08-15 08:00:00,3,25.94,25.94,25.3,29.7,12.85,4.85,3.36,4.88,
2026-08-15 09:00:00,3,30.4,30.4,25.2,35.4,15.6,5.7,3.58,5.52,
2026-08-15 10:00:00,3,31.96,31.96,26.7,31.6,16.52,5.81,3.65,5.98,
2026-08-15 11:00:00,3,34.62,34.62,27.1,37.6,18.35,6.46,3.79,6.02,
2026-08-15 12:00:00,3,36.29,36.29,27.2,42.6,19.27,7.07,3.86,6.09,
2026-08-15 13:00:00,3,37.61,37.61,25.8,43.7,20.19,7.66,3.93,5.83,
2026-08-15 14:00:00,3,36.19,36.19,26.1,43.9,19.27,6.8,3.86,6.26,
2026-08-15 15:00:00,3,34.3,34.3,24.9,36.6,18.35,6.38,3.79,5.79,
2026-08-15 16:00:00,3,32.69,32.69,24.7,34.4,16.52,6.72,3.65,5.81,
2026-08-15 17:00:00,3,28.63,28.63,26.4,31.3,13.76,5.75,3.43,5.68,
2026-08-15 18:00:00,3,23.45,23.45,24.5,21.1,11.01,4.31,3.22,4.9,
2026-08-15 19:00:00,3,20.09,20.09,27.3,20.7,9.18,3.7,3.08,4.13,
2026-08-15 20:00:00,3,18.03,18.03,25.8,16.4,7.34,3.8,2.94,3.95,
2026-08-15 21:00:00,3,16.04,16.04,27.1,14.0,5.96,3.31,2.83,3.93,
2026-08-15 22:00:00,3,14.33,14.33,25.7,10.9,5.05,2.92,2.76,3.61,
2026-08-15 23:00:00,3,13.95,13.95,27.2,10.7,4.59,2.71,2.72,3.92,
2026-08-16 00:00:00,3,13.82,13.82,27.5,8.6,4.59,2.79,2.72,3.72,
2026-08-16 01:00:00,3,12.63,12.63,25.8,7.6,3.67,2.37,2.65,3.94,
2026-08-16 02:00:00,3,11.31,11.31,25.4,6.8,3.21,2.1,2.62,3.39,
2026-08-16 03:00:00,3,10.9,10.9,26.8,6.5,2.75,2.32,2.58,3.25,
2026-08-16 04:00:00,3,11.06,11.06,27.2,6.0,2.75,2.08,2.58,3.65,
2026-08-16 05:00:00,3,11.78,11.78,25.6,6.7,3.21,2.27,2.62,3.68,
2026-08-16 06:00:00,3,13.58,13.58,27.3,8.7,4.59,2.56,2.72,3.71,
2026-08-16 07:00:00,3,19.77,19.77,26.2,19.3,8.26,3.79,3.01,4.72,
2026-08-16 08:00:00,3,25.89,25.89,25.8,26.1,12.85,4.88,3.36,4.81,
2026-08-16 09:00:00,3,31.43,31.43,24.9,35.8,15.6,6.14,3.58,6.12,
2026-08-16 10:00:00,3,32.23,32.23,25.1,35.3,16.52,6.22,3.65,5.85,
2026-08-16 11:00:00,3,34.03,34.03,24.8,36.8,18.35,6.15,3.79,5.74,
2026-08-16 12:00:00,3,36.43,36.43,25.8,45.0,19.27,6.63,3.86,6.67,
2026-08-16 13:00:00,3,38.43,38.43,27.5,45.7,20.19,7.8,3.93,6.51,
2026-08-16 14:00:00,3,36.99,36.99,24.9,37.9,19.27,7.4,3.86,6.47,
2026-08-16 15:00:00,3,35.47,35.47,24.6,43.0,18.35,7.27,3.79,6.06,
2026-08-16 16:00:00,3,31.87,31.87,26.9,30.7,16.52,6.53,3.65,5.18,
2026-08-16 17:00:00,3,28.13,28.13,25.1,32.6,13.76,5.4,3.43,5.53,
2026-08-16 18:00:00,3,23.04,23.04,26.1,25.4,11.01,4.34,3.22,4.47,
2026-08-16 19:00:00,3,20.7,20.7,26.6,21.2,9.18,3.95,3.08,4.5,
2026-08-16 20:00:00,3,18.55,18.55,25.3,17.1,7.34,3.8,2.94,4.47,
2026-08-16 21:00:00,3,15.89,15.89,24.8,12.2,5.96,2.81,2.83,4.29,
2026-08-16 22:00:00,3,14.34,14.34,26.7,10.2,5.05,2.8,2.76,3.73,
2026-08-16 23:00:00,3,14.11,14.11,26.4,9.8,4.59,2.81,2.72,3.99,
2026-08-17 00:00:00,3,12.7,12.7,25.4,8.6,3.67,2.37,2.65,4.01,
2026-08-17 01:00:00,3,11.98,11.98,26.9,6.5,3.21,2.42,2.62,3.73,
2026-08-17 02:00:00,3,10.72,10.72,27.1,5.2,2.75,2.19,2.58,3.19,
2026-08-17 03:00:00,3,11.32,11.32,24.9,5.7,2.75,2.32,2.58,3.67,
2026-08-17 04:00:00,3,11.31,11.31,25.3,5.3,2.75,2.26,2.58,3.71,
2026-08-17 05:00:00,3,14.35,14.35,25.3,9.0,4.59,2.86,2.72,4.18,
2026-08-17 06:00:00,3,26.82,26.82,30.1,31.1,13.76,4.8,3.43,4.83,
2026-08-17 07:00:00,3,46.71,46.71,30.5,52.3,26.61,8.47,4.43,7.19,
2026-08-17 08:00:00,3,61.85,61.85,30.9,73.7,35.79,11.92,5.14,9.01,
2026-08-17 09:00:00,3,67.2,67.2,32.7,89.3,40.37,12.22,5.49,9.11,
2026-08-17 10:00:00,3,71.75,71.75,32.9,84.9,42.21,13.55,5.64,10.36,
2026-08-17 11:00:00,3,72.45,72.45,34.1,89.2,43.59,13.93,5.74,9.19,
2026-08-17 12:00:00,3,74.3,74.3,33.7,100.0,44.04,14.84,5.78,9.64,
2026-08-17 13:00:00,3,72.3,72.3,36.4,87.5,43.13,14.3,5.71,9.16,
2026-08-17 14:00:00,3,69.16,69.16,34.7,83.7,41.29,12.29,5.56,10.01,
2026-08-17 15:00:00,3,64.72,64.72,35.0,85.6,37.62,12.21,5.28,9.61,
2026-08-17 16:00:00,3,56.28,56.28,33.7,68.6,33.03,10.34,4.93,7.98,
2026-08-17 17:00:00,3,48.68,48.68,32.8,64.3,27.53,9.85,4.5,6.8,
2026-08-17 18:00:00,3,39.98,39.98,32.4,43.9,22.02,7.44,4.07,6.45,
2026-08-17 19:00:00,3,35.08,35.08,30.2,38.0,18.35,7.21,3.79,5.73,
2026-08-17 20:00:00,3,29.36,29.36,26.7,29.9,14.68,5.95,3.5,5.22,
2026-08-17 21:00:00,3,23.02,23.02,25.7,23.8,11.01,4.23,3.22,4.56,
2026-08-17 22:00:00,3,17.24,17.24,26.4,16.3,6.88,3.41,2.9,4.05,
2026-08-17 23:00:00,3,14.16,14.16,26.3,8.5,4.59,2.78,2.72,4.07,
2026-08-18 00:00:00,3,12.8,12.8,24.8,8.2,3.67,2.6,2.65,3.88,
2026-08-18 01:00:00,3,11.62,11.62,26.2,7.1,3.21,2.27,2.62,3.52,
2026-08-18 02:00:00,3,11.28,11.28,25.1,5.3,2.75,2.15,2.58,3.8,
2026-08-18 03:00:00,3,11.06,11.06,25.2,6.3,2.75,2.31,2.58,3.42,
2026-08-18 04:00:00,3,10.87,10.87,25.1,6.2,2.75,2.32,2.58,3.21,
2026-08-18 05:00:00,3,13.52,13.52,24.6,10.9,4.59,2.45,2.72,3.75,
2026-08-18 06:00:00,3,27.31,27.31,29.0,26.7,13.76,5.12,3.43,5.0,
2026-08-18 07:00:00,3,46.45,46.45,31.2,52.9,26.61,8.65,4.43,6.76,
2026-08-18 08:00:00,3,60.97,60.97,32.5,79.1,35.79,10.86,5.14,9.19,
2026-08-18 09:00:00,3,67.72,67.72,32.1,76.7,40.37,11.94,5.49,9.91,
2026-08-18 10:00:00,3,70.54,70.54,34.5,87.8,42.21,12.27,5.64,10.43,
2026-08-18 11:00:00,3,74.56,74.56,34.7,84.4,43.59,14.65,5.74,10.58,
2026-08-18 12:00:00,3,73.13,73.13,33.9,96.1,44.04,13.59,5.78,9.71,
2026-08-18 13:00:00,3,71.4,71.4,35.0,80.5,43.13,13.23,5.71,9.33,
2026-08-18 14:00:00,3,69.33,69.33,34.1,91.3,41.29,13.24,5.56,9.23,
2026-08-18 15:00:00,3,64.33,64.33,33.2,89.5,37.62,12.4,5.28,9.02,
2026-08-18 16:00:00,3,55.85,55.85,34.9,70.8,33.03,10.36,4.93,7.53,
2026-08-18 17:00:00,3,48.64,48.64,32.7,56.9,27.53,9.09,4.5,7.53,
2026-08-18 18:00:00,3,41.01,41.01,30.4,43.5,22.02,8.46,4.07,6.45,
2026-08-18 19:00:00,3,35.07,35.07,29.5,37.7,18.35,6.74,3.79,6.18,
2026-08-18 20:00:00,3,29.3,29.3,25.5,33.7,14.68,6.13,3.5,4.99,
2026-08-18 21:00:00,3,23.36,23.36,25.0,25.6,11.01,4.52,3.22,4.61,
2026-08-18 22:00:00,3,17.48,17.48,24.9,15.1,6.88,3.31,2.9,4.38,
2026-08-18 23:00:00,3,13.76,13.76,26.2,9.1,4.59,2.81,2.72,3.64,
2026-08-19 00:00:00,3,12.11,12.11,25.4,7.5,3.67,2.23,2.65,3.56,
2026-08-19 01:00:00,3,11.62,11.62,26.2,6.7,3.21,2.04,2.62,3.75,
2026-08-19 02:00:00,3,10.9,10.9,26.8,6.3,2.75,2.15,2.58,3.41,
2026-08-19 03:00:00,3,11.11,11.11,26.5,5.6,2.75,2.22,2.58,3.55,
2026-08-19 04:00:00,3,10.55,10.55,27.1,6.6,2.75,1.95,2.58,3.26,
2026-08-19 05:00:00,3,13.69,13.69,26.6,9.4,4.59,2.8,2.72,3.57,
2026-08-19 06:00:00,3,28.24,28.24,29.7,26.7,13.76,5.26,3.43,5.78,
2026-08-19 07:00:00,3,47.26,47.26,29.0,55.5,26.61,8.46,4.43,7.76,
2026-08-19 08:00:00,3,61.35,61.35,31.6,80.9,35.79,11.83,5.14,8.59,
2026-08-19 09:00:00,3,68.68,68.68,32.1,84.4,40.37,12.52,5.49,10.29,
2026-08-19 10:00:00,3,71.27,71.27,34.2,90.2,42.21,13.9,5.64,9.53,
2026-08-19 11:00:00,3,72.79,72.79,34.9,84.1,43.59,14.05,5.74,9.41,
2026-08-19 12:00:00,3,73.57,73.57,35.2,98.7,44.04,14.17,5.78,9.57,
2026-08-19 13:00:00,3,74.23,74.23,34.9,100.0,43.13,15.04,5.71,10.36,
2026-08-19 14:00:00,3,70.51,70.51,35.9,79.5,41.29,13.38,5.56,10.27,
2026-08-19 15:00:00,3,62.57,62.57,32.9,78.2,37.62,11.4,5.28,8.27,
2026-08-19 16:00:00,3,56.85,56.85,35.1,66.8,33.03,10.24,4.93,8.65,
2026-08-19 17:00:00,3,47.95,47.95,32.9,56.0,27.53,8.51,4.5,7.41,
2026-08-19 18:00:00,3,40.14,40.14,30.6,45.0,22.02,7.82,4.07,6.23,
2026-08-19 19:00:00,3,34.89,34.89,30.7,43.3,18.35,6.36,3.79,6.39,
2026-08-19 20:00:00,3,29.13,29.13,27.1,31.9,14.68,5.38,3.5,5.56,
2026-08-19 21:00:00,3,23.8,23.8,25.7,21.9,11.01,4.57,3.22,5.0,
2026-08-19 22:00:00,3,17.28,17.28,24.7,13.3,6.88,3.48,2.9,4.01,
2026-08-19 23:00:00,3,14.03,14.03,25.3,8.8,4.59,2.82,2.72,3.9,
2026-08-20 00:00:00,3,12.61,12.61,26.8,7.5,3.67,2.53,2.65,3.76,
2026-08-20 01:00:00,3,12.0,12.0,25.3,7.4,3.21,2.43,2.62,3.74,
2026-08-20 02:00:00,3,11.48,11.48,25.9,5.4,2.75,2.25,2.58,3.89,
2026-08-20 03:00:00,3,10.62,10.62,24.8,6.3,2.75,1.98,2.58,3.31,
2026-08-20 04:00:00,3,10.86,10.86,27.1,5.6,2.75,2.3,2.58,3.23,
2026-08-20 05:00:00,3,13.76,13.76,26.0,9.6,4.59,2.75,2.72,3.7,
2026-08-20 06:00:00,3,27.74,27.74,29.0,26.4,13.76,5.39,3.43,5.15,
2026-08-20 07:00:00,3,47.1,47.1,30.0,56.2,26.61,8.72,4.43,7.35,
2026-08-20 08:00:00,3,63.01,63.01,31.7,83.5,35.79,12.52,5.14,9.56,
2026-08-20 09:00:00,3,69.61,69.61,34.1,93.1,40.37,13.61,5.49,10.13,
2026-08-20 10:00:00,3,72.36,72.36,33.9,89.5,42.21,14.37,5.64,10.14,
2026-08-20 11:00:00,3,71.94,71.94,34.6,91.1,43.59,13.56,5.74,9.05,
2026-08-20 12:00:00,3,74.95,74.95,34.4,92.8,44.04,14.6,5.78,10.53,
2026-08-20 13:00:00,3,74.86,74.86,34.1,93.1,43.13,15.23,5.71,10.8,
2026-08-20 14:00:00,3,69.53,69.53,34.5,80.5,41.29,13.98,5.56,8.69,
2026-08-20 15:00:00,3,62.66,62.66,34.2,80.5,37.62,11.04,5.28,8.71,
2026-08-20 16:00:00,3,57.38,57.38,32.5,67.8,33.03,10.38,4.93,9.03,
2026-08-20 17:00:00,3,48.36,48.36,33.1,51.5,27.53,8.9,4.5,7.43,
2026-08-20 18:00:00,3,40.19,40.19,30.2,49.1,22.02,7.34,4.07,6.75,
2026-08-20 19:00:00,3,35.81,35.81,31.7,42.2,18.35,7.14,3.79,6.52,
2026-08-20 20:00:00,3,29.17,29.17,27.5,32.3,14.68,5.58,3.5,5.4,
2026-08-20 21:00:00,3,23.44,23.44,27.1,24.9,11.01,4.81,3.22,4.4,
2026-08-20 22:00:00,3,17.28,17.28,24.6,16.1,6.88,3.1,2.9,4.39,
2026-08-20 23:00:00,3,14.03,14.03,27.1,8.8,4.59,2.62,2.72,4.1,
2026-08-21 00:00:00,3,11.9,11.9,24.7,8.1,3.67,2.19,2.65,3.39,
2026-08-21 01:00:00,3,11.65,11.65,26.1,7.7,3.21,2.13,2.62,3.7,
2026-08-21 02:00:00,3,11.03,11.03,24.6,6.4,2.75,2.28,2.58,3.41,
2026-08-21 03:00:00,3,11.36,11.36,26.6,6.5,2.75,2.17,2.58,3.86,
2026-08-21 04:00:00,3,11.21,11.21,26.0,6.5,2.75,2.09,2.58,3.78,
2026-08-21 05:00:00,3,13.98,13.98,26.5,8.7,4.59,2.84,2.72,3.83,
2026-08-21 06:00:00,3,27.51,27.51,29.7,26.1,13.76,5.27,3.43,5.05,
2026-08-21 07:00:00,3,47.18,47.18,29.4,56.6,26.61,8.47,4.43,7.68,
2026-08-21 08:00:00,3,60.62,60.62,32.6,66.4,35.79,11.19,5.14,8.5,
2026-08-21 09:00:00,3,69.05,69.05,32.3,87.3,40.37,13.57,5.49,9.62,
2026-08-21 10:00:00,3,70.55,70.55,33.6,80.9,42.21,12.47,5.64,10.23,
2026-08-21 11:00:00,3,75.15,75.15,33.5,94.8,43.59,15.29,5.74,10.53,
2026-08-21 12:00:00,3,72.81,72.81,35.7,86.8,44.04,13.76,5.78,9.23,
2026-08-21 13:00:00,3,73.83,73.83,35.7,85.7,43.13,14.79,5.71,10.21,
2026-08-21 14:00:00,3,69.79,69.79,36.1,80.8,41.29,14.0,5.56,8.93,
2026-08-21 15:00:00,3,62.77,62.77,33.1,84.2,37.62,11.47,5.28,8.4,
2026-08-21 16:00:00,3,57.17,57.17,33.1,65.3,33.03,10.24,4.93,8.97,
2026-08-21 17:00:00,3,48.83,48.83,31.8,55.4,27.53,9.69,4.5,7.11,
2026-08-21 18:00:00,3,40.36,40.36,31.6,47.7,22.02,7.49,4.07,6.78,
2026-08-21 19:00:00,3,34.69,34.69,30.2,40.3,18.35,7.1,3.79,5.45,
2026-08-21 20:00:00,3,28.94,28.94,27.0,30.3,14.68,5.64,3.5,5.11,
2026-08-21 21:00:00,3,24.18,24.18,26.6,22.5,11.01,4.81,3.22,5.14,
2026-08-21 22:00:00,3,17.59,17.59,25.1,15.4,6.88,3.33,2.9,4.47,
2026-08-21 23:00:00,3,13.77,13.77,26.9,8.7,4.59,2.81,2.72,3.65,
2026-08-22 00:00:00,3,13.72,13.72,25.9,8.6,4.59,2.46,2.72,3.95,
2026-08-22 01:00:00,3,12.36,12.36,25.1,7.1,3.67,2.44,2.65,3.59,
2026-08-22 02:00:00,3,11.64,11.64,25.6,7.0,3.21,2.05,2.62,3.76,
2026-08-22 03:00:00,3,10.74,10.74,26.4,6.4,2.75,1.92,2.58,3.49,
2026-08-22 04:00:00,3,11.13,11.13,25.5,6.1,2.75,1.96,2.58,3.84,
2026-08-22 05:00:00,3,11.22,11.22,25.4,6.8,3.21,2.12,2.62,3.27,
2026-08-22 06:00:00,3,13.8,13.8,26.9,9.6,4.59,2.7,2.72,3.78,
2026-08-22 07:00:00,3,19.11,19.11,25.7,19.1,8.26,3.55,3.01,4.3,
2026-08-22 08:00:00,3,26.69,26.69,25.5,28.5,12.85,4.86,3.36,5.62,
2026-08-22 09:00:00,3,31.09,31.09,27.1,35.4,15.6,6.33,3.58,5.58,
2026-08-22 10:00:00,3,32.45,32.45,25.8,37.6,16.52,6.68,3.65,5.61,
2026-08-22 11:00:00,3,35.84,35.84,24.6,39.1,18.35,7.22,3.79,6.47,
2026-08-22 12:00:00,3,36.37,36.37,27.4,45.6,19.27,6.51,3.86,6.74,
2026-08-22 13:00:00,3,37.95,37.95,26.8,38.8,20.19,6.95,3.93,6.88,
2026-08-22 14:00:00,3,36.95,36.95,27.4,38.9,19.27,7.29,3.86,6.52,
2026-08-22 15:00:00,3,33.72,33.72,25.9,35.7,18.35,6.0,3.79,5.59,
2026-08-22 16:00:00,3,31.19,31.19,27.1,33.3,16.52,5.61,3.65,5.42,
2026-08-22 17:00:00,3,27.73,27.73,25.1,26.2,13.76,5.06,3.43,5.48,
2026-08-22 18:00:00,3,23.44,23.44,27.0,22.6,11.01,4.51,3.22,4.7,
2026-08-22 19:00:00,3,21.34,21.34,25.9,20.4,9.18,4.15,3.08,4.93,
2026-08-22 20:00:00,3,18.38,18.38,26.5,16.9,7.34,3.61,2.94,4.49,
2026-08-22 21:00:00,3,15.77,15.77,24.8,11.5,5.96,3.22,2.83,3.75,
2026-08-22 22:00:00,3,14.87,14.87,26.8,11.8,5.05,2.98,2.76,4.09,
2026-08-22 23:00:00,3,13.57,13.57,25.8,9.5,4.59,2.44,2.72,3.82,
2026-08-23 00:00:00,3,13.74,13.74,26.7,10.0,4.59,2.52,2.72,3.92,
2026-08-23 01:00:00,3,12.57,12.57,26.8,7.5,3.67,2.32,2.65,3.93,
2026-08-23 02:00:00,3,12.0,12.0,26.3,7.3,3.21,2.45,2.62,3.72,
2026-08-23 03:00:00,3,10.84,10.84,24.9,5.4,2.75,2.01,2.58,3.5,
2026-08-23 04:00:00,3,10.82,10.82,25.5,6.1,2.75,2.1,2.58,3.39,
2026-08-23 05:00:00,3,11.83,11.83,25.7,7.4,3.21,2.05,2.62,3.95,
2026-08-23 06:00:00,3,14.16,14.16,25.8,8.9,4.59,2.76,2.72,4.09,
2026-08-23 07:00:00,3,19.2,19.2,25.9,15.7,8.26,3.87,3.01,4.06,
2026-08-23 08:00:00,3,25.73,25.73,27.1,29.4,12.85,4.57,3.36,4.95,
2026-08-23 09:00:00,3,30.54,30.54,26.2,32.2,15.6,5.81,3.58,5.56,
2026-08-23 10:00:00,3,32.12,32.12,27.4,34.2,16.52,6.46,3.65,5.49,
2026-08-23 11:00:00,3,35.31,35.31,25.3,40.3,18.35,6.8,3.79,6.37,
2026-08-23 12:00:00,3,35.97,35.97,25.9,39.6,19.27,6.89,3.86,5.95,
2026-08-23 13:00:00,3,38.63,38.63,26.1,41.4,20.19,7.6,3.93,6.9,
2026-08-23 14:00:00,3,36.02,36.02,26.1,39.7,19.27,7.17,3.86,5.72,
2026-08-23 15:00:00,3,34.57,34.57,25.5,43.3,18.35,6.78,3.79,5.65,
2026-08-23 16:00:00,3,31.44,31.44,26.9,37.1,16.52,6.07,3.65,5.2,
2026-08-23 17:00:00,3,27.66,27.66,25.3,26.4,13.76,5.32,3.43,5.14,
2026-08-23 18:00:00,3,23.23,23.23,27.2,24.5,11.01,4.3,3.22,4.69,
2026-08-23 19:00:00,3,20.55,20.55,25.4,21.1,9.18,4.03,3.08,4.27,
2026-08-23 20:00:00,3,18.0,18.0,25.6,13.7,7.34,3.34,2.94,4.38,
2026-08-23 21:00:00,3,15.82,15.82,26.3,12.2,5.96,2.78,2.83,4.24,
2026-08-23 22:00:00,3,14.46,14.46,25.2,9.6,5.05,2.57,2.76,4.08,
2026-08-23 23:00:00,3,14.05,14.05,26.4,9.6,4.59,2.54,2.72,4.19,
2026-08-24 00:00:00,3,12.81,12.81,26.6,7.3,3.67,2.55,2.65,3.94,
2026-08-24 01:00:00,3,11.38,11.38,26.7,6.9,3.21,2.25,2.62,3.31,
2026-08-24 02:00:00,3,11.31,11.31,25.6,5.3,2.75,2.33,2.58,3.64,
2026-08-24 03:00:00,3,10.91,10.91,27.1,5.7,2.75,2.34,2.58,3.24,
2026-08-24 04:00:00,3,10.64,10.64,27.3,6.2,2.75,2.1,2.58,3.2,
2026-08-24 05:00:00,3,14.18,14.18,27.4,9.1,4.59,2.75,2.72,4.13,
2026-08-24 06:00:00,3,27.07,27.07,30.0,28.8,13.76,4.92,3.43,4.96,
2026-08-24 07:00:00,3,47.95,47.95,29.6,53.7,26.61,9.08,4.43,7.83,
2026-08-24 08:00:00,3,61.07,61.07,30.8,81.9,35.79,11.43,5.14,8.72,
2026-08-24 09:00:00,3,69.58,69.58,33.5,84.4,40.37,13.7,5.49,10.02,
2026-08-24 10:00:00,3,72.3,72.3,33.0,93.6,42.21,13.87,5.64,10.58,
2026-08-24 11:00:00,3,72.09,72.09,34.9,87.2,43.59,13.73,5.74,9.04,
2026-08-24 12:00:00,3,73.55,73.55,34.6,84.7,44.04,13.46,5.78,10.27,
2026-08-24 13:00:00,3,70.88,70.88,36.4,87.4,43.13,13.08,5.71,8.97,
2026-08-24 14:00:00,3,69.65,69.65,34.3,77.9,41.29,12.75,5.56,10.04,
2026-08-24 15:00:00,3,64.23,64.23,35.4,81.8,37.62,12.58,5.28,8.74,
2026-08-24 16:00:00,3,55.88,55.88,33.4,77.9,33.03,9.86,4.93,8.06,
2026-08-24 17:00:00,3,49.1,49.1,32.3,57.7,27.53,9.25,4.5,7.82,
2026-08-24 18:00:00,3,40.36,40.36,30.7,49.2,22.02,7.99,4.07,6.27,
2026-08-24 19:00:00,3,35.59,35.59,28.9,42.5,18.35,7.28,3.79,6.17,
2026-08-24 20:00:00,3,29.41,29.41,26.2,30.0,14.68,5.27,3.5,5.96,
2026-08-24 21:00:00,3,23.61,23.61,25.6,22.2,11.01,4.36,3.22,5.02,
2026-08-24 22:00:00,3,16.96,16.96,24.6,15.1,6.88,3.11,2.9,4.07,
2026-08-24 23:00:00,3,13.92,13.92,25.8,11.0,4.59,2.41,2.72,4.2,
2026-08-25 00:00:00,3,12.59,12.59,26.2,7.8,3.67,2.27,2.65,4.0,
2026-08-25 01:00:00,3,11.58,11.58,24.9,7.0,3.21,2.42,2.62,3.32,
2026-08-25 02:00:00,3,10.81,10.81,25.2,6.6,2.75,2.16,2.58,3.32,
2026-08-25 03:00:00,3,11.04,11.04,25.0,6.3,2.75,2.23,2.58,3.47,
2026-08-25 04:00:00,3,11.04,11.04,25.7,6.2,2.75,2.1,2.58,3.61,
2026-08-25 05:00:00,3,13.89,13.89,25.5,9.4,4.59,2.45,2.72,4.13,
2026-08-25 06:00:00,3,27.65,27.65,30.4,31.2,13.76,5.13,3.43,5.32,
2026-08-25 07:00:00,3,47.35,47.35,30.0,61.8,26.61,9.05,4.43,7.26,
2026-08-25 08:00:00,3,61.84,61.84,32.6,75.1,35.79,12.72,5.14,8.2,
2026-08-25 09:00:00,3,67.91,67.91,32.1,86.5,40.37,12.62,5.49,9.42,
2026-08-25 10:00:00,3,71.19,71.19,32.7,99.1,42.21,13.27,5.64,10.08,
2026-08-25 11:00:00,3,73.93,73.93,35.8,90.5,43.59,14.37,5.74,10.24,
2026-08-25 12:00:00,3,75.62,75.62,33.8,96.5,44.04,15.53,5.78,10.27,
2026-08-25 13:00:00,3,71.63,71.63,35.7,100.0,43.13,13.37,5.71,9.43,
2026-08-25 14:00:00,3,68.47,68.47,35.1,87.1,41.29,12.23,5.56,9.38,
2026-08-25 15:00:00,3,64.68,64.68,35.1,87.8,37.62,12.63,5.28,9.15,
2026-08-25 16:00:00,3,56.25,56.25,34.8,76.5,33.03,10.18,4.93,8.11,
2026-08-25 17:00:00,3,50.25,50.25,33.9,53.6,27.53,10.14,4.5,8.09,
2026-08-25 18:00:00,3,40.63,40.63,31.1,44.3,22.02,8.34,4.07,6.2,
2026-08-25 19:00:00,3,35.54,35.54,30.2,36.5,18.35,6.8,3.79,6.6,
2026-08-25 20:00:00,3,28.79,28.79,26.9,35.0,14.68,5.59,3.5,5.01,
2026-08-25 21:00:00,3,23.66,23.66,26.3,22.4,11.01,4.91,3.22,4.52,
2026-08-25 22:00:00,3,16.59,16.59,25.9,16.4,6.88,3.0,2.9,3.8,
2026-08-25 23:00:00,3,14.35,14.35,26.5,10.7,4.59,2.93,2.72,4.11,
2026-08-26 00:00:00,3,12.45,12.45,24.7,7.6,3.67,2.28,2.65,3.85,
2026-08-26 01:00:00,3,11.8,11.8,24.9,7.3,3.21,2.33,2.62,3.64,
2026-08-26 02:00:00,3,10.96,10.96,24.6,5.8,2.75,2.23,2.58,3.4,
2026-08-26 03:00:00,3,11.03,11.03,25.7,6.3,2.75,2.25,2.58,3.45,
2026-08-26 04:00:00,3,11.02,11.02,26.6,5.9,2.75,2.19,2.58,3.49,
2026-08-26 05:00:00,3,13.93,13.93,24.9,8.9,4.59,2.54,2.72,4.08,
2026-08-26 06:00:00,3,27.36,27.36,29.8,26.3,13.76,4.98,3.43,5.19,
2026-08-26 07:00:00,3,47.52,47.52,29.9,62.5,26.61,9.59,4.43,6.89,
2026-08-26 08:00:00,3,61.11,61.11,30.4,78.8,35.79,10.72,5.14,9.46,
2026-08-26 09:00:00,3,67.4,67.4,32.7,80.2,40.37,12.43,5.49,9.1,
2026-08-26 10:00:00,3,71.89,71.89,33.5,96.3,42.21,14.13,5.64,9.91,
2026-08-26 11:00:00,3,71.9,71.9,34.7,98.8,43.59,13.0,5.74,9.57,
2026-08-26 12:00:00,3,73.2,73.2,34.0,90.5,44.04,13.73,5.78,9.65,
2026-08-26 13:00:00,3,72.93,72.93,36.3,83.6,43.13,14.22,5.71,9.88,
2026-08-26 14:00:00,3,70.84,70.84,34.7,83.1,41.29,13.97,5.56,10.01,
2026-08-26 15:00:00,3,64.18,64.18,33.3,75.7,37.62,11.97,5.28,9.3,
2026-08-26 16:00:00,3,56.92,56.92,32.3,65.0,33.03,10.49,4.93,8.47,
2026-08-26 17:00:00,3,50.01,50.01,32.0,61.8,27.53,9.78,4.5,8.2,
2026-08-26 18:00:00,3,39.7,39.7,31.3,48.2,22.02,7.22,4.07,6.38,
2026-08-26 19:00:00,3,34.41,34.41,29.3,42.5,18.35,6.41,3.79,5.86,
2026-08-26 20:00:00,3,28.87,28.87,27.1,31.1,14.68,5.22,3.5,5.46,
2026-08-26 21:00:00,3,23.6,23.6,25.0,25.8,11.01,4.09,3.22,5.28,
2026-08-26 22:00:00,3,16.94,16.94,25.5,13.9,6.88,3.15,2.9,4.01,
2026-08-26 23:00:00,3,13.78,13.78,26.8,10.5,4.59,2.74,2.72,3.72,
2026-08-27 00:00:00,3,12.85,12.85,25.9,8.6,3.67,2.59,2.65,3.94,
2026-08-27 01:00:00,3,11.52,11.52,27.0,7.3,3.21,2.28,2.62,3.42,
2026-08-27 02:00:00,3,10.68,10.68,25.1,6.1,2.75,2.09,2.58,3.26,
2026-08-27 03:00:00,3,11.06,11.06,25.5,5.2,2.75,2.15,2.58,3.57,
2026-08-27 04:00:00,3,10.89,10.89,26.7,6.4,2.75,2.33,2.58,3.23,
2026-08-27 05:00:00,3,13.86,13.86,26.2,9.1,4.59,2.53,2.72,4.02,
2026-08-27 06:00:00,3,27.74,27.74,29.6,30.4,13.76,5.06,3.43,5.48,
2026-08-27 07:00:00,3,47.68,47.68,30.2,49.9,26.61,9.26,4.43,7.39,
2026-08-27 08:00:00,3,61.42,61.42,30.4,70.0,35.79,12.5,5.14,8.0,
2026-08-27 09:00:00,3,66.75,66.75,34.0,86.3,40.37,11.91,5.49,8.97,
2026-08-27 10:00:00,3,71.19,71.19,33.9,91.6,42.21,13.49,5.64,9.85,
2026-08-27 11:00:00,3,73.08,73.08,35.3,88.3,43.59,14.36,5.74,9.39,
2026-08-27 12:00:00,3,73.24,73.24,33.7,83.6,44.04,13.26,5.78,10.16,
2026-08-27 13:00:00,3,72.97,72.97,34.1,91.3,43.13,14.04,5.71,10.09,
2026-08-27 14:00:00,3,71.38,71.38,35.9,79.0,41.29,14.35,5.56,10.17,
2026-08-27 15:00:00,3,64.41,64.41,33.5,86.2,37.62,12.53,5.28,8.98,
2026-08-27 16:00:00,3,57.42,57.42,32.2,74.8,33.03,11.14,4.93,8.32,
2026-08-27 17:00:00,3,49.51,49.51,31.8,58.6,27.53,9.35,4.5,8.13,
2026-08-27 18:00:00,3,39.73,39.73,31.0,51.2,22.02,7.34,4.07,6.29,
2026-08-27 19:00:00,3,35.3,35.3,30.5,37.1,18.35,6.58,3.79,6.58,
2026-08-27 20:00:00,3,29.52,29.52,27.3,31.1,14.68,5.39,3.5,5.94,
2026-08-27 21:00:00,3,23.15,23.15,25.9,21.4,11.01,4.14,3.22,4.78,
2026-08-27 22:00:00,3,17.39,17.39,25.4,16.2,6.88,3.29,2.9,4.31,
2026-08-27 23:00:00,3,14.16,14.16,26.1,9.0,4.59,2.81,2.72,4.03,
2026-08-28 00:00:00,3,12.34,12.34,25.1,7.8,3.67,2.31,2.65,3.71,
2026-08-28 01:00:00,3,11.81,11.81,24.8,6.5,3.21,2.31,2.62,3.67,
2026-08-28 02:00:00,3,11.32,11.32,25.0,5.3,2.75,2.24,2.58,3.75,
2026-08-28 03:00:00,3,11.19,11.19,27.1,6.0,2.75,1.99,2.58,3.87,
2026-08-28 04:00:00,3,11.33,11.33,27.4,6.1,2.75,2.25,2.58,3.74,
2026-08-28 05:00:00,3,14.07,14.07,25.3,10.8,4.59,2.65,2.72,4.11,
2026-08-28 06:00:00,3,27.48,27.48,28.4,26.6,13.76,5.15,3.43,5.13,
2026-08-28 07:00:00,3,47.12,47.12,31.1,55.8,26.61,8.92,4.43,7.16,
2026-08-28 08:00:00,3,62.01,62.01,31.4,81.2,35.79,11.5,5.14,9.59,
2026-08-28 09:00:00,3,70.16,70.16,32.3,92.5,40.37,14.29,5.49,10.0,
2026-08-28 10:00:00,3,70.84,70.84,32.2,94.4,42.21,12.79,5.64,10.2,
2026-07-29 11:00:00,4,77.25,77.25,33.8,89.6,41.8,16.04,6.83,12.58,
2026-07-29 12:00:00,4,76.18,76.18,34.3,95.0,42.24,15.78,6.87,11.29,
2026-07-29 13:00:00,4,74.52,74.52,35.0,100.0,41.36,15.18,6.79,11.2,
2026-07-29 14:00:00,4,74.15,74.15,34.3,87.3,39.6,16.54,6.62,11.39,
2026-07-29 15:00:00,4,68.57,68.57,35.8,70.6,36.08,15.04,6.28,11.17,
2026-07-29 16:00:00,4,60.07,60.07,34.9,70.0,31.68,12.42,5.86,10.12,
2026-07-29 17:00:00,4,51.62,51.62,32.4,52.5,26.4,11.4,5.35,8.47,
2026-07-29 18:00:00,4,41.7,41.7,31.2,51.9,21.12,8.47,4.84,7.26,
2026-07-29 19:00:00,4,37.48,37.48,31.1,37.2,17.6,8.36,4.51,7.02,
2026-07-29 20:00:00,4,30.7,30.7,25.0,28.4,14.08,6.39,4.17,6.07,
2026-07-29 21:00:00,4,25.92,25.92,24.8,21.9,10.56,5.46,3.83,6.07,
2026-07-29 22:00:00,4,18.36,18.36,25.3,14.7,6.6,3.79,3.45,4.51,
2026-07-29 23:00:00,4,15.74,15.74,26.8,8.7,4.4,3.35,3.24,4.75,
2026-07-30 00:00:00,4,14.09,14.09,25.4,8.5,3.52,3.08,3.15,4.34,
2026-07-30 01:00:00,4,13.13,13.13,27.2,6.3,3.08,2.68,3.11,4.27,
2026-07-30 02:00:00,4,12.35,12.35,25.5,6.1,2.64,2.64,3.07,4.01,
2026-07-30 03:00:00,4,12.19,12.19,26.7,5.1,2.64,2.34,3.07,4.14,
2026-07-30 04:00:00,4,12.25,12.25,25.7,5.8,2.64,2.31,3.07,4.24,
2026-07-30 05:00:00,4,15.0,15.0,27.2,9.8,4.4,2.86,3.24,4.5,
2026-07-30 06:00:00,4,30.64,30.64,27.6,29.3,13.2,6.71,4.08,6.65,
2026-07-30 07:00:00,4,50.95,50.95,30.3,57.6,25.52,11.06,5.27,9.11,
2026-07-30 08:00:00,4,65.64,65.64,31.8,85.3,34.32,14.72,6.11,10.49,
2026-07-30 09:00:00,4,71.74,71.74,33.6,93.4,38.72,14.24,6.53,12.24,
2026-07-30 10:00:00,4,76.4,76.4,34.0,100.0,40.48,16.97,6.7,12.25,
2026-07-30 11:00:00,4,77.89,77.89,34.2,87.3,41.8,16.47,6.83,12.79,
2026-07-30 12:00:00,4,76.8,76.8,35.6,97.2,42.24,15.36,6.87,12.33,
2026-07-30 13:00:00,4,77.81,77.81,34.5,92.3,41.36,17.11,6.79,12.56,
2026-07-30 14:00:00,4,72.62,72.62,34.6,77.0,39.6,16.08,6.62,10.33,
2026-07-30 15:00:00,4,66.74,66.74,35.4,70.1,36.08,13.77,6.28,10.61,
2026-07-30 16:00:00,4,60.54,60.54,33.0,65.2,31.68,13.44,5.86,9.56,
2026-07-30 17:00:00,4,52.44,52.44,32.6,61.0,26.4,11.69,5.35,9.0,
2026-07-30 18:00:00,4,43.12,43.12,31.2,51.4,21.12,9.86,4.84,7.29,
2026-07-30 19:00:00,4,35.99,35.99,31.2,36.1,17.6,7.42,4.51,6.47,
2026-07-30 20:00:00,4,31.78,31.78,26.3,34.0,14.08,7.02,4.17,6.51,
2026-07-30 21:00:00,4,25.03,25.03,27.4,22.4,10.56,5.19,3.83,5.45,
2026-07-30 22:00:00,4,18.71,18.71,25.1,13.9,6.6,3.9,3.45,4.76,
2026-07-30 23:00:00,4,14.94,14.94,27.3,9.0,4.4,3.08,3.24,4.23,
2026-07-31 00:00:00,4,13.99,13.99,27.2,7.7,3.52,3.04,3.15,4.28,
2026-07-31 01:00:00,4,13.21,13.21,25.8,7.3,3.08,2.82,3.11,4.2,
2026-07-31 02:00:00,4,12.21,12.21,25.8,5.7,2.64,2.39,3.07,4.11,
2026-07-31 03:00:00,4,12.64,12.64,26.9,5.2,2.64,2.37,3.07,4.56,
2026-07-31 04:00:00,4,12.27,12.27,26.7,5.3,2.64,2.66,3.07,3.89,
2026-07-31 05:00:00,4,15.36,15.36,26.0,10.0,4.4,3.33,3.24,4.39,
2026-07-31 06:00:00,4,30.11,30.11,28.1,32.9,13.2,6.72,4.08,6.11,
2026-07-31 07:00:00,4,49.31,49.31,29.6,50.9,25.52,10.68,5.27,7.84,
2026-07-31 08:00:00,4,65.49,65.49,32.5,74.1,34.32,14.94,6.11,10.12,
2026-07-31 09:00:00,4,72.64,72.64,34.1,93.2,38.72,15.32,6.53,12.07,
2026-07-31 10:00:00,4,73.96,73.96,33.1,100.0,40.48,14.81,6.7,11.96,
2026-07-31 11:00:00,4,78.12,78.12,34.1,91.9,41.8,18.13,6.83,11.35,
2026-07-31 12:00:00,4,76.07,76.07,35.3,89.4,42.24,15.58,6.87,11.37,
2026-07-31 13:00:00,4,75.75,75.75,35.2,82.9,41.36,15.34,6.79,12.26,
2026-07-31 14:00:00,4,75.31,75.31,35.6,77.9,39.6,16.8,6.62,12.3,
2026-07-31 15:00:00,4,66.71,66.71,34.9,77.3,36.08,14.32,6.28,10.03,
2026-07-31 16:00:00,4,62.12,62.12,32.7,78.1,31.68,14.2,5.86,10.38,
2026-07-31 17:00:00,4,51.86,51.86,33.7,53.7,26.4,11.93,5.35,8.18,
2026-07-31 18:00:00,4,42.83,42.83,30.6,46.8,21.12,8.83,4.84,8.03,
2026-07-31 19:00:00,4,37.29,37.29,31.6,36.7,17.6,7.64,4.51,7.55,
2026-07-31 20:00:00,4,31.22,31.22,25.5,34.3,14.08,6.03,4.17,6.94,
2026-07-31 21:00:00,4,25.52,25.52,27.2,20.7,10.56,5.25,3.83,5.88,
2026-07-31 22:00:00,4,19.01,19.01,26.1,13.3,6.6,3.58,3.45,5.39,
2026-07-31 23:00:00,4,15.1,15.1,24.8,11.0,4.4,2.92,3.24,4.54,
2026-08-01 00:00:00,4,15.05,15.05,27.5,10.6,4.4,3.19,3.24,4.23,
2026-08-01 01:00:00,4,13.78,13.78,26.3,8.1,3.52,2.74,3.15,4.36,
2026-08-01 02:00:00,4,13.15,13.15,27.2,6.2,3.08,2.78,3.11,4.18,
2026-08-01 03:00:00,4,12.66,12.66,26.3,6.2,2.64,2.52,3.07,4.42,
2026-08-01 04:00:00,4,12.0,12.0,27.1,5.4,2.64,2.39,3.07,3.9,
2026-08-01 05:00:00,4,12.61,12.61,27.3,6.3,3.08,2.47,3.11,3.95,
2026-08-01 06:00:00,4,14.87,14.87,25.7,10.7,4.4,2.92,3.24,4.31,
2026-08-01 07:00:00,4,21.53,21.53,25.1,18.3,7.92,4.28,3.58,5.75,
2026-08-01 08:00:00,4,29.01,29.01,26.5,27.4,12.32,6.11,4.0,6.58,
2026-08-01 09:00:00,4,32.91,32.91,26.8,30.0,14.96,6.86,4.25,6.84,
2026-08-01 10:00:00,4,34.14,34.14,26.2,39.0,15.84,6.61,4.34,7.35,
2026-08-01 11:00:00,4,36.24,36.24,25.7,34.5,17.6,7.44,4.51,6.69,
2026-08-01 12:00:00,4,38.62,38.62,24.9,36.1,18.48,8.72,4.59,6.82,
2026-08-01 13:00:00,4,39.82,39.82,25.5,43.7,19.36,8.53,4.67,7.26,
2026-08-01 14:00:00,4,38.68,38.68,26.4,44.3,18.48,8.36,4.59,7.25,
2026-08-01 15:00:00,4,36.7,36.7,25.1,40.2,17.6,7.99,4.51,6.6,
2026-08-01 16:00:00,4,34.66,34.66,25.3,37.5,15.84,7.9,4.34,6.58,
2026-08-01 17:00:00,4,30.28,30.28,27.2,27.4,13.2,6.73,4.08,6.27,
2026-08-01 18:00:00,4,25.54,25.54,26.1,24.4,10.56,5.57,3.83,5.58,
2026-08-01 19:00:00,4,22.66,22.66,26.1,17.3,8.8,4.62,3.66,5.58,
2026-08-01 20:00:00,4,19.46,19.46,27.4,14.1,7.04,3.89,3.49,5.03,
2026-08-01 21:00:00,4,17.76,17.76,24.8,12.8,5.72,3.49,3.37,5.18,
2026-08-01 22:00:00,4,16.03,16.03,25.4,10.5,4.84,3.65,3.28,4.26,
2026-08-01 23:00:00,4,15.7,15.7,27.1,9.8,4.4,3.1,3.24,4.96,
2026-08-02 00:00:00,4,15.33,15.33,27.5,9.0,4.4,3.38,3.24,4.3,
2026-08-02 01:00:00,4,13.92,13.92,24.6,8.3,3.52,2.77,3.15,4.47,
2026-08-02 02:00:00,4,13.46,13.46,25.0,7.5,3.08,2.71,3.11,4.56,
2026-08-02 03:00:00,4,12.71,12.71,25.6,5.4,2.64,2.76,3.07,4.24,
2026-08-02 04:00:00,4,12.4,12.4,25.6,5.3,2.64,2.36,3.07,4.33,
2026-08-02 05:00:00,4,13.02,13.02,26.4,7.4,3.08,2.83,3.11,4.0,
2026-08-02 06:00:00,4,15.39,15.39,27.3,10.0,4.4,3.4,3.24,4.36,
2026-08-02 07:00:00,4,21.42,21.42,27.4,19.6,7.92,4.25,3.58,5.67,
2026-08-02 08:00:00,4,27.97,27.97,27.4,30.1,12.32,5.98,4.0,5.67,
2026-08-02 09:00:00,4,32.54,32.54,27.3,28.9,14.96,6.62,4.25,6.7,
2026-08-02 10:00:00,4,35.05,35.05,25.4,38.9,15.84,7.45,4.34,7.43,
2026-08-02 11:00:00,4,37.07,37.07,24.7,38.1,17.6,7.36,4.51,7.61,
2026-08-02 12:00:00,4,38.99,38.99,26.8,44.2,18.48,8.98,4.59,6.94,
2026-08-02 13:00:00,4,39.43,39.43,26.9,44.5,19.36,8.37,4.67,7.03,
2026-08-02 14:00:00,4,39.06,39.06,27.0,36.4,18.48,9.0,4.59,6.99,
2026-08-02 15:00:00,4,38.19,38.19,27.2,35.2,17.6,8.3,4.51,7.78,
2026-08-02 16:00:00,4,34.87,34.87,25.0,34.6,15.84,7.54,4.34,7.16,
2026-08-02 17:00:00,4,29.16,29.16,24.5,26.4,13.2,6.1,4.08,5.78,
2026-08-02 18:00:00,4,25.48,25.48,26.4,23.2,10.56,5.56,3.83,5.53,
2026-08-02 19:00:00,4,22.12,22.12,24.9,20.7,8.8,4.71,3.66,4.96,
2026-08-02 20:00:00,4,19.36,19.36,27.4,17.2,7.04,3.99,3.49,4.84,
2026-08-02 21:00:00,4,17.46,17.46,27.5,12.3,5.72,3.93,3.37,4.44,
2026-08-02 22:00:00,4,16.52,16.52,25.9,11.0,4.84,3.58,3.28,4.82,
2026-08-02 23:00:00,4,14.83,14.83,26.9,10.4,4.4,2.99,3.24,4.2,
2026-08-03 00:00:00,4,13.85,13.85,27.5,8.0,3.52,2.91,3.15,4.27,
2026-08-03 01:00:00,4,13.76,13.76,27.1,7.1,3.08,2.87,3.11,4.7,
2026-08-03 02:00:00,4,12.46,12.46,25.8,6.1,2.64,2.72,3.07,4.03,
2026-08-03 03:00:00,4,12.34,12.34,26.7,5.5,2.64,2.41,3.07,4.22,
2026-08-03 04:00:00,4,12.35,12.35,25.8,6.4,2.64,2.78,3.07,3.86,
2026-08-03 05:00:00,4,15.2,15.2,24.8,10.5,4.4,3.01,3.24,4.55,
2026-08-03 06:00:00,4,29.75,29.75,29.3,30.5,13.2,5.83,4.08,6.64,
2026-08-03 07:00:00,4,50.77,50.77,31.0,57.4,25.52,11.5,5.27,8.48,
2026-08-03 08:00:00,4,64.68,64.68,31.7,84.3,34.32,13.61,6.11,10.63,
2026-08-03 09:00:00,4,73.64,73.64,33.0,92.3,38.72,16.93,6.53,11.46,
2026-08-03 10:00:00,4,74.92,74.92,32.5,95.8,40.48,15.71,6.7,12.03,
2026-08-03 11:00:00,4,77.38,77.38,35.6,90.8,41.8,16.28,6.83,12.47,
2026-08-03 12:00:00,4,79.23,79.23,34.4,100.0,42.24,17.97,6.87,12.15,
2026-08-03 13:00:00,4,77.76,77.76,35.1,100.0,41.36,17.51,6.79,12.1,
2026-08-03 14:00:00,4,72.17,72.17,35.7,91.6,39.6,14.34,6.62,11.61,
2026-08-03 15:00:00,4,67.44,67.44,33.0,89.1,36.08,13.4,6.28,11.67,
2026-08-03 16:00:00,4,60.85,60.85,34.6,74.3,31.68,13.9,5.86,9.42,
2026-08-03 17:00:00,4,52.31,52.31,33.7,56.2,26.4,12.14,5.35,8.42,
2026-08-03 18:00:00,4,43.68,43.68,31.4,41.4,21.12,9.11,4.84,8.6,
2026-08-03 19:00:00,4,37.1,37.1,29.6,41.9,17.6,7.46,4.51,7.53,
2026-08-03 20:00:00,4,31.03,31.03,26.1,29.8,14.08,6.52,4.17,6.26,
2026-08-03 21:00:00,4,25.73,25.73,26.9,25.5,10.56,5.77,3.83,5.57,
2026-08-03 22:00:00,4,18.99,18.99,26.3,15.5,6.6,4.23,3.45,4.72,
2026-08-03 23:00:00,4,15.63,15.63,27.0,8.8,4.4,3.31,3.24,4.69,
2026-08-04 00:00:00,4,13.63,13.63,25.4,7.8,3.52,2.67,3.15,4.28,
2026-08-04 01:00:00,4,13.37,13.37,25.3,7.2,3.08,2.61,3.11,4.56,
2026-08-04 02:00:00,4,12.54,12.54,27.2,6.2,2.64,2.77,3.07,4.06,
2026-08-04 03:00:00,4,12.83,12.83,24.8,6.0,2.64,2.74,3.07,4.38,
2026-08-04 04:00:00,4,12.39,12.39,26.2,6.2,2.64,2.55,3.07,4.13,
2026-08-04 05:00:00,4,15.19,15.19,26.6,9.0,4.4,2.91,3.24,4.65,
2026-08-04 06:00:00,4,29.87,29.87,30.1,28.5,13.2,6.04,4.08,6.55,
2026-08-04 07:00:00,4,50.47,50.47,30.4,55.1,25.52,11.68,5.27,8.01,
2026-08-04 08:00:00,4,65.44,65.44,33.0,82.2,34.32,15.02,6.11,9.99,
2026-08-04 09:00:00,4,73.48,73.48,33.0,76.6,38.72,17.07,6.53,11.16,
2026-08-04 10:00:00,4,74.98,74.98,32.3,90.8,40.48,16.7,6.7,11.1,
2026-08-04 11:00:00,4,78.15,78.15,34.4,100.0,41.8,18.24,6.83,11.28,
2026-08-04 12:00:00,4,75.75,75.75,34.0,97.1,42.24,15.84,6.87,10.81,
2026-08-04 13:00:00,4,77.59,77.59,34.2,80.4,41.36,16.84,6.79,12.6,
2026-08-04 14:00:00,4,73.53,73.53,34.6,88.9,39.6,16.06,6.62,11.26,
2026-08-04 15:00:00,4,68.91,68.91,35.4,81.6,36.08,14.94,6.28,11.6,
2026-08-04 16:00:00,4,61.92,61.92,35.1,74.6,31.68,13.53,5.86,10.86,
2026-08-04 17:00:00,4,52.13,52.13,33.7,55.0,26.4,10.8,5.35,9.58,
2026-08-04 18:00:00,4,43.44,43.44,32.9,44.6,21.12,8.92,4.84,8.55,
2026-08-04 19:00:00,4,37.58,37.58,29.2,42.6,17.6,8.69,4.51,6.78,
2026-08-04 20:00:00,4,32.36,32.36,26.1,28.2,14.08,7.29,4.17,6.82,
2026-08-04 21:00:00,4,25.69,25.69,26.0,23.3,10.56,5.18,3.83,6.12,
2026-08-04 22:00:00,4,19.32,19.32,26.3,15.5,6.6,4.13,3.45,5.13,
2026-08-04 23:00:00,4,15.41,15.41,26.2,11.0,4.4,3.15,3.24,4.63,
2026-08-05 00:00:00,4,13.85,13.85,24.7,8.0,3.52,2.85,3.15,4.33,
2026-08-05 01:00:00,4,13.27,13.27,27.4,6.2,3.08,2.73,3.11,4.35,
2026-08-05 02:00:00,4,12.35,12.35,24.7,5.6,2.64,2.72,3.07,3.92,
2026-08-05 03:00:00,4,12.63,12.63,26.5,5.2,2.64,2.65,3.07,4.27,
2026-08-05 04:00:00,4,12.56,12.56,27.3,6.2,2.64,2.64,3.07,4.21,
2026-08-05 05:00:00,4,15.41,15.41,26.6,10.9,4.4,3.48,3.24,4.3,
2026-08-05 06:00:00,4,29.91,29.91,28.9,29.5,13.2,6.56,4.08,6.07,
2026-08-05 07:00:00,4,50.6,50.6,30.5,62.0,25.52,11.73,5.27,8.08,
2026-08-05 08:00:00,4,63.25,63.25,31.7,79.6,34.32,13.42,6.11,9.39,
2026-08-05 09:00:00,4,70.76,70.76,33.1,90.5,38.72,15.08,6.53,10.43,
2026-08-05 10:00:00,4,75.6,75.6,35.1,92.3,40.48,16.25,6.7,12.17,
2026-08-05 11:00:00,4,78.1,78.1,35.1,86.7,41.8,16.97,6.83,12.5,
2026-08-05 12:00:00,4,78.37,78.37,33.9,85.9,42.24,17.29,6.87,11.96,
2026-08-05 13:00:00,4,78.07,78.07,33.9,82.0,41.36,17.94,6.79,11.98,
2026-08-05 14:00:00,4,73.67,73.67,36.2,85.2,39.6,15.55,6.62,11.91,
2026-08-05 15:00:00,4,66.21,66.21,33.3,76.7,36.08,13.39,6.28,10.46,
2026-08-05 16:00:00,4,59.81,59.81,34.3,77.0,31.68,12.99,5.86,9.28,
2026-08-05 17:00:00,4,53.02,53.02,32.4,54.4,26.4,12.16,5.35,9.11,
2026-08-05 18:00:00,4,42.28,42.28,31.1,49.8,21.12,9.23,4.84,7.08,
2026-08-05 19:00:00,4,36.29,36.29,30.7,43.8,17.6,7.22,4.51,6.96,
2026-08-05 20:00:00,4,30.76,30.76,25.0,34.9,14.08,6.69,4.17,5.82,
2026-08-05 21:00:00,4,26.05,26.05,25.7,20.6,10.56,5.82,3.83,5.84,
2026-08-05 22:00:00,4,18.87,18.87,27.1,16.3,6.6,3.71,3.45,5.11,
2026-08-05 23:00:00,4,15.61,15.61,25.0,9.0,4.4,3.07,3.24,4.9,
2026-08-06 00:00:00,4,14.3,14.3,27.2,8.0,3.52,2.89,3.15,4.73,
2026-08-06 01:00:00,4,12.71,12.71,26.6,7.5,3.08,2.52,3.11,4.0,
2026-08-06 02:00:00,4,12.26,12.26,27.0,5.1,2.64,2.3,3.07,4.25,
2026-08-06 03:00:00,4,12.45,12.45,27.4,6.5,2.64,2.69,3.07,4.05,
2026-08-06 04:00:00,4,12.31,12.31,25.4,5.6,2.64,2.37,3.07,4.23,
2026-08-06 05:00:00,4,15.88,15.88,27.2,9.7,4.4,3.23,3.24,5.01,
2026-08-06 06:00:00,4,30.51,30.51,30.3,32.5,13.2,6.88,4.08,6.34,
2026-08-06 07:00:00,4,49.52,49.52,30.0,55.8,25.52,9.94,5.27,8.79,
2026-08-06 08:00:00,4,64.73,64.73,31.1,73.4,34.32,13.21,6.11,11.08,
2026-08-06 09:00:00,4,72.56,72.56,31.8,83.7,38.72,15.08,6.53,12.23,
2026-08-06 10:00:00,4,76.78,76.78,35.0,96.9,40.48,17.48,6.7,12.11,
2026-08-06 11:00:00,4,77.6,77.6,35.4,83.1,41.8,16.7,6.83,12.28,
2026-08-06 12:00:00,4,78.21,78.21,34.3,94.3,42.24,17.04,6.87,12.05,
2026-08-06 13:00:00,4,75.01,75.01,34.7,92.7,41.36,15.49,6.79,11.38,
2026-08-06 14:00:00,4,74.75,74.75,34.7,81.0,39.6,17.25,6.62,11.29,
2026-08-06 15:00:00,4,65.46,65.46,34.2,71.4,36.08,13.18,6.28,9.92,
2026-08-06 16:00:00,4,60.9,60.9,33.9,72.2,31.68,12.48,5.86,10.88,
2026-08-06 17:00:00,4,52.2,52.2,33.6,62.6,26.4,11.53,5.35,8.92,
2026-08-06 18:00:00,4,42.77,42.77,30.2,52.2,21.12,8.83,4.84,7.97,
2026-08-06 19:00:00,4,37.74,37.74,31.5,39.4,17.6,8.14,4.51,7.49,
2026-08-06 20:00:00,4,30.69,30.69,26.1,27.6,14.08,6.39,4.17,6.05,
2026-08-06 21:00:00,4,26.32,26.32,27.4,20.7,10.56,5.74,3.83,6.2,
2026-08-06 22:00:00,4,18.62,18.62,26.7,14.7,6.6,3.71,3.45,4.86,
2026-08-06 23:00:00,4,15.52,15.52,26.6,10.8,4.4,2.91,3.24,4.97,
2026-08-07 00:00:00,4,13.41,13.41,27.2,8.2,3.52,2.61,3.15,4.13,
2026-08-07 01:00:00,4,13.29,13.29,25.1,7.1,3.08,2.43,3.11,4.66,
2026-08-07 02:00:00,4,12.26,12.26,25.1,6.1,2.64,2.75,3.07,3.8,
2026-08-07 03:00:00,4,13.03,13.03,25.2,6.3,2.64,2.7,3.07,4.62,
2026-08-07 04:00:00,4,12.68,12.68,27.5,6.3,2.64,2.47,3.07,4.5,
2026-08-07 05:00:00,4,15.36,15.36,24.6,8.9,4.4,3.01,3.24,4.71,
2026-08-07 06:00:00,4,30.45,30.45,30.1,28.7,13.2,6.43,4.08,6.74,
2026-08-07 07:00:00,4,51.48,51.48,30.7,52.3,25.52,11.59,5.27,9.11,
2026-08-07 08:00:00,4,64.38,64.38,30.9,79.8,34.32,13.7,6.11,10.24,
2026-08-07 09:00:00,4,73.02,73.02,32.1,94.6,38.72,16.51,6.53,11.26,
2026-08-07 10:00:00,4,75.09,75.09,34.0,92.6,40.48,15.82,6.7,12.09,
2026-08-07 11:00:00,4,76.56,76.56,34.3,96.5,41.8,15.71,6.83,12.22,
2026-08-07 12:00:00,4,77.08,77.08,33.7,100.0,42.24,16.75,6.87,11.22,
2026-08-07 13:00:00,4,76.05,76.05,34.5,100.0,41.36,15.67,6.79,12.23,
2026-08-07 14:00:00,4,73.14,73.14,36.1,85.5,39.6,15.95,6.62,10.96,
2026-08-07 15:00:00,4,67.29,67.29,34.6,71.9,36.08,13.46,6.28,11.46,
2026-08-07 16:00:00,4,60.57,60.57,34.8,78.3,31.68,13.13,5.86,9.9,
2026-08-07 17:00:00,4,50.95,50.95,31.6,65.9,26.4,11.02,5.35,8.18,
2026-08-07 18:00:00,4,42.82,42.82,30.8,50.8,21.12,8.61,4.84,8.25,
2026-08-07 19:00:00,4,37.27,37.27,31.3,36.4,17.6,8.1,4.51,7.06,
2026-08-07 20:00:00,4,31.31,31.31,24.9,32.0,14.08,6.04,4.17,7.02,
2026-08-07 21:00:00,4,25.02,25.02,26.8,21.5,10.56,5.07,3.83,5.56,
2026-08-07 22:00:00,4,19.32,19.32,26.2,16.3,6.6,3.83,3.45,5.44,
2026-08-07 23:00:00,4,15.31,15.31,27.3,9.4,4.4,2.98,3.24,4.69,
2026-08-08 00:00:00,4,14.84,14.84,25.7,8.9,4.4,3.04,3.24,4.16,
2026-08-08 01:00:00,4,13.95,13.95,25.1,7.2,3.52,2.94,3.15,4.33,
2026-08-08 02:00:00,4,13.07,13.07,27.1,6.1,3.08,2.56,3.11,4.32,
2026-08-08 03:00:00,4,12.32,12.32,26.2,5.3,2.64,2.77,3.07,3.84,
2026-08-08 04:00:00,4,12.57,12.57,26.6,5.7,2.64,2.55,3.07,4.31,
2026-08-08 05:00:00,4,12.81,12.81,25.0,7.6,3.08,2.62,3.11,3.99,
2026-08-08 06:00:00,4,15.35,15.35,24.8,9.1,4.4,3.09,3.24,4.62,
2026-08-08 07:00:00,4,20.55,20.55,26.9,18.8,7.92,4.1,3.58,4.96,
2026-08-08 08:00:00,4,28.12,28.12,26.4,27.7,12.32,5.51,4.0,6.29,
2026-08-08 09:00:00,4,32.72,32.72,27.2,36.9,14.96,7.17,4.25,6.34,
2026-08-08 10:00:00,4,34.87,34.87,26.3,34.6,15.84,7.65,4.34,7.05,
2026-08-08 11:00:00,4,37.88,37.88,26.3,37.5,17.6,8.69,4.51,7.08,
2026-08-08 12:00:00,4,38.48,38.48,27.3,37.3,18.48,8.3,4.59,7.11,
2026-08-08 13:00:00,4,40.22,40.22,24.9,44.4,19.36,8.0,4.67,8.19,
2026-08-08 14:00:00,4,37.71,37.71,27.5,45.0,18.48,8.02,4.59,6.62,
2026-08-08 15:00:00,4,37.41,37.41,26.9,35.4,17.6,7.86,4.51,7.45,
2026-08-08 16:00:00,4,34.58,34.58,26.1,32.6,15.84,7.14,4.34,7.26,
2026-08-08 17:00:00,4,29.7,29.7,25.6,32.6,13.2,6.24,4.08,6.18,
2026-08-08 18:00:00,4,25.26,25.26,26.7,23.1,10.56,5.27,3.83,5.61,
2026-08-08 19:00:00,4,22.53,22.53,25.5,19.0,8.8,4.96,3.66,5.1,
2026-08-08 20:00:00,4,19.85,19.85,25.2,14.4,7.04,3.87,3.49,5.46,
2026-08-08 21:00:00,4,17.88,17.88,26.5,13.1,5.72,3.93,3.37,4.86,
2026-08-08 22:00:00,4,15.92,15.92,26.8,10.5,4.84,3.42,3.28,4.38,
2026-08-08 23:00:00,4,15.28,15.28,24.9,8.8,4.4,3.26,3.24,4.38,
2026-08-09 00:00:00,4,15.03,15.03,27.0,10.4,4.4,3.25,3.24,4.15,
2026-08-09 01:00:00,4,13.61,13.61,25.2,7.9,3.52,2.66,3.15,4.28,
2026-08-09 02:00:00,4,13.32,13.32,26.1,6.3,3.08,2.66,3.11,4.47,
2026-08-09 03:00:00,4,12.55,12.55,25.7,6.1,2.64,2.42,3.07,4.42,
2026-08-09 04:00:00,4,12.65,12.65,26.2,5.3,2.64,2.48,3.07,4.45,
2026-08-09 05:00:00,4,13.48,13.48,25.1,6.7,3.08,2.68,3.11,4.62,
2026-08-09 06:00:00,4,15.64,15.64,24.9,10.8,4.4,3.05,3.24,4.95,
2026-08-09 07:00:00,4,21.7,21.7,26.3,18.6,7.92,4.77,3.58,5.43,
2026-08-09 08:00:00,4,28.3,28.3,26.9,24.4,12.32,5.43,4.0,6.55,
2026-08-09 09:00:00,4,33.08,33.08,24.7,36.1,14.96,6.71,4.25,7.16,
2026-08-09 10:00:00,4,34.31,34.31,25.1,32.0,15.84,6.87,4.34,7.26,
2026-08-09 11:00:00,4,37.77,37.77,25.6,43.1,17.6,8.05,4.51,7.61,
2026-08-09 12:00:00,4,37.7,37.7,25.9,43.1,18.48,7.89,4.59,6.73,
2026-08-09 13:00:00,4,39.36,39.36,26.2,47.3,19.36,7.96,4.67,7.36,
2026-08-09 14:00:00,4,38.14,38.14,26.1,42.2,18.48,7.67,4.59,7.39,
2026-08-09 15:00:00,4,38.05,38.05,25.9,43.8,17.6,8.22,4.51,7.72,
2026-08-09 16:00:00,4,33.67,33.67,27.4,36.6,15.84,6.77,4.34,6.73,
2026-08-09 17:00:00,4,29.6,29.6,26.8,26.5,13.2,6.19,4.08,6.13,
2026-08-09 18:00:00,4,26.11,26.11,25.0,20.5,10.56,5.59,3.83,6.13,
2026-08-09 19:00:00,4,22.76,22.76,27.3,19.9,8.8,4.45,3.66,5.85,
2026-08-09 20:00:00,4,20.17,20.17,27.4,17.4,7.04,4.17,3.49,5.47,
2026-08-09 21:00:00,4,16.88,16.88,27.5,13.9,5.72,3.33,3.37,4.47,
2026-08-09 22:00:00,4,16.32,16.32,25.4,10.4,4.84,3.09,3.28,5.1,
2026-08-09 23:00:00,4,15.49,15.49,26.9,10.2,4.4,3.46,3.24,4.39,
2026-08-10 00:00:00,4,13.76,13.76,26.6,8.7,3.52,2.61,3.15,4.48,
2026-08-10 01:00:00,4,13.32,13.32,26.9,6.0,3.08,2.9,3.11,4.23,
2026-08-10 02:00:00,4,12.12,12.12,25.0,6.4,2.64,2.38,3.07,4.03,
2026-08-10 03:00:00,4,12.79,12.79,26.1,6.5,2.64,2.53,3.07,4.56,
2026-08-10 04:00:00,4,12.32,12.32,24.7,5.5,2.64,2.44,3.07,4.17,
2026-08-10 05:00:00,4,15.76,15.76,25.8,8.6,4.4,3.33,3.24,4.8,
2026-08-10 06:00:00,4,29.5,29.5,28.9,26.1,13.2,6.4,4.08,5.82,
2026-08-10 07:00:00,4,49.92,49.92,31.8,58.4,25.52,11.28,5.27,7.86,
2026-08-10 08:00:00,4,63.49,63.49,31.2,83.9,34.32,13.6,6.11,9.46,
2026-08-10 09:00:00,4,72.24,72.24,33.3,90.1,38.72,15.01,6.53,11.97,
2026-08-10 10:00:00,4,74.3,74.3,34.8,96.2,40.48,15.86,6.7,11.26,
2026-08-10 11:00:00,4,77.3,77.3,35.7,97.8,41.8,16.81,6.83,11.86,
2026-08-10 12:00:00,4,78.29,78.29,34.1,100.0,42.24,18.2,6.87,10.98,
2026-08-10 13:00:00,4,75.54,75.54,35.5,87.4,41.36,16.5,6.79,10.89,
2026-08-10 14:00:00,4,71.3,71.3,35.8,94.6,39.6,14.6,6.62,10.48,
2026-08-10 15:00:00,4,69.18,69.18,34.0,72.9,36.08,15.45,6.28,11.37,
2026-08-10 16:00:00,4,59.78,59.78,34.8,61.4,31.68,11.72,5.86,10.51,
2026-08-10 17:00:00,4,51.17,51.17,33.9,60.3,26.4,10.33,5.35,9.09,
2026-08-10 18:00:00,4,44.12,44.12,32.7,46.3,21.12,9.87,4.84,8.28,
2026-08-10 19:00:00,4,37.07,37.07,29.2,35.2,17.6,8.24,4.51,6.72,
2026-08-10 20:00:00,4,31.4,31.4,26.7,27.8,14.08,6.11,4.17,7.04,
2026-08-10 21:00:00,4,24.73,24.73,24.5,25.1,10.56,5.1,3.83,5.25,
2026-08-10 22:00:00,4,19.0,19.0,24.7,14.0,6.6,3.98,3.45,4.97,
2026-08-10 23:00:00,4,15.15,15.15,25.1,11.0,4.4,3.23,3.24,4.27,
2026-08-11 00:00:00,4,13.73,13.73,25.4,8.2,3.52,3.06,3.15,4.0,
2026-08-11 01:00:00,4,12.75,12.75,25.1,6.0,3.08,2.52,3.11,4.04,
2026-08-11 02:00:00,4,12.87,12.87,24.9,5.9,2.64,2.77,3.07,4.38,
2026-08-11 03:00:00,4,12.15,12.15,26.6,5.2,2.64,2.38,3.07,4.06,
2026-08-11 04:00:00,4,12.6,12.6,27.5,5.3,2.64,2.6,3.07,4.29,
2026-08-11 05:00:00,4,15.16,15.16,26.3,9.8,4.4,3.03,3.24,4.49,
2026-08-11 06:00:00,4,30.14,30.14,30.0,31.0,13.2,6.37,4.08,6.48,
2026-08-11 07:00:00,4,50.05,50.05,31.7,52.9,25.52,11.32,5.27,7.94,
2026-08-11 08:00:00,4,65.69,65.69,30.3,73.0,34.32,14.59,6.11,10.67,
2026-08-11 09:00:00,4,73.37,73.37,33.7,76.6,38.72,16.34,6.53,11.77,
2026-08-11 10:00:00,4,73.84,73.84,32.2,95.3,40.48,14.83,6.7,11.84,
2026-08-11 11:00:00,4,78.18,78.18,35.7,89.3,41.8,17.23,6.83,12.31,
2026-08-11 12:00:00,4,78.9,78.9,33.5,87.9,42.24,17.93,6.87,11.86,
2026-08-11 13:00:00,4,77.04,77.04,35.7,91.2,41.36,16.47,6.79,12.42,
2026-08-11 14:00:00,4,72.73,72.73,34.3,99.0,39.6,14.86,6.62,11.66,
2026-08-11 15:00:00,4,67.52,67.52,33.0,76.9,36.08,14.47,6.28,10.69,
2026-08-11 16:00:00,4,61.59,61.59,35.0,76.4,31.68,14.22,5.86,9.83,
2026-08-11 17:00:00,4,51.36,51.36,33.9,57.8,26.4,10.29,5.35,9.31,
2026-08-11 18:00:00,4,42.04,42.04,31.4,41.1,21.12,8.52,4.84,7.55,
2026-08-11 19:00:00,4,36.32,36.32,31.8,40.3,17.6,7.76,4.51,6.45,
2026-08-11 20:00:00,4,31.04,31.04,26.9,32.5,14.08,6.22,4.17,6.58,
2026-08-11 21:00:00,4,25.02,25.02,25.1,21.0,10.56,5.27,3.83,5.36,
2026-08-11 22:00:00,4,18.72,18.72,25.5,12.8,6.6,3.87,3.45,4.79,
2026-08-11 23:00:00,4,15.18,15.18,27.4,9.9,4.4,3.0,3.24,4.55,
2026-08-12 00:00:00,4,13.87,13.87,26.7,7.7,3.52,3.11,3.15,4.09,
2026-08-12 01:00:00,4,13.06,13.06,27.4,6.1,3.08,2.94,3.11,3.93,
2026-08-12 02:00:00,4,12.13,12.13,25.5,5.8,2.64,2.43,3.07,3.99,
2026-08-12 03:00:00,4,12.0,12.0,27.3,6.3,2.64,2.49,3.07,3.8,
2026-08-12 04:00:00,4,12.68,12.68,25.4,5.3,2.64,2.6,3.07,4.37,
2026-08-12 05:00:00,4,14.93,14.93,25.8,8.8,4.4,2.93,3.24,4.36,
2026-08-12 06:00:00,4,30.2,30.2,29.7,31.6,13.2,6.8,4.08,6.12,
2026-08-12 07:00:00,4,50.0,50.0,31.7,50.2,25.52,10.66,5.27,8.55,
2026-08-12 08:00:00,4,64.82,64.82,30.7,72.7,34.32,13.2,6.11,11.2,
2026-08-12 09:00:00,4,74.18,74.18,32.2,94.9,38.72,16.99,6.53,11.93,
2026-08-12 10:00:00,4,73.71,73.71,33.9,91.5,40.48,15.61,6.7,10.92,
2026-08-12 11:00:00,4,78.71,78.71,33.3,88.4,41.8,17.07,6.83,13.01,
2026-08-12 12:00:00,4,77.76,77.76,34.0,95.8,42.24,15.91,6.87,12.74,
2026-08-12 13:00:00,4,74.87,74.87,35.0,90.9,41.36,14.89,6.79,11.83,
2026-08-12 14:00:00,4,72.95,72.95,33.6,93.4,39.6,16.23,6.62,10.5,
2026-08-12 15:00:00,4,69.83,69.83,34.4,82.1,36.08,15.71,6.28,11.75,
2026-08-12 16:00:00,4,61.73,61.73,33.0,69.3,31.68,13.71,5.86,10.48,
2026-08-12 17:00:00,4,51.7,51.7,32.1,53.1,26.4,11.86,5.35,8.09,
2026-08-12 18:00:00,4,43.18,43.18,30.8,48.4,21.12,8.87,4.84,8.34,
2026-08-12 19:00:00,4,36.55,36.55,30.3,35.5,17.6,7.56,4.51,6.89,
2026-08-12 20:00:00,4,31.82,31.82,27.5,32.0,14.08,6.7,4.17,6.87,
2026-08-12 21:00:00,4,25.21,25.21,26.4,26.1,10.56,5.49,3.83,5.33,
2026-08-12 22:00:00,4,19.06,19.06,26.7,15.5,6.6,3.72,3.45,5.29,
2026-08-12 23:00:00,4,15.61,15.61,25.3,10.5,4.4,3.12,3.24,4.85,
2026-08-13 00:00:00,4,13.29,13.29,24.5,7.3,3.52,2.65,3.15,3.97,
2026-08-13 01:00:00,4,12.93,12.93,26.5,7.3,3.08,2.47,3.11,4.27,
2026-08-13 02:00:00,4,12.57,12.57,27.2,5.3,2.64,2.6,3.07,4.26,
2026-08-13 03:00:00,4,272.07,12.07,26.3,6.2,262.64,2.34,3.07,4.02,High compute / cooling load after-hours
2026-08-13 04:00:00,4,168.15,12.15,25.3,6.2,158.64,2.51,3.07,3.93,High compute / cooling load after-hours
2026-08-13 05:00:00,4,15.46,15.46,24.9,10.9,4.4,2.93,3.24,4.89,
2026-08-13 06:00:00,4,29.95,29.95,29.2,28.3,13.2,6.1,4.08,6.56,
2026-08-13 07:00:00,4,50.39,50.39,30.5,58.4,25.52,11.09,5.27,8.52,
2026-08-13 08:00:00,4,63.04,63.04,31.1,82.6,34.32,12.64,6.11,9.97,
2026-08-13 09:00:00,4,72.25,72.25,32.9,87.3,38.72,16.71,6.53,10.28,
2026-08-13 10:00:00,4,72.55,72.55,34.3,81.2,40.48,14.75,6.7,10.62,
2026-08-13 11:00:00,4,77.98,77.98,33.4,93.2,41.8,18.1,6.83,11.26,
2026-08-13 12:00:00,4,77.12,77.12,35.6,100.0,42.24,16.25,6.87,11.77,
2026-08-13 13:00:00,4,76.63,76.63,35.8,91.5,41.36,16.62,6.79,11.86,
2026-08-13 14:00:00,4,73.16,73.16,35.3,85.4,39.6,14.75,6.62,12.2,
2026-08-13 15:00:00,4,67.46,67.46,35.3,78.9,36.08,13.45,6.28,11.65,
2026-08-13 16:00:00,4,60.92,60.92,33.0,65.5,31.68,13.36,5.86,10.02,
2026-08-13 17:00:00,4,50.29,50.29,31.4,63.6,26.4,10.48,5.35,8.06,
2026-08-13 18:00:00,4,42.93,42.93,30.8,43.6,21.12,8.55,4.84,8.42,
2026-08-13 19:00:00,4,37.82,37.82,30.3,37.2,17.6,8.33,4.51,7.39,
2026-08-13 20:00:00,4,31.56,31.56,24.6,33.3,14.08,6.64,4.17,6.67,
2026-08-13 21:00:00,4,25.15,25.15,26.6,23.7,10.56,4.89,3.83,5.87,
2026-08-13 22:00:00,4,18.81,18.81,25.1,14.9,6.6,3.57,3.45,5.19,
2026-08-13 23:00:00,4,15.31,15.31,26.2,9.4,4.4,3.42,3.24,4.25,
2026-08-14 00:00:00,4,14.36,14.36,25.1,7.9,3.52,3.09,3.15,4.6,
2026-08-14 01:00:00,4,12.9,12.9,25.3,6.9,3.08,2.7,3.11,4.01,
2026-08-14 02:00:00,4,12.23,12.23,25.1,6.0,2.64,2.45,3.07,4.07,
2026-08-14 03:00:00,4,11.95,11.95,25.3,5.3,2.64,2.43,3.07,3.82,
2026-08-14 04:00:00,4,12.38,12.38,26.3,6.1,2.64,2.54,3.07,4.13,
2026-08-14 05:00:00,4,15.78,15.78,25.1,8.6,4.4,3.36,3.24,4.78,
2026-08-14 06:00:00,4,30.3,30.3,30.1,27.0,13.2,6.42,4.08,6.59,
2026-08-14 07:00:00,4,51.64,51.64,31.3,59.1,25.52,11.6,5.27,9.25,
2026-08-14 08:00:00,4,65.28,65.28,31.2,67.4,34.32,14.29,6.11,10.56,
2026-08-14 09:00:00,4,71.67,71.67,33.9,80.4,38.72,15.56,6.53,10.86,
2026-08-14 10:00:00,4,74.43,74.43,32.8,82.4,40.48,15.62,6.7,11.63,
2026-08-14 11:00:00,4,76.75,76.75,35.1,97.8,41.8,16.49,6.83,11.63,
2026-08-14 12:00:00,4,78.04,78.04,35.6,100.0,42.24,16.72,6.87,12.21,
2026-08-14 13:00:00,4,76.87,76.87,35.9,95.6,41.36,17.92,6.79,10.81,
2026-08-14 14:00:00,4,71.0,71.0,33.7,76.5,39.6,14.35,6.62,10.43,
2026-08-14 15:00:00,4,66.12,66.12,32.9,75.3,36.08,13.12,6.28,10.65,
2026-08-14 16:00:00,4,59.12,59.12,34.4,78.5,31.68,11.94,5.86,9.64,
2026-08-14 17:00:00,4,52.02,52.02,33.2,65.6,26.4,11.62,5.35,8.64,
2026-08-14 18:00:00,4,41.89,41.89,30.9,48.6,21.12,8.82,4.84,7.11,
2026-08-14 19:00:00,4,37.72,37.72,29.2,35.4,17.6,7.85,4.51,7.76,
2026-08-14 20:00:00,4,31.03,31.03,27.4,34.5,14.08,6.15,4.17,6.63,
2026-08-14 21:00:00,4,26.45,26.45,27.4,25.2,10.56,5.8,3.83,6.26,
2026-08-14 22:00:00,4,19.13,19.13,25.0,13.2,6.6,4.14,3.45,4.94,
2026-08-14 23:00:00,4,14.79,14.79,27.2,10.2,4.4,3.02,3.24,4.12,
2026-08-15 00:00:00,4,15.23,15.23,26.2,8.7,4.4,3.29,3.24,4.3,
2026-08-15 01:00:00,4,13.59,13.59,25.7,7.6,3.52,2.59,3.15,4.33,
2026-08-15 02:00:00,4,13.26,13.26,25.9,6.3,3.08,2.43,3.11,4.64,
2026-08-15 03:00:00,4,12.82,12.82,26.5,6.5,2.64,2.73,3.07,4.39,
2026-08-15 04:00:00,4,12.48,12.48,26.7,5.4,2.64,2.42,3.07,4.36,
2026-08-15 05:00:00,4,13.55,13.55,27.4,6.3,3.08,2.79,3.11,4.57,
2026-08-15 06:00:00,4,15.73,15.73,27.5,8.6,4.4,3.21,3.24,4.88,
2026-08-15 07:00:00,4,21.67,21.67,26.2,18.5,7.92,4.69,3.58,5.47,
2026-08-15 08:00:00,4,27.79,27.79,26.7,25.8,12.32,5.52,4.0,5.95,
2026-08-15 09:00:00,4,33.17,33.17,27.0,33.5,14.96,6.79,4.25,7.16,
2026-08-15 10:00:00,4,34.19,34.19,26.7,35.5,15.84,7.03,4.34,6.99,
2026-08-15 11:00:00,4,37.66,37.66,25.7,39.8,17.6,7.72,4.51,7.84,
2026-08-15 12:00:00,4,39.48,39.48,26.8,37.3,18.48,8.52,4.59,7.89,
2026-08-15 13:00:00,4,40.25,40.25,26.5,41.9,19.36,9.34,4.67,6.87,
2026-08-15 14:00:00,4,39.54,39.54,25.3,37.1,18.48,8.94,4.59,7.53,
2026-08-15 15:00:00,4,38.01,38.01,25.9,39.4,17.6,8.21,4.51,7.7,
2026-08-15 16:00:00,4,34.48,34.48,25.5,38.9,15.84,7.99,4.34,6.32,
2026-08-15 17:00:00,4,30.65,30.65,25.5,30.2,13.2,6.65,4.08,6.72,
2026-08-15 18:00:00,4,26.23,26.23,26.2,26.3,10.56,5.7,3.83,6.14,
2026-08-15 19:00:00,4,23.53,23.53,25.7,21.1,8.8,5.11,3.66,5.95,
2026-08-15 20:00:00,4,19.54,19.54,26.1,15.7,7.04,4.18,3.49,4.83,
2026-08-15 21:00:00,4,17.9,17.9,26.2,14.1,5.72,3.82,3.37,4.99,
2026-08-15 22:00:00,4,16.29,16.29,26.9,10.7,4.84,3.21,3.28,4.96,
2026-08-15 23:00:00,4,15.67,15.67,25.6,10.8,4.4,3.18,3.24,4.85,
2026-08-16 00:00:00,4,15.54,15.54,25.2,9.4,4.4,3.11,3.24,4.79,
2026-08-16 01:00:00,4,14.18,14.18,24.8,8.1,3.52,2.82,3.15,4.68,
2026-08-16 02:00:00,4,13.17,13.17,27.2,6.3,3.08,2.42,3.11,4.55,
2026-08-16 03:00:00,4,11.92,11.92,26.0,5.3,2.64,2.35,3.07,3.85,
2026-08-16 04:00:00,4,12.68,12.68,27.4,5.5,2.64,2.49,3.07,4.49,
2026-08-16 05:00:00,4,12.94,12.94,26.1,6.1,3.08,2.86,3.11,3.89,
2026-08-16 06:00:00,4,15.42,15.42,24.6,8.8,4.4,2.97,3.24,4.81,
2026-08-16 07:00:00,4,21.5,21.5,24.7,16.4,7.92,4.84,3.58,5.17,
2026-08-16 08:00:00,4,28.44,28.44,25.6,26.6,12.32,6.26,4.0,5.87,
2026-08-16 09:00:00,4,32.83,32.83,25.7,30.7,14.96,6.87,4.25,6.75,
2026-08-16 10:00:00,4,33.58,33.58,25.9,36.1,15.84,6.62,4.34,6.79,
2026-08-16 11:00:00,4,36.72,36.72,24.6,37.2,17.6,7.18,4.51,7.43,
2026-08-16 12:00:00,4,38.1,38.1,27.1,39.7,18.48,8.3,4.59,6.73,
2026-08-16 13:00:00,4,40.53,40.53,26.6,44.2,19.36,8.3,4.67,8.2,
2026-08-16 14:00:00,4,37.85,37.85,26.0,36.0,18.48,7.48,4.59,7.3,
2026-08-16 15:00:00,4,36.64,36.64,27.2,38.7,17.6,7.99,4.51,6.55,
2026-08-16 16:00:00,4,34.82,34.82,26.7,37.0,15.84,7.9,4.34,6.74,
2026-08-16 17:00:00,4,29.93,29.93,26.7,27.3,13.2,6.95,4.08,5.7,
2026-08-16 18:00:00,4,25.6,25.6,25.4,25.1,10.56,5.77,3.83,5.44,
2026-08-16 19:00:00,4,22.67,22.67,25.7,17.1,8.8,4.4,3.66,5.81,
2026-08-16 20:00:00,4,19.68,19.68,26.8,17.3,7.04,4.07,3.49,5.08,
2026-08-16 21:00:00,4,17.87,17.87,25.9,13.3,5.72,3.56,3.37,5.23,
2026-08-16 22:00:00,4,16.33,16.33,26.5,9.5,4.84,3.38,3.28,4.83,
2026-08-16 23:00:00,4,14.93,14.93,26.0,10.8,4.4,3.04,3.24,4.25,
2026-08-17 00:00:00,4,13.39,13.39,25.4,7.5,3.52,2.63,3.15,4.08,
2026-08-17 01:00:00,4,12.75,12.75,27.0,6.3,3.08,2.69,3.11,3.87,
2026-08-17 02:00:00,4,12.89,12.89,26.8,6.3,2.64,2.74,3.07,4.44,
2026-08-17 03:00:00,4,12.53,12.53,24.6,5.4,2.64,2.45,3.07,4.37,
2026-08-17 04:00:00,4,12.6,12.6,27.0,5.4,2.64,2.51,3.07,4.38,
2026-08-17 05:00:00,4,15.36,15.36,27.2,8.8,4.4,2.94,3.24,4.78,
2026-08-17 06:00:00,4,29.66,29.66,30.3,29.7,13.2,6.26,4.08,6.12,
2026-08-17 07:00:00,4,50.65,50.65,30.9,49.6,25.52,10.83,5.27,9.04,
2026-08-17 08:00:00,4,64.26,64.26,32.0,68.4,34.32,13.87,6.11,9.96,
2026-08-17 09:00:00,4,70.18,70.18,32.9,84.1,38.72,14.17,6.53,10.75,
2026-08-17 10:00:00,4,75.63,75.63,35.0,86.4,40.48,15.84,6.7,12.61,
2026-08-17 11:00:00,4,75.09,75.09,35.6,100.0,41.8,15.37,6.83,11.09,
2026-08-17 12:00:00,4,78.88,78.88,35.1,97.6,42.24,16.61,6.87,13.16,
2026-08-17 13:00:00,4,75.68,75.68,34.6,86.1,41.36,15.05,6.79,12.49,
2026-08-17 14:00:00,4,73.09,73.09,33.9,85.8,39.6,16.03,6.62,10.84,
2026-08-17 15:00:00,4,67.23,67.23,33.3,72.4,36.08,15.16,6.28,9.72,
2026-08-17 16:00:00,4,59.75,59.75,32.4,75.4,31.68,11.98,5.86,10.23,
2026-08-17 17:00:00,4,51.91,51.91,33.0,51.1,26.4,11.93,5.35,8.23,
2026-08-17 18:00:00,4,43.05,43.05,32.9,51.1,21.12,9.74,4.84,7.35,
2026-08-17 19:00:00,4,36.38,36.38,30.3,38.8,17.6,7.28,4.51,6.99,
2026-08-17 20:00:00,4,31.3,31.3,26.4,31.5,14.08,7.06,4.17,6.0,
2026-08-17 21:00:00,4,25.43,25.43,24.9,23.5,10.56,5.77,3.83,5.27,
2026-08-17 22:00:00,4,18.8,18.8,26.0,16.5,6.6,4.01,3.45,4.74,
2026-08-17 23:00:00,4,15.03,15.03,26.8,10.6,4.4,3.08,3.24,4.31,
2026-08-18 00:00:00,4,14.2,14.2,25.3,6.9,3.52,2.81,3.15,4.71,
2026-08-18 01:00:00,4,13.65,13.65,26.8,6.0,3.08,2.79,3.11,4.67,
2026-08-18 02:00:00,4,12.85,12.85,25.7,6.0,2.64,2.72,3.07,4.42,
2026-08-18 03:00:00,4,12.93,12.93,24.9,6.0,2.64,2.68,3.07,4.54,
2026-08-18 04:00:00,4,12.37,12.37,26.4,6.2,2.64,2.36,3.07,4.3,
2026-08-18 05:00:00,4,14.89,14.89,25.4,10.4,4.4,3.13,3.24,4.13,
2026-08-18 06:00:00,4,29.95,29.95,27.7,26.1,13.2,6.83,4.08,5.84,
2026-08-18 07:00:00,4,49.96,49.96,30.8,54.7,25.52,10.54,5.27,8.64,
2026-08-18 08:00:00,4,64.32,64.32,32.5,84.2,34.32,13.39,6.11,10.5,
2026-08-18 09:00:00,4,73.48,73.48,32.2,81.6,38.72,16.92,6.53,11.31,
2026-08-18 10:00:00,4,76.03,76.03,33.3,98.2,40.48,16.77,6.7,12.08,
2026-08-18 11:00:00,4,77.86,77.86,35.7,95.1,41.8,17.17,6.83,12.06,
2026-08-18 12:00:00,4,77.46,77.46,34.8,83.8,42.24,16.76,6.87,11.6,
2026-08-18 13:00:00,4,75.06,75.06,35.1,94.7,41.36,15.66,6.79,11.26,
2026-08-18 14:00:00,4,73.13,73.13,34.2,83.0,39.6,15.88,6.62,11.03,
2026-08-18 15:00:00,4,67.57,67.57,35.6,88.3,36.08,14.77,6.28,10.44,
2026-08-18 16:00:00,4,60.3,60.3,33.1,76.1,31.68,13.03,5.86,9.73,
2026-08-18 17:00:00,4,52.54,52.54,32.0,57.4,26.4,11.44,5.35,9.35,
2026-08-18 18:00:00,4,43.16,43.16,32.8,42.5,21.12,9.68,4.84,7.51,
2026-08-18 19:00:00,4,36.98,36.98,30.9,37.6,17.6,7.99,4.51,6.89,
2026-08-18 20:00:00,4,31.21,31.21,26.9,31.9,14.08,6.22,4.17,6.75,
2026-08-18 21:00:00,4,25.56,25.56,27.1,24.2,10.56,5.07,3.83,6.1,
2026-08-18 22:00:00,4,19.11,19.11,27.0,13.4,6.6,4.08,3.45,4.99,
2026-08-18 23:00:00,4,15.28,15.28,25.2,9.7,4.4,3.02,3.24,4.62,
2026-08-19 00:00:00,4,13.75,13.75,26.1,7.1,3.52,2.91,3.15,4.17,
2026-08-19 01:00:00,4,13.02,13.02,27.4,7.4,3.08,2.95,3.11,3.87,
2026-08-19 02:00:00,4,12.64,12.64,25.1,6.5,2.64,2.75,3.07,4.18,
2026-08-19 03:00:00,4,12.4,12.4,27.5,6.0,2.64,2.42,3.07,4.27,
2026-08-19 04:00:00,4,12.83,12.83,25.1,5.2,2.64,2.5,3.07,4.62,
2026-08-19 05:00:00,4,14.95,14.95,26.3,9.7,4.4,3.1,3.24,4.21,
2026-08-19 06:00:00,4,29.72,29.72,28.0,28.2,13.2,6.72,4.08,5.72,
2026-08-19 07:00:00,4,49.96,49.96,31.4,53.3,25.52,10.88,5.27,8.3,
2026-08-19 08:00:00,4,64.7,64.7,32.5,84.4,34.32,14.46,6.11,9.81,
2026-08-19 09:00:00,4,70.17,70.17,33.9,87.3,38.72,14.0,6.53,10.92,
2026-08-19 10:00:00,4,74.12,74.12,34.1,84.6,40.48,15.93,6.7,11.0,
2026-08-19 11:00:00,4,76.5,76.5,34.8,94.3,41.8,15.86,6.83,12.01,
2026-08-19 12:00:00,4,77.62,77.62,35.9,85.2,42.24,16.97,6.87,11.54,
2026-08-19 13:00:00,4,76.79,76.79,34.2,98.8,41.36,17.54,6.79,11.1,
2026-08-19 14:00:00,4,72.77,72.77,35.2,98.0,39.6,14.54,6.62,12.01,
2026-08-19 15:00:00,4,66.79,66.79,35.8,75.2,36.08,14.53,6.28,9.9,
2026-08-19 16:00:00,4,59.66,59.66,34.7,65.2,31.68,12.88,5.86,9.24,
2026-08-19 17:00:00,4,50.37,50.37,31.8,54.3,26.4,10.22,5.35,8.41,
2026-08-19 18:00:00,4,42.99,42.99,31.0,47.8,21.12,9.37,4.84,7.66,
2026-08-19 19:00:00,4,36.81,36.81,29.5,35.0,17.6,7.26,4.51,7.45,
2026-08-19 20:00:00,4,31.35,31.35,25.8,33.1,14.08,6.5,4.17,6.6,
2026-08-19 21:00:00,4,25.74,25.74,25.6,23.6,10.56,5.14,3.83,6.21,
2026-08-19 22:00:00,4,18.84,18.84,26.0,15.7,6.6,3.98,3.45,4.81,
2026-08-19 23:00:00,4,15.68,15.68,26.0,10.0,4.4,3.38,3.24,4.66,
2026-08-20 00:00:00,4,14.14,14.14,25.6,8.2,3.52,2.91,3.15,4.56,
2026-08-20 01:00:00,4,12.87,12.87,25.6,7.3,3.08,2.54,3.11,4.14,
2026-08-20 02:00:00,4,12.12,12.12,25.7,5.5,2.64,2.43,3.07,3.99,
2026-08-20 03:00:00,4,12.58,12.58,26.3,5.8,2.64,2.29,3.07,4.58,
2026-08-20 04:00:00,4,12.69,12.69,25.2,6.1,2.64,2.51,3.07,4.47,
2026-08-20 05:00:00,4,15.28,15.28,25.7,9.4,4.4,3.09,3.24,4.55,
2026-08-20 06:00:00,4,29.07,29.07,29.7,32.3,13.2,5.82,4.08,5.98,
2026-08-20 07:00:00,4,51.29,51.29,29.5,54.6,25.52,11.84,5.27,8.66,
2026-08-20 08:00:00,4,65.4,65.4,30.6,82.9,34.32,14.34,6.11,10.63,
2026-08-20 09:00:00,4,73.24,73.24,33.7,93.4,38.72,17.01,6.53,10.98,
2026-08-20 10:00:00,4,75.36,75.36,34.5,80.3,40.48,17.5,6.7,10.68,
2026-08-20 11:00:00,4,76.78,76.78,35.0,81.9,41.8,15.23,6.83,12.92,
2026-08-20 12:00:00,4,78.55,78.55,34.7,88.6,42.24,17.99,6.87,11.44,
2026-08-20 13:00:00,4,75.85,75.85,36.2,85.3,41.36,15.85,6.79,11.85,
2026-08-20 14:00:00,4,72.45,72.45,34.0,78.6,39.6,14.42,6.62,11.81,
2026-08-20 15:00:00,4,68.29,68.29,35.3,89.3,36.08,15.86,6.28,10.07,
2026-08-20 16:00:00,4,60.93,60.93,33.8,78.2,31.68,14.01,5.86,9.38,
2026-08-20 17:00:00,4,51.41,51.41,33.7,53.9,26.4,11.56,5.35,8.1,
2026-08-20 18:00:00,4,41.81,41.81,30.4,50.6,21.12,8.6,4.84,7.25,
2026-08-20 19:00:00,4,37.03,37.03,30.2,41.6,17.6,8.27,4.51,6.65,
2026-08-20 20:00:00,4,31.16,31.16,27.3,29.2,14.08,6.0,4.17,6.91,
2026-08-20 21:00:00,4,25.03,25.03,26.8,23.5,10.56,4.87,3.83,5.77,
2026-08-20 22:00:00,4,18.3,18.3,24.7,13.3,6.6,3.6,3.45,4.65,
2026-08-20 23:00:00,4,15.64,15.64,24.9,10.7,4.4,3.38,3.24,4.63,
2026-08-21 00:00:00,4,13.38,13.38,25.3,7.3,3.52,2.67,3.15,4.04,
2026-08-21 01:00:00,4,12.95,12.95,25.2,7.1,3.08,2.83,3.11,3.93,
2026-08-21 02:00:00,4,12.69,12.69,25.6,5.1,2.64,2.51,3.07,4.47,
2026-08-21 03:00:00,4,12.4,12.4,26.5,5.7,2.64,2.56,3.07,4.13,
2026-08-21 04:00:00,4,12.56,12.56,26.1,6.5,2.64,2.76,3.07,4.09,
2026-08-21 05:00:00,4,15.75,15.75,26.3,10.3,4.4,3.33,3.24,4.79,
2026-08-21 06:00:00,4,29.91,29.91,29.1,28.6,13.2,6.34,4.08,6.28,
2026-08-21 07:00:00,4,50.24,50.24,31.2,52.3,25.52,10.99,5.27,8.47,
2026-08-21 08:00:00,4,64.29,64.29,31.0,78.1,34.32,13.7,6.11,10.16,
2026-08-21 09:00:00,4,70.03,70.03,32.4,81.7,38.72,14.59,6.53,10.19,
2026-08-21 10:00:00,4,74.68,74.68,33.5,92.9,40.48,15.02,6.7,12.48,
2026-08-21 11:00:00,4,77.17,77.17,35.3,98.5,41.8,17.13,6.83,11.42,
2026-08-21 12:00:00,4,76.81,76.81,34.1,82.0,42.24,15.87,6.87,11.83,
2026-08-21 13:00:00,4,77.21,77.21,35.0,90.9,41.36,16.36,6.79,12.71,
2026-08-21 14:00:00,4,73.12,73.12,34.7,85.9,39.6,14.42,6.62,12.48,
2026-08-21 15:00:00,4,66.14,66.14,35.6,88.6,36.08,13.98,6.28,9.81,
2026-08-21 16:00:00,4,60.7,60.7,33.6,68.2,31.68,13.39,5.86,9.77,
2026-08-21 17:00:00,4,51.7,51.7,33.0,56.3,26.4,11.12,5.35,8.83,
2026-08-21 18:00:00,4,42.72,42.72,32.9,51.2,21.12,9.15,4.84,7.6,
2026-08-21 19:00:00,4,37.35,37.35,29.4,43.2,17.6,7.39,4.51,7.85,
2026-08-21 20:00:00,4,30.44,30.44,24.9,32.9,14.08,6.35,4.17,5.84,
2026-08-21 21:00:00,4,24.92,24.92,25.2,23.5,10.56,4.87,3.83,5.65,
2026-08-21 22:00:00,4,18.88,18.88,26.9,14.5,6.6,4.06,3.45,4.77,
2026-08-21 23:00:00,4,15.07,15.07,24.7,9.8,4.4,2.93,3.24,4.5,
2026-08-22 00:00:00,4,15.33,15.33,26.0,10.4,4.4,2.87,3.24,4.81,
2026-08-22 01:00:00,4,14.07,14.07,26.7,7.9,3.52,2.6,3.15,4.8,
2026-08-22 02:00:00,4,13.22,13.22,27.3,6.6,3.08,2.78,3.11,4.25,
2026-08-22 03:00:00,4,12.63,12.63,26.7,5.5,2.64,2.35,3.07,4.56,
2026-08-22 04:00:00,4,12.02,12.02,24.8,5.7,2.64,2.48,3.07,3.83,
2026-08-22 05:00:00,4,13.08,13.08,25.4,7.6,3.08,2.53,3.11,4.36,
2026-08-22 06:00:00,4,15.19,15.19,25.8,10.6,4.4,2.95,3.24,4.6,
2026-08-22 07:00:00,4,20.28,20.28,25.3,19.4,7.92,3.99,3.58,4.79,
2026-08-22 08:00:00,4,27.9,27.9,27.1,25.7,12.32,6.0,4.0,5.58,
2026-08-22 09:00:00,4,33.39,33.39,25.9,37.2,14.96,7.56,4.25,6.62,
2026-08-22 10:00:00,4,35.0,35.0,24.7,34.7,15.84,7.87,4.34,6.96,
2026-08-22 11:00:00,4,37.55,37.55,27.4,42.5,17.6,8.64,4.51,6.8,
2026-08-22 12:00:00,4,38.89,38.89,26.2,45.0,18.48,8.75,4.59,7.07,
2026-08-22 13:00:00,4,40.87,40.87,26.5,43.2,19.36,8.84,4.67,7.99,
2026-08-22 14:00:00,4,39.54,39.54,26.3,42.9,18.48,8.74,4.59,7.73,
2026-08-22 15:00:00,4,36.74,36.74,25.2,42.1,17.6,7.82,4.51,6.82,
2026-08-22 16:00:00,4,35.62,35.62,27.3,33.3,15.84,7.98,4.34,7.47,
2026-08-22 17:00:00,4,29.98,29.98,24.7,29.9,13.2,6.72,4.08,5.98,
2026-08-22 18:00:00,4,25.59,25.59,27.0,23.7,10.56,5.76,3.83,5.44,
2026-08-22 19:00:00,4,21.87,21.87,27.4,19.3,8.8,4.42,3.66,4.99,
2026-08-22 20:00:00,4,19.84,19.84,26.1,15.1,7.04,4.32,3.49,4.99,
2026-08-22 21:00:00,4,17.28,17.28,25.5,11.3,5.72,3.4,3.37,4.8,
2026-08-22 22:00:00,4,16.33,16.33,27.3,9.5,4.84,3.2,3.28,5.01,
2026-08-22 23:00:00,4,15.12,15.12,25.8,10.5,4.4,2.95,3.24,4.53,
2026-08-23 00:00:00,4,14.88,14.88,24.6,10.8,4.4,2.93,3.24,4.32,
2026-08-23 01:00:00,4,14.25,14.25,27.1,7.8,3.52,3.11,3.15,4.46,
2026-08-23 02:00:00,4,13.16,13.16,25.7,7.4,3.08,2.58,3.11,4.39,
2026-08-23 03:00:00,4,12.27,12.27,25.0,5.3,2.64,2.45,3.07,4.11,
2026-08-23 04:00:00,4,12.19,12.19,24.7,5.2,2.64,2.68,3.07,3.8,
2026-08-23 05:00:00,4,13.37,13.37,26.1,6.8,3.08,2.47,3.11,4.7,
2026-08-23 06:00:00,4,15.22,15.22,26.9,10.1,4.4,3.48,3.24,4.1,
2026-08-23 07:00:00,4,21.47,21.47,25.0,15.9,7.92,4.86,3.58,5.11,
2026-08-23 08:00:00,4,28.36,28.36,26.6,29.6,12.32,5.85,4.0,6.2,
2026-08-23 09:00:00,4,31.96,31.96,24.6,36.5,14.96,6.73,4.25,6.02,
2026-08-23 10:00:00,4,34.87,34.87,26.2,39.5,15.84,7.45,4.34,7.24,
2026-08-23 11:00:00,4,37.7,37.7,25.1,35.7,17.6,7.75,4.51,7.85,
2026-08-23 12:00:00,4,38.85,38.85,24.8,41.9,18.48,8.43,4.59,7.36,
2026-08-23 13:00:00,4,39.49,39.49,27.0,40.5,19.36,7.81,4.67,7.65,
2026-08-23 14:00:00,4,38.36,38.36,25.3,42.5,18.48,8.57,4.59,6.73,
2026-08-23 15:00:00,4,36.93,36.93,26.3,40.9,17.6,7.18,4.51,7.65,
2026-08-23 16:00:00,4,34.52,34.52,26.5,36.9,15.84,7.74,4.34,6.61,
2026-08-23 17:00:00,4,30.04,30.04,26.0,27.7,13.2,6.6,4.08,6.16,
2026-08-23 18:00:00,4,25.84,25.84,26.9,21.8,10.56,5.91,3.83,5.55,
2026-08-23 19:00:00,4,21.93,21.93,25.5,18.2,8.8,4.42,3.66,5.05,
2026-08-23 20:00:00,4,19.01,19.01,24.7,16.0,7.04,3.8,3.49,4.68,
2026-08-23 21:00:00,4,17.5,17.5,25.8,11.5,5.72,3.33,3.37,5.08,
2026-08-23 22:00:00,4,16.18,16.18,26.6,10.9,4.84,3.47,3.28,4.58,
2026-08-23 23:00:00,4,15.69,15.69,24.9,10.1,4.4,3.45,3.24,4.61,
2026-08-24 00:00:00,4,13.72,13.72,26.3,8.7,3.52,2.69,3.15,4.36,
2026-08-24 01:00:00,4,12.64,12.64,24.6,6.2,3.08,2.53,3.11,3.93,
2026-08-24 02:00:00,4,12.07,12.07,24.6,6.4,2.64,2.41,3.07,3.95,
2026-08-24 03:00:00,4,12.58,12.58,26.0,6.1,2.64,2.48,3.07,4.39,
2026-08-24 04:00:00,4,12.76,12.76,25.5,5.3,2.64,2.45,3.07,4.61,
2026-08-24 05:00:00,4,15.69,15.69,25.8,9.3,4.4,3.43,3.24,4.62,
2026-08-24 06:00:00,4,30.83,30.83,29.6,25.6,13.2,6.69,4.08,6.85,
2026-08-24 07:00:00,4,50.7,50.7,30.1,56.4,25.52,11.82,5.27,8.09,
2026-08-24 08:00:00,4,66.04,66.04,32.8,71.0,34.32,14.23,6.11,11.38,
2026-08-24 09:00:00,4,72.42,72.42,34.0,90.7,38.72,15.27,6.53,11.9,
2026-08-24 10:00:00,4,75.64,75.64,34.1,94.6,40.48,17.13,6.7,11.33,
2026-08-24 11:00:00,4,78.23,78.23,32.9,92.2,41.8,17.71,6.83,11.89,
2026-08-24 12:00:00,4,78.98,78.98,34.0,89.6,42.24,17.32,6.87,12.54,
2026-08-24 13:00:00,4,78.87,78.87,35.0,92.4,41.36,17.76,6.79,12.97,
2026-08-24 14:00:00,4,74.34,74.34,35.2,90.3,39.6,15.63,6.62,12.49,
2026-08-24 15:00:00,4,68.44,68.44,35.3,79.0,36.08,15.21,6.28,10.87,
2026-08-24 16:00:00,4,58.92,58.92,33.8,74.8,31.68,11.81,5.86,9.57,
2026-08-24 17:00:00,4,52.31,52.31,32.5,60.4,26.4,11.74,5.35,8.83,
2026-08-24 18:00:00,4,43.92,43.92,32.7,51.9,21.12,9.95,4.84,8.01,
2026-08-24 19:00:00,4,37.24,37.24,29.5,37.2,17.6,8.06,4.51,7.07,
2026-08-24 20:00:00,4,30.39,30.39,25.4,32.4,14.08,6.04,4.17,6.11,
2026-08-24 21:00:00,4,25.32,25.32,27.2,21.9,10.56,5.13,3.83,5.8,
2026-08-24 22:00:00,4,18.86,18.86,24.6,16.3,6.6,3.92,3.45,4.89,
2026-08-24 23:00:00,4,15.35,15.35,25.8,10.9,4.4,3.36,3.24,4.35,
2026-08-25 00:00:00,4,13.87,13.87,26.9,7.9,3.52,2.8,3.15,4.39,
2026-08-25 01:00:00,4,13.09,13.09,27.4,7.3,3.08,2.77,3.11,4.13,
2026-08-25 02:00:00,4,12.46,12.46,26.3,5.2,2.64,2.78,3.07,3.97,
2026-08-25 03:00:00,4,12.04,12.04,26.5,5.5,2.64,2.34,3.07,3.99,
2026-08-25 04:00:00,4,12.41,12.41,27.5,5.9,2.64,2.45,3.07,4.25,
2026-08-25 05:00:00,4,15.23,15.23,25.1,10.2,4.4,2.9,3.24,4.69,
2026-08-25 06:00:00,4,29.75,29.75,30.3,25.7,13.2,5.87,4.08,6.6,
2026-08-25 07:00:00,4,50.48,50.48,29.6,58.8,25.52,11.14,5.27,8.55,
2026-08-25 08:00:00,4,63.02,63.02,32.8,70.3,34.32,13.0,6.11,9.58,
2026-08-25 09:00:00,4,72.3,72.3,34.0,81.6,38.72,15.65,6.53,11.39,
2026-08-25 10:00:00,4,77.0,77.0,32.4,100.0,40.48,17.36,6.7,12.45,
2026-08-25 11:00:00,4,78.78,78.78,32.9,86.4,41.8,17.56,6.83,12.59,
2026-08-25 12:00:00,4,76.46,76.46,36.2,100.0,42.24,15.49,6.87,11.86,
2026-08-25 13:00:00,4,77.26,77.26,33.9,97.9,41.36,17.39,6.79,11.72,
2026-08-25 14:00:00,4,71.86,71.86,33.7,91.5,39.6,15.14,6.62,10.5,
2026-08-25 15:00:00,4,66.7,66.7,35.3,76.9,36.08,14.25,6.28,10.1,
2026-08-25 16:00:00,4,61.74,61.74,35.0,74.3,31.68,14.06,5.86,10.14,
2026-08-25 17:00:00,4,52.2,52.2,34.1,62.5,26.4,12.18,5.35,8.27,
2026-08-25 18:00:00,4,42.86,42.86,31.1,47.1,21.12,9.54,4.84,7.36,
2026-08-25 19:00:00,4,36.71,36.71,31.8,41.6,17.6,7.68,4.51,6.92,
2026-08-25 20:00:00,4,30.84,30.84,25.7,33.3,14.08,6.13,4.17,6.47,
2026-08-25 21:00:00,4,25.37,25.37,26.9,21.7,10.56,5.05,3.83,5.92,
2026-08-25 22:00:00,4,19.15,19.15,26.8,15.6,6.6,3.62,3.45,5.48,
2026-08-25 23:00:00,4,15.62,15.62,25.2,10.1,4.4,3.43,3.24,4.55,
2026-08-26 00:00:00,4,13.73,13.73,26.8,7.6,3.52,2.93,3.15,4.12,
2026-08-26 01:00:00,4,12.79,12.79,24.6,6.7,3.08,2.43,3.11,4.18,
2026-08-26 02:00:00,4,12.46,12.46,27.5,6.5,2.64,2.61,3.07,4.14,
2026-08-26 03:00:00,4,12.29,12.29,27.0,6.6,2.64,2.72,3.07,3.86,
2026-08-26 04:00:00,4,12.17,12.17,27.0,6.0,2.64,2.57,3.07,3.89,
2026-08-26 05:00:00,4,15.89,15.89,24.9,9.7,4.4,3.48,3.24,4.76,
2026-08-26 06:00:00,4,29.73,29.73,28.5,30.2,13.2,5.74,4.08,6.7,
2026-08-26 07:00:00,4,50.59,50.59,29.8,53.8,25.52,11.47,5.27,8.34,
2026-08-26 08:00:00,4,65.2,65.2,32.7,67.4,34.32,13.38,6.11,11.39,
2026-08-26 09:00:00,4,70.9,70.9,31.7,80.5,38.72,15.15,6.53,10.5,
2026-08-26 10:00:00,4,73.67,73.67,33.2,87.7,40.48,14.78,6.7,11.7,
2026-08-26 11:00:00,4,75.35,75.35,33.1,88.1,41.8,15.97,6.83,10.75,
2026-08-26 12:00:00,4,79.47,79.47,36.3,89.5,42.24,17.5,6.87,12.86,
2026-08-26 13:00:00,4,77.26,77.26,36.3,94.1,41.36,17.63,6.79,11.48,
2026-08-26 14:00:00,4,73.88,73.88,33.6,82.4,39.6,15.31,6.62,12.35,
2026-08-26 15:00:00,4,68.0,68.0,33.5,74.1,36.08,15.45,6.28,10.19,
2026-08-26 16:00:00,4,60.64,60.64,33.0,76.3,31.68,13.12,5.86,9.99,
2026-08-26 17:00:00,4,51.95,51.95,33.8,63.2,26.4,11.2,5.35,9.01,
2026-08-26 18:00:00,4,42.77,42.77,32.2,44.4,21.12,9.28,4.84,7.52,
2026-08-26 19:00:00,4,37.04,37.04,31.5,41.5,17.6,7.19,4.51,7.74,
2026-08-26 20:00:00,4,30.47,30.47,25.8,32.5,14.08,6.35,4.17,5.88,
2026-08-26 21:00:00,4,25.18,25.18,24.7,26.1,10.56,5.48,3.83,5.31,
2026-08-26 22:00:00,4,18.93,18.93,25.9,14.5,6.6,3.85,3.45,5.03,
2026-08-26 23:00:00,4,15.67,15.67,25.3,10.0,4.4,3.21,3.24,4.83,
2026-08-27 00:00:00,4,14.06,14.06,24.7,7.1,3.52,2.94,3.15,4.45,
2026-08-27 01:00:00,4,12.68,12.68,27.1,7.1,3.08,2.43,3.11,4.06,
2026-08-27 02:00:00,4,13.0,13.0,26.6,5.4,2.64,2.77,3.07,4.52,
2026-08-27 03:00:00,4,12.23,12.23,26.0,6.6,2.64,2.28,3.07,4.23,
2026-08-27 04:00:00,4,12.33,12.33,25.3,6.3,2.64,2.67,3.07,3.95,
2026-08-27 05:00:00,4,15.33,15.33,26.1,8.6,4.4,2.98,3.24,4.71,
2026-08-27 06:00:00,4,29.59,29.59,28.1,29.5,13.2,6.14,4.08,6.16,
2026-08-27 07:00:00,4,49.36,49.36,30.6,62.5,25.52,10.31,5.27,8.26,
2026-08-27 08:00:00,4,64.88,64.88,32.7,68.7,34.32,13.72,6.11,10.73,
2026-08-27 09:00:00,4,71.07,71.07,32.7,96.3,38.72,15.23,6.53,10.59,
2026-08-27 10:00:00,4,74.28,74.28,32.9,81.1,40.48,15.14,6.7,11.96,
2026-08-27 11:00:00,4,74.83,74.83,33.3,96.7,41.8,15.41,6.83,10.8,
2026-08-27 12:00:00,4,79.09,79.09,36.3,99.5,42.24,17.57,6.87,12.42,
2026-08-27 13:00:00,4,78.11,78.11,33.9,85.0,41.36,17.99,6.79,11.98,
2026-08-27 14:00:00,4,73.45,73.45,35.3,92.6,39.6,16.89,6.62,10.34,
2026-08-27 15:00:00,4,67.15,67.15,33.2,73.9,36.08,13.54,6.28,11.25,
2026-08-27 16:00:00,4,59.8,59.8,34.5,76.8,31.68,12.53,5.86,9.73,
2026-08-27 17:00:00,4,51.05,51.05,33.2,61.2,26.4,10.96,5.35,8.34,
2026-08-27 18:00:00,4,43.3,43.3,32.0,43.3,21.12,8.92,4.84,8.42,
2026-08-27 19:00:00,4,37.8,37.8,31.4,40.6,17.6,7.9,4.51,7.79,
2026-08-27 20:00:00,4,30.83,30.83,25.8,29.2,14.08,6.56,4.17,6.01,
2026-08-27 21:00:00,4,25.84,25.84,26.8,25.4,10.56,5.65,3.83,5.79,
2026-08-27 22:00:00,4,18.61,18.61,25.1,13.2,6.6,3.79,3.45,4.77,
2026-08-27 23:00:00,4,15.59,15.59,25.0,10.4,4.4,3.15,3.24,4.8,
2026-08-28 00:00:00,4,13.56,13.56,24.7,7.7,3.52,2.74,3.15,4.14,
2026-08-28 01:00:00,4,13.77,13.77,25.1,7.5,3.08,2.88,3.11,4.7,
2026-08-28 02:00:00,4,12.12,12.12,25.3,5.8,2.64,2.5,3.07,3.9,
2026-08-28 03:00:00,4,12.81,12.81,26.8,6.1,2.64,2.48,3.07,4.62,
2026-08-28 04:00:00,4,12.08,12.08,26.2,6.1,2.64,2.35,3.07,4.02,
2026-08-28 05:00:00,4,15.44,15.44,25.6,9.1,4.4,2.91,3.24,4.89,
2026-08-28 06:00:00,4,29.23,29.23,29.0,27.8,13.2,6.21,4.08,5.73,
2026-08-28 07:00:00,4,50.68,50.68,31.7,50.9,25.52,11.63,5.27,8.27,
2026-08-28 08:00:00,4,66.74,66.74,30.8,85.0,34.32,15.14,6.11,11.16,
2026-08-28 09:00:00,4,73.66,73.66,33.0,95.1,38.72,16.83,6.53,11.57,
2026-08-28 10:00:00,4,76.05,76.05,35.1,78.3,40.48,17.64,6.7,11.23,
2026-07-29 11:00:00,5,50.23,50.23,35.0,93.9,28.74,10.54,4.27,6.69,
2026-07-29 12:00:00,5,51.3,51.3,33.9,84.2,29.04,10.09,4.29,7.88,
2026-07-29 13:00:00,5,50.72,50.72,34.3,98.8,28.44,10.47,4.24,7.57,
2026-07-29 14:00:00,5,48.35,48.35,35.4,98.1,27.23,10.03,4.14,6.96,
2026-07-29 15:00:00,5,45.04,45.04,34.0,82.5,24.8,9.82,3.92,6.49,
2026-07-29 16:00:00,5,40.21,40.21,34.8,67.6,21.78,8.54,3.66,6.23,
2026-07-29 17:00:00,5,34.26,34.26,32.7,57.5,18.15,7.02,3.34,5.75,
2026-07-29 18:00:00,5,28.24,28.24,30.4,51.6,14.52,5.43,3.03,5.26,
2026-07-29 19:00:00,5,24.44,24.44,29.5,38.1,12.1,5.44,2.82,4.08,
2026-07-29 20:00:00,5,20.13,20.13,26.5,35.0,9.68,4.11,2.6,3.74,
2026-07-29 21:00:00,5,16.18,16.18,26.7,21.7,7.26,3.09,2.39,3.43,
2026-07-29 22:00:00,5,12.62,12.62,27.3,14.3,4.54,2.72,2.16,3.21,
2026-07-29 23:00:00,5,9.96,9.96,27.2,10.7,3.03,1.82,2.02,3.09,
2026-07-30 00:00:00,5,8.88,8.88,26.3,7.0,2.42,1.69,1.97,2.8,
2026-07-30 01:00:00,5,8.33,8.33,26.7,7.6,2.12,1.6,1.94,2.67,
2026-07-30 02:00:00,5,8.15,8.15,25.3,5.4,1.82,1.67,1.92,2.75,
2026-07-30 03:00:00,5,8.26,8.26,27.3,5.8,1.82,1.74,1.92,2.79,
2026-07-30 04:00:00,5,7.81,7.81,27.2,5.3,1.82,1.59,1.92,2.49,
2026-07-30 05:00:00,5,10.2,10.2,26.2,8.5,3.03,2.06,2.02,3.1,
2026-07-30 06:00:00,5,19.44,19.44,29.8,29.7,9.08,3.69,2.55,4.11,
2026-07-30 07:00:00,5,32.9,32.9,31.8,57.6,17.55,6.96,3.29,5.1,
2026-07-30 08:00:00,5,41.43,41.43,32.6,70.9,23.6,7.92,3.82,6.1,
2026-07-30 09:00:00,5,46.44,46.44,33.7,79.1,26.62,9.3,4.08,6.43,
2026-07-30 10:00:00,5,48.77,48.77,33.5,92.4,27.83,9.15,4.19,7.6,
2026-07-30 11:00:00,5,51.75,51.75,35.1,89.5,28.74,10.93,4.27,7.82,
2026-07-30 12:00:00,5,52.21,52.21,35.9,92.0,29.04,10.89,4.29,7.98,
2026-07-30 13:00:00,5,48.99,48.99,34.0,88.8,28.44,9.62,4.24,6.69,
2026-07-30 14:00:00,5,47.67,47.67,33.9,95.5,27.23,9.74,4.14,6.57,
2026-07-30 15:00:00,5,44.32,44.32,33.4,71.2,24.8,8.95,3.92,6.64,
2026-07-30 16:00:00,5,40.36,40.36,34.3,64.2,21.78,8.46,3.66,6.46,
2026-07-30 17:00:00,5,34.63,34.63,33.9,59.0,18.15,7.49,3.34,5.65,
2026-07-30 18:00:00,5,27.95,27.95,33.0,47.8,14.52,5.55,3.03,4.85,
2026-07-30 19:00:00,5,24.24,24.24,31.3,39.9,12.1,5.11,2.82,4.21,
2026-07-30 20:00:00,5,20.71,20.71,25.8,28.6,9.68,4.44,2.6,3.99,
2026-07-30 21:00:00,5,17.13,17.13,25.4,24.0,7.26,3.65,2.39,3.82,
2026-07-30 22:00:00,5,12.36,12.36,27.0,13.5,4.54,2.37,2.16,3.29,
2026-07-30 23:00:00,5,10.08,10.08,25.9,8.7,3.03,2.01,2.02,3.02,
2026-07-31 00:00:00,5,9.02,9.02,24.9,6.9,2.42,1.87,1.97,2.76,
2026-07-31 01:00:00,5,8.48,8.48,27.1,6.9,2.12,1.65,1.94,2.77,
2026-07-31 02:00:00,5,7.64,7.64,26.6,6.3,1.82,1.44,1.92,2.46,
2026-07-31 03:00:00,5,7.63,7.63,27.1,6.3,1.82,1.5,1.92,2.4,
2026-07-31 04:00:00,5,7.84,7.84,27.1,5.9,1.82,1.45,1.92,2.65,
2026-07-31 05:00:00,5,9.58,9.58,24.8,9.8,3.03,1.82,2.02,2.71,
2026-07-31 06:00:00,5,19.15,19.15,29.1,31.7,9.08,3.6,2.55,3.92,
2026-07-31 07:00:00,5,33.61,33.61,31.3,51.3,17.55,7.12,3.29,5.65,
2026-07-31 08:00:00,5,42.44,42.44,30.4,69.2,23.6,8.61,3.82,6.41,
2026-07-31 09:00:00,5,47.91,47.91,33.1,76.6,26.62,10.21,4.08,7.0,
2026-07-31 10:00:00,5,48.38,48.38,34.2,100.0,27.83,9.77,4.19,6.59,
2026-07-31 11:00:00,5,50.47,50.47,32.9,81.4,28.74,10.74,4.27,6.72,
2026-07-31 12:00:00,5,51.33,51.33,35.8,82.3,29.04,10.12,4.29,7.87,
2026-07-31 13:00:00,5,49.03,49.03,35.9,93.7,28.44,9.44,4.24,6.92,
2026-07-31 14:00:00,5,49.04,49.04,36.2,78.7,27.23,10.46,4.14,7.22,
2026-07-31 15:00:00,5,45.16,45.16,34.0,85.8,24.8,9.56,3.92,6.87,
2026-07-31 16:00:00,5,39.66,39.66,34.3,79.0,21.78,7.81,3.66,6.4,
2026-07-31 17:00:00,5,33.45,33.45,33.6,58.6,18.15,6.64,3.34,5.31,
2026-07-31 18:00:00,5,27.95,27.95,30.6,47.3,14.52,5.34,3.03,5.06,
2026-07-31 19:00:00,5,24.59,24.59,30.5,36.9,12.1,4.97,2.82,4.71,
2026-07-31 20:00:00,5,20.4,20.4,25.0,33.8,9.68,3.98,2.6,4.13,
2026-07-31 21:00:00,5,16.27,16.27,24.6,22.7,7.26,3.06,2.39,3.56,
2026-07-31 22:00:00,5,11.89,11.89,24.6,15.0,4.54,2.23,2.16,2.97,
2026-07-31 23:00:00,5,9.74,9.74,25.2,9.4,3.03,1.92,2.02,2.77,
2026-08-01 00:00:00,5,9.88,9.88,26.0,9.8,3.03,1.94,2.02,2.88,
2026-08-01 01:00:00,5,8.68,8.68,25.2,7.1,2.42,1.7,1.97,2.59,
2026-08-01 02:00:00,5,8.56,8.56,25.5,7.1,2.12,1.64,1.94,2.86,
2026-08-01 03:00:00,5,7.92,7.92,26.9,5.7,1.82,1.44,1.92,2.75,
2026-08-01 04:00:00,5,7.81,7.81,26.4,5.2,1.82,1.49,1.92,2.59,
2026-08-01 05:00:00,5,8.63,8.63,27.1,6.9,2.12,1.72,1.94,2.84,
2026-08-01 06:00:00,5,10.18,10.18,24.6,10.1,3.03,2.03,2.02,3.1,
2026-08-01 07:00:00,5,13.34,13.34,27.3,16.1,5.45,2.53,2.24,3.13,
2026-08-01 08:00:00,5,18.72,18.72,24.6,24.7,8.47,3.68,2.5,4.08,
2026-08-01 09:00:00,5,21.06,21.06,24.9,33.6,10.29,4.38,2.66,3.73,
2026-08-01 10:00:00,5,22.46,22.46,26.4,32.9,10.89,4.88,2.71,3.98,
2026-08-01 11:00:00,5,24.77,24.77,27.3,39.0,12.1,5.38,2.82,4.48,
2026-08-01 12:00:00,5,24.93,24.93,25.6,43.7,12.71,5.18,2.87,4.18,
2026-08-01 13:00:00,5,25.98,25.98,25.3,39.1,13.31,4.88,2.92,4.87,
2026-08-01 14:00:00,5,25.02,25.02,26.4,38.8,12.71,4.81,2.87,4.64,
2026-08-01 15:00:00,5,23.94,23.94,26.5,41.3,12.1,4.86,2.82,4.16,
2026-08-01 16:00:00,5,22.49,22.49,25.2,34.4,10.89,4.75,2.71,4.14,
2026-08-01 17:00:00,5,19.14,19.14,26.7,29.5,9.08,3.73,2.55,3.78,
2026-08-01 18:00:00,5,17.11,17.11,26.8,20.9,7.26,3.62,2.39,3.84,
2026-08-01 19:00:00,5,14.53,14.53,25.4,21.9,6.05,2.9,2.29,3.29,
2026-08-01 20:00:00,5,12.67,12.67,26.8,16.6,4.84,2.76,2.18,2.88,
2026-08-01 21:00:00,5,11.31,11.31,25.7,11.8,3.93,2.36,2.1,2.91,
2026-08-01 22:00:00,5,10.79,10.79,26.5,10.2,3.33,2.27,2.05,3.14,
2026-08-01 23:00:00,5,9.78,9.78,24.6,8.7,3.03,1.93,2.02,2.8,
2026-08-02 00:00:00,5,10.09,10.09,25.3,9.2,3.03,2.01,2.02,3.03,
2026-08-02 01:00:00,5,9.14,9.14,26.0,8.6,2.42,1.88,1.97,2.87,
2026-08-02 02:00:00,5,8.26,8.26,25.6,6.9,2.12,1.68,1.94,2.51,
2026-08-02 03:00:00,5,8.08,8.08,27.4,5.6,1.82,1.73,1.92,2.62,
2026-08-02 04:00:00,5,7.77,7.77,27.0,5.2,1.82,1.64,1.92,2.39,
2026-08-02 05:00:00,5,8.41,8.41,26.6,6.1,2.12,1.8,1.94,2.55,
2026-08-02 06:00:00,5,9.9,9.9,27.2,9.0,3.03,2.08,2.02,2.77,
2026-08-02 07:00:00,5,13.77,13.77,27.0,16.5,5.45,2.67,2.24,3.42,
2026-08-02 08:00:00,5,17.98,17.98,25.7,25.4,8.47,3.49,2.5,3.52,
2026-08-02 09:00:00,5,21.65,21.65,24.8,34.0,10.29,4.38,2.66,4.33,
2026-08-02 10:00:00,5,22.25,22.25,26.9,35.5,10.89,4.65,2.71,3.99,
2026-08-02 11:00:00,5,23.78,23.78,26.3,40.3,12.1,4.65,2.82,4.21,
2026-08-02 12:00:00,5,25.36,25.36,25.7,39.1,12.71,4.87,2.87,4.92,
2026-08-02 13:00:00,5,27.14,27.14,27.1,45.4,13.31,5.83,2.92,5.07,
2026-08-02 14:00:00,5,25.4,25.4,26.3,41.0,12.71,5.41,2.87,4.42,
2026-08-02 15:00:00,5,24.25,24.25,25.7,38.6,12.1,4.95,2.82,4.38,
2026-08-02 16:00:00,5,22.35,22.35,26.2,38.4,10.89,4.91,2.71,3.83,
2026-08-02 17:00:00,5,19.54,19.54,25.1,31.7,9.08,4.35,2.55,3.56,
2026-08-02 18:00:00,5,16.09,16.09,24.8,25.1,7.26,3.1,2.39,3.34,
2026-08-02 19:00:00,5,14.46,14.46,26.3,21.6,6.05,2.82,2.29,3.3,
2026-08-02 20:00:00,5,12.51,12.51,25.9,16.4,4.84,2.45,2.18,3.04,
2026-08-02 21:00:00,5,11.37,11.37,27.4,11.4,3.93,2.38,2.1,2.96,
2026-08-02 22:00:00,5,10.16,10.16,24.5,11.1,3.33,1.96,2.05,2.83,
2026-08-02 23:00:00,5,9.6,9.6,26.9,8.8,3.03,1.8,2.02,2.74,
2026-08-03 00:00:00,5,9.07,9.07,24.7,7.0,2.42,1.79,1.97,2.89,
2026-08-03 01:00:00,5,8.28,8.28,25.4,6.9,2.12,1.59,1.94,2.63,
2026-08-03 02:00:00,5,8.11,8.11,25.9,6.4,1.82,1.61,1.92,2.77,
2026-08-03 03:00:00,5,8.25,8.25,25.7,5.4,1.82,1.65,1.92,2.87,
2026-08-03 04:00:00,5,7.79,7.79,26.3,5.9,1.82,1.45,1.92,2.61,
2026-08-03 05:00:00,5,9.96,9.96,25.5,9.5,3.03,1.82,2.02,3.1,
2026-08-03 06:00:00,5,19.37,19.37,29.6,31.9,9.08,3.8,2.55,3.94,
2026-08-03 07:00:00,5,33.59,33.59,30.1,60.1,17.55,7.18,3.29,5.58,
2026-08-03 08:00:00,5,42.49,42.49,32.4,72.9,23.6,8.7,3.82,6.38,
2026-08-03 09:00:00,5,46.85,46.85,32.5,92.2,26.62,8.82,4.08,7.33,
2026-08-03 10:00:00,5,49.25,49.25,32.5,81.2,27.83,10.66,4.19,6.57,
2026-08-03 11:00:00,5,51.88,51.88,33.0,85.3,28.74,11.41,4.27,7.46,
2026-08-03 12:00:00,5,51.5,51.5,34.0,91.0,29.04,11.3,4.29,6.87,
2026-08-03 13:00:00,5,49.57,49.57,36.1,80.5,28.44,9.58,4.24,7.31,
2026-08-03 14:00:00,5,47.17,47.17,34.3,93.3,27.23,9.11,4.14,6.7,
2026-08-03 15:00:00,5,44.73,44.73,33.6,88.1,24.8,8.85,3.92,7.16,
2026-08-03 16:00:00,5,39.85,39.85,33.7,64.5,21.78,8.23,3.66,6.17,
2026-08-03 17:00:00,5,34.5,34.5,33.8,57.4,18.15,7.02,3.34,5.99,
2026-08-03 18:00:00,5,28.36,28.36,32.0,52.6,14.52,6.12,3.03,4.69,
2026-08-03 19:00:00,5,24.19,24.19,31.7,35.2,12.1,4.76,2.82,4.51,
2026-08-03 20:00:00,5,20.58,20.58,26.9,35.1,9.68,4.39,2.6,3.91,
2026-08-03 21:00:00,5,17.07,17.07,25.2,25.6,7.26,3.64,2.39,3.77,
2026-08-03 22:00:00,5,12.23,12.23,26.1,14.3,4.54,2.33,2.16,3.21,
2026-08-03 23:00:00,5,9.65,9.65,26.3,8.8,3.03,1.82,2.02,2.78,
2026-08-04 00:00:00,5,9.03,9.03,26.6,6.8,2.42,1.9,1.97,2.75,
2026-08-04 01:00:00,5,8.17,8.17,27.5,7.0,2.12,1.54,1.94,2.57,
2026-08-04 02:00:00,5,7.99,7.99,26.2,6.5,1.82,1.65,1.92,2.61,
2026-08-04 03:00:00,5,7.97,7.97,25.3,6.3,1.82,1.55,1.92,2.68,
2026-08-04 04:00:00,5,7.99,7.99,26.2,6.5,1.82,1.56,1.92,2.7,
2026-08-04 05:00:00,5,10.13,10.13,26.9,10.7,3.03,2.04,2.02,3.04,
2026-08-04 06:00:00,5,19.85,19.85,29.4,31.2,9.08,4.15,2.55,4.07,
2026-08-04 07:00:00,5,32.48,32.48,31.1,61.7,17.55,6.18,3.29,5.46,
2026-08-04 08:00:00,5,42.96,42.96,30.5,81.6,23.6,8.85,3.82,6.69,
2026-08-04 09:00:00,5,47.3,47.3,32.9,78.0,26.62,9.83,4.08,6.76,
2026-08-04 10:00:00,5,49.95,49.95,34.5,98.6,27.83,10.24,4.19,7.69,
2026-08-04 11:00:00,5,51.06,51.06,35.5,100.0,28.74,11.21,4.27,6.85,
2026-08-04 12:00:00,5,51.15,51.15,35.9,100.0,29.04,9.91,4.29,7.9,
2026-08-04 13:00:00,5,51.16,51.16,35.8,90.0,28.44,10.43,4.24,8.06,
2026-08-04 14:00:00,5,47.56,47.56,33.5,90.5,27.23,8.96,4.14,7.24,
2026-08-04 15:00:00,5,44.38,44.38,33.4,82.8,24.8,9.03,3.92,6.62,
2026-08-04 16:00:00,5,38.87,38.87,34.9,72.8,21.78,7.59,3.66,5.84,
2026-08-04 17:00:00,5,33.71,33.71,32.9,65.9,18.15,6.55,3.34,5.66,
2026-08-04 18:00:00,5,28.8,28.8,31.1,48.8,14.52,6.21,3.03,5.04,
2026-08-04 19:00:00,5,24.54,24.54,31.5,39.2,12.1,5.11,2.82,4.52,
2026-08-04 20:00:00,5,19.9,19.9,24.6,33.8,9.68,3.98,2.6,3.63,
2026-08-04 21:00:00,5,17.08,17.08,25.5,22.8,7.26,3.48,2.39,3.95,
2026-08-04 22:00:00,5,11.96,11.96,27.2,14.9,4.54,2.44,2.16,2.83,
2026-08-04 23:00:00,5,9.99,9.99,26.9,10.5,3.03,1.94,2.02,3.0,
2026-08-05 00:00:00,5,8.75,8.75,26.1,7.1,2.42,1.84,1.97,2.52,
2026-08-05 01:00:00,5,8.45,8.45,26.2,7.0,2.12,1.63,1.94,2.76,
2026-08-05 02:00:00,5,8.13,8.13,27.3,5.4,1.82,1.6,1.92,2.8,
2026-08-05 03:00:00,5,8.21,8.21,24.8,6.3,1.82,1.71,1.92,2.77,
2026-08-05 04:00:00,5,8.12,8.12,26.9,5.6,1.82,1.53,1.92,2.86,
2026-08-05 05:00:00,5,9.93,9.93,24.9,10.6,3.03,2.09,2.02,2.79,
2026-08-05 06:00:00,5,20.01,20.01,27.9,29.9,9.08,4.18,2.55,4.2,
2026-08-05 07:00:00,5,33.84,33.84,29.7,62.3,17.55,7.21,3.29,5.8,
2026-08-05 08:00:00,5,41.99,41.99,30.6,81.0,23.6,7.84,3.82,6.73,
2026-08-05 09:00:00,5,48.09,48.09,32.8,88.0,26.62,10.49,4.08,6.9,
2026-08-05 10:00:00,5,50.19,50.19,35.2,80.9,27.83,11.07,4.19,7.1,
2026-08-05 11:00:00,5,50.36,50.36,33.5,82.7,28.74,9.76,4.27,7.6,
2026-08-05 12:00:00,5,50.98,50.98,35.8,100.0,29.04,9.5,4.29,8.15,
2026-08-05 13:00:00,5,50.04,50.04,34.6,81.2,28.44,10.6,4.24,6.76,
2026-08-05 14:00:00,5,48.25,48.25,35.2,78.1,27.23,10.37,4.14,6.52,
2026-08-05 15:00:00,5,44.39,44.39,34.1,73.3,24.8,9.34,3.92,6.32,
2026-08-05 16:00:00,5,39.16,39.16,33.9,69.2,21.78,7.97,3.66,5.75,
2026-08-05 17:00:00,5,33.13,33.13,33.4,54.3,18.15,6.62,3.34,5.01,
2026-08-05 18:00:00,5,27.6,27.6,31.6,46.1,14.52,5.49,3.03,4.57,
2026-08-05 19:00:00,5,23.89,23.89,31.0,38.5,12.1,4.59,2.82,4.38,
2026-08-05 20:00:00,5,20.43,20.43,27.1,32.6,9.68,4.24,2.6,3.91,
2026-08-05 21:00:00,5,17.04,17.04,26.2,21.0,7.26,3.62,2.39,3.77,
2026-08-05 22:00:00,5,12.8,12.8,27.0,16.2,4.54,2.68,2.16,3.42,
2026-08-05 23:00:00,5,9.86,9.86,26.2,10.8,3.03,1.81,2.02,3.01,
2026-08-06 00:00:00,5,8.85,8.85,24.6,8.7,2.42,1.84,1.97,2.61,
2026-08-06 01:00:00,5,8.2,8.2,27.4,6.3,2.12,1.67,1.94,2.47,
2026-08-06 02:00:00,5,8.13,8.13,24.9,6.5,1.82,1.54,1.92,2.86,
2026-08-06 03:00:00,5,7.9,7.9,25.1,6.5,1.82,1.55,1.92,2.62,
2026-08-06 04:00:00,5,8.12,8.12,27.3,5.8,1.82,1.49,1.92,2.89,
2026-08-06 05:00:00,5,9.52,9.52,27.2,10.2,3.03,1.81,2.02,2.66,
2026-08-06 06:00:00,5,19.71,19.71,28.6,27.1,9.08,3.9,2.55,4.18,
2026-08-06 07:00:00,5,33.01,33.01,31.8,53.9,17.55,6.69,3.29,5.49,
2026-08-06 08:00:00,5,42.03,42.03,33.0,73.6,23.6,8.17,3.82,6.45,
2026-08-06 09:00:00,5,47.21,47.21,33.9,86.8,26.62,9.33,4.08,7.18,
2026-08-06 10:00:00,5,48.89,48.89,34.4,82.1,27.83,10.26,4.19,6.61,
2026-08-06 11:00:00,5,50.35,50.35,35.5,87.7,28.74,9.44,4.27,7.9,
2026-08-06 12:00:00,5,50.3,50.3,34.6,88.4,29.04,9.56,4.29,7.41,
2026-08-06 13:00:00,5,50.19,50.19,35.5,99.5,28.44,10.09,4.24,7.43,
2026-08-06 14:00:00,5,48.9,48.9,36.1,96.9,27.23,10.38,4.14,7.16,
2026-08-06 15:00:00,5,44.24,44.24,34.4,88.5,24.8,8.33,3.92,7.18,
2026-08-06 16:00:00,5,40.5,40.5,34.1,77.0,21.78,8.76,3.66,6.3,
2026-08-06 17:00:00,5,33.56,33.56,33.7,52.5,18.15,6.51,3.34,5.57,
2026-08-06 18:00:00,5,28.47,28.47,33.0,42.9,14.52,5.79,3.03,5.13,
2026-08-06 19:00:00,5,24.2,24.2,30.3,41.3,12.1,5.06,2.82,4.23,
2026-08-06 20:00:00,5,20.82,20.82,25.8,33.8,9.68,4.47,2.6,4.07,
2026-08-06 21:00:00,5,16.54,16.54,27.1,25.5,7.26,3.15,2.39,3.73,
2026-08-06 22:00:00,5,12.31,12.31,25.5,12.9,4.54,2.34,2.16,3.27,
2026-08-06 23:00:00,5,10.04,10.04,27.4,8.6,3.03,2.09,2.02,2.9,
2026-08-07 00:00:00,5,9.25,9.25,26.7,7.7,2.42,1.85,1.97,3.01,
2026-08-07 01:00:00,5,8.64,8.64,25.9,7.2,2.12,1.65,1.94,2.92,
2026-08-07 02:00:00,5,7.85,7.85,25.2,5.7,1.82,1.67,1.92,2.45,
2026-08-07 03:00:00,5,7.81,7.81,26.9,5.6,1.82,1.43,1.92,2.65,
2026-08-07 04:00:00,5,7.92,7.92,24.8,6.4,1.82,1.48,1.92,2.7,
2026-08-07 05:00:00,5,10.17,10.17,25.5,8.9,3.03,2.17,2.02,2.95,
2026-08-07 06:00:00,5,19.77,19.77,29.5,25.6,9.08,3.83,2.55,4.31,
2026-08-07 07:00:00,5,32.5,32.5,31.6,59.3,17.55,6.6,3.29,5.06,
2026-08-07 08:00:00,5,42.85,42.85,30.3,79.0,23.6,9.47,3.82,5.96,
2026-08-07 09:00:00,5,47.2,47.2,33.0,82.0,26.62,9.5,4.08,6.99,
2026-08-07 10:00:00,5,49.96,49.96,34.0,79.1,27.83,10.28,4.19,7.67,
2026-08-07 11:00:00,5,50.74,50.74,33.7,91.0,28.74,10.62,4.27,7.12,
2026-08-07 12:00:00,5,51.18,51.18,35.0,82.0,29.04,9.78,4.29,8.07,
2026-08-07 13:00:00,5,49.54,49.54,33.6,87.7,28.44,9.34,4.24,7.53,
2026-08-07 14:00:00,5,49.19,49.19,35.5,91.4,27.23,9.98,4.14,7.84,
2026-08-07 15:00:00,5,44.3,44.3,34.7,83.9,24.8,9.12,3.92,6.45,
2026-08-07 16:00:00,5,39.78,39.78,32.6,77.1,21.78,7.85,3.66,6.48,
2026-08-07 17:00:00,5,33.93,33.93,32.8,60.4,18.15,7.13,3.34,5.3,
2026-08-07 18:00:00,5,28.44,28.44,31.5,47.3,14.52,5.69,3.03,5.2,
2026-08-07 19:00:00,5,24.15,24.15,31.6,41.0,12.1,4.89,2.82,4.34,
2026-08-07 20:00:00,5,20.31,20.31,25.0,34.4,9.68,4.08,2.6,3.95,
2026-08-07 21:00:00,5,16.39,16.39,25.1,25.0,7.26,3.47,2.39,3.26,
2026-08-07 22:00:00,5,12.71,12.71,26.3,13.8,4.54,2.61,2.16,3.41,
2026-08-07 23:00:00,5,10.06,10.06,24.7,10.1,3.03,2.17,2.02,2.85,
2026-08-08 00:00:00,5,9.81,9.81,26.1,9.5,3.03,1.84,2.02,2.92,
2026-08-08 01:00:00,5,8.8,8.8,27.2,7.8,2.42,1.86,1.97,2.55,
2026-08-08 02:00:00,5,8.46,8.46,27.0,6.5,2.12,1.71,1.94,2.68,
2026-08-08 03:00:00,5,8.06,8.06,26.7,6.3,1.82,1.59,1.92,2.73,
2026-08-08 04:00:00,5,8.16,8.16,24.5,6.1,1.82,1.64,1.92,2.79,
2026-08-08 05:00:00,5,8.65,8.65,25.6,7.2,2.12,1.81,1.94,2.78,
2026-08-08 06:00:00,5,9.96,9.96,27.1,10.4,3.03,1.94,2.02,2.98,
2026-08-08 07:00:00,5,13.59,13.59,25.5,17.4,5.45,2.52,2.24,3.39,
2026-08-08 08:00:00,5,18.49,18.49,25.0,30.1,8.47,3.52,2.5,4.01,
2026-08-08 09:00:00,5,21.18,21.18,27.1,31.2,10.29,4.08,2.66,4.16,
2026-08-08 10:00:00,5,22.35,22.35,25.9,34.1,10.89,4.23,2.71,4.53,
2026-08-08 11:00:00,5,24.48,24.48,26.3,35.9,12.1,4.7,2.82,4.87,
2026-08-08 12:00:00,5,25.92,25.92,26.6,43.5,12.71,5.51,2.87,4.84,
2026-08-08 13:00:00,5,26.77,26.77,27.0,39.8,13.31,5.82,2.92,4.72,
2026-08-08 14:00:00,5,24.8,24.8,27.2,41.7,12.71,4.74,2.87,4.49,
2026-08-08 15:00:00,5,24.46,24.46,25.3,40.8,12.1,5.36,2.82,4.19,
2026-08-08 16:00:00,5,22.52,22.52,26.8,37.1,10.89,4.95,2.71,3.98,
2026-08-08 17:00:00,5,19.63,19.63,27.3,28.4,9.08,4.33,2.55,3.67,
2026-08-08 18:00:00,5,16.64,16.64,27.3,21.7,7.26,3.5,2.39,3.49,
2026-08-08 19:00:00,5,14.7,14.7,26.3,20.4,6.05,2.73,2.29,3.63,
2026-08-08 20:00:00,5,12.79,12.79,27.3,14.0,4.84,2.68,2.18,3.09,
2026-08-08 21:00:00,5,11.61,11.61,24.6,13.1,3.93,2.29,2.1,3.29,
2026-08-08 22:00:00,5,10.05,10.05,27.3,10.9,3.33,1.88,2.05,2.8,
2026-08-08 23:00:00,5,9.85,9.85,26.0,10.2,3.03,2.11,2.02,2.69,
2026-08-09 00:00:00,5,9.83,9.83,25.1,10.1,3.03,1.83,2.02,2.95,
2026-08-09 01:00:00,5,8.85,8.85,26.0,8.0,2.42,1.93,1.97,2.53,
2026-08-09 02:00:00,5,8.29,8.29,25.9,6.8,2.12,1.53,1.94,2.7,
2026-08-09 03:00:00,5,7.63,7.63,26.6,6.0,1.82,1.51,1.92,2.39,
2026-08-09 04:00:00,5,7.8,7.8,27.0,5.4,1.82,1.52,1.92,2.54,
2026-08-09 05:00:00,5,8.16,8.16,25.9,6.5,2.12,1.63,1.94,2.48,
2026-08-09 06:00:00,5,10.21,10.21,26.7,9.4,3.03,2.13,2.02,3.03,
2026-08-09 07:00:00,5,13.57,13.57,25.9,19.1,5.45,2.79,2.24,3.11,
2026-08-09 08:00:00,5,18.56,18.56,25.8,29.8,8.47,3.42,2.5,4.17,
2026-08-09 09:00:00,5,21.73,21.73,25.3,36.1,10.29,4.53,2.66,4.26,
2026-08-09 10:00:00,5,22.28,22.28,24.8,39.2,10.89,4.82,2.71,3.86,
2026-08-09 11:00:00,5,24.85,24.85,25.6,38.6,12.1,5.06,2.82,4.87,
2026-08-09 12:00:00,5,24.87,24.87,24.9,41.9,12.71,5.12,2.87,4.17,
2026-08-09 13:00:00,5,26.02,26.02,26.7,38.8,13.31,5.32,2.92,4.47,
2026-08-09 14:00:00,5,25.65,25.65,24.9,44.6,12.71,5.18,2.87,4.9,
2026-08-09 15:00:00,5,23.82,23.82,25.5,35.6,12.1,4.59,2.82,4.31,
2026-08-09 16:00:00,5,21.96,21.96,26.9,37.9,10.89,4.49,2.71,3.87,
2026-08-09 17:00:00,5,19.75,19.75,25.5,31.3,9.08,3.97,2.55,4.16,
2026-08-09 18:00:00,5,16.25,16.25,25.8,23.1,7.26,3.23,2.39,3.36,
2026-08-09 19:00:00,5,14.76,14.76,26.0,18.7,6.05,2.87,2.29,3.55,
2026-08-09 20:00:00,5,12.74,12.74,26.5,15.8,4.84,2.49,2.18,3.23,
2026-08-09 21:00:00,5,11.37,11.37,27.4,13.6,3.93,2.19,2.1,3.14,
2026-08-09 22:00:00,5,10.47,10.47,26.3,9.8,3.33,1.92,2.05,3.17,
2026-08-09 23:00:00,5,9.96,9.96,27.2,10.9,3.03,2.1,2.02,2.81,
2026-08-10 00:00:00,5,9.25,9.25,25.5,7.1,2.42,1.91,1.97,2.95,
2026-08-10 01:00:00,5,8.24,8.24,24.6,7.4,2.12,1.64,1.94,2.54,
2026-08-10 02:00:00,5,7.9,7.9,26.4,5.4,1.82,1.73,1.92,2.44,
2026-08-10 03:00:00,5,8.21,8.21,27.1,6.4,1.82,1.69,1.92,2.79,
2026-08-10 04:00:00,5,7.71,7.71,27.1,5.2,1.82,1.43,1.92,2.55,
2026-08-10 05:00:00,5,9.96,9.96,24.6,9.0,3.03,2.03,2.02,2.88,
2026-08-10 06:00:00,5,19.63,19.63,28.0,26.3,9.08,3.8,2.55,4.2,
2026-08-10 07:00:00,5,33.66,33.66,30.4,54.9,17.55,6.85,3.29,5.97,
2026-08-10 08:00:00,5,43.89,43.89,31.6,76.0,23.6,9.32,3.82,7.15,
2026-08-10 09:00:00,5,47.64,47.64,31.9,84.7,26.62,9.97,4.08,6.97,
2026-08-10 10:00:00,5,47.96,47.96,35.0,93.0,27.83,9.39,4.19,6.55,
2026-08-10 11:00:00,5,50.83,50.83,34.0,93.0,28.74,10.89,4.27,6.94,
2026-08-10 12:00:00,5,52.31,52.31,34.5,86.6,29.04,11.46,4.29,7.52,
2026-08-10 13:00:00,5,50.91,50.91,35.9,84.0,28.44,10.39,4.24,7.84,
2026-08-10 14:00:00,5,47.13,47.13,35.6,80.8,27.23,9.03,4.14,6.73,
2026-08-10 15:00:00,5,43.41,43.41,33.3,86.9,24.8,8.21,3.92,6.47,
2026-08-10 16:00:00,5,38.44,38.44,32.5,68.0,21.78,7.32,3.66,5.68,
2026-08-10 17:00:00,5,33.74,33.74,32.0,54.9,18.15,6.46,3.34,5.79,
2026-08-10 18:00:00,5,27.77,27.77,31.5,41.1,14.52,5.36,3.03,4.87,
2026-08-10 19:00:00,5,24.54,24.54,30.4,34.9,12.1,4.91,2.82,4.72,
2026-08-10 20:00:00,5,20.53,20.53,27.2,31.0,9.68,4.01,2.6,4.23,
2026-08-10 21:00:00,5,16.53,16.53,25.6,24.2,7.26,3.36,2.39,3.52,
2026-08-10 22:00:00,5,12.27,12.27,27.1,16.3,4.54,2.39,2.16,3.19,
2026-08-10 23:00:00,5,9.92,9.92,26.0,10.4,3.03,2.05,2.02,2.82,
2026-08-11 00:00:00,5,8.94,8.94,27.2,7.9,2.42,1.86,1.97,2.68,
2026-08-11 01:00:00,5,8.21,8.21,26.1,6.3,2.12,1.66,1.94,2.48,
2026-08-11 02:00:00,5,7.85,7.85,25.9,5.2,1.82,1.64,1.92,2.47,
2026-08-11 03:00:00,5,8.17,8.17,26.9,6.2,1.82,1.72,1.92,2.72,
2026-08-11 04:00:00,5,7.99,7.99,27.4,6.5,1.82,1.72,1.92,2.54,
2026-08-11 05:00:00,5,9.97,9.97,25.0,9.9,3.03,2.01,2.02,2.91,
2026-08-11 06:00:00,5,20.06,20.06,29.7,32.1,9.08,4.32,2.55,4.11,
2026-08-11 07:00:00,5,33.27,33.27,31.2,58.8,17.55,6.85,3.29,5.59,
2026-08-11 08:00:00,5,41.75,41.75,30.8,77.0,23.6,8.25,3.82,6.08,
2026-08-11 09:00:00,5,47.07,47.07,33.2,90.3,26.62,9.21,4.08,7.16,
2026-08-11 10:00:00,5,49.22,49.22,34.9,82.9,27.83,10.21,4.19,6.99,
2026-08-11 11:00:00,5,51.48,51.48,34.2,92.4,28.74,10.7,4.27,7.78,
2026-08-11 12:00:00,5,51.65,51.65,36.0,86.9,29.04,11.14,4.29,7.17,
2026-08-11 13:00:00,5,49.49,49.49,36.3,93.3,28.44,9.8,4.24,7.01,
2026-08-11 14:00:00,5,48.96,48.96,35.8,93.9,27.23,10.12,4.14,7.48,
2026-08-11 15:00:00,5,45.64,45.64,33.4,78.9,24.8,9.7,3.92,7.22,
2026-08-11 16:00:00,5,38.69,38.69,33.5,64.6,21.78,7.59,3.66,5.66,
2026-08-11 17:00:00,5,34.49,34.49,31.4,54.7,18.15,7.49,3.34,5.51,
2026-08-11 18:00:00,5,27.73,27.73,31.7,46.8,14.52,5.3,3.03,4.89,
2026-08-11 19:00:00,5,24.46,24.46,31.5,37.3,12.1,5.03,2.82,4.52,
2026-08-11 20:00:00,5,20.44,20.44,27.2,29.1,9.68,3.87,2.6,4.29,
2026-08-11 21:00:00,5,16.75,16.75,26.8,21.0,7.26,3.56,2.39,3.53,
2026-08-11 22:00:00,5,12.11,12.11,26.9,16.0,4.54,2.5,2.16,2.91,
2026-08-11 23:00:00,5,9.96,9.96,27.2,9.2,3.03,2.0,2.02,2.91,
2026-08-12 00:00:00,5,8.92,8.92,27.3,8.6,2.42,1.79,1.97,2.74,
2026-08-12 01:00:00,5,8.46,8.46,26.2,6.6,2.12,1.59,1.94,2.82,
2026-08-12 02:00:00,5,7.79,7.79,26.6,5.7,1.82,1.59,1.92,2.47,
2026-08-12 03:00:00,5,7.99,7.99,26.4,5.7,1.82,1.44,1.92,2.81,
2026-08-12 04:00:00,5,7.88,7.88,26.8,6.6,1.82,1.67,1.92,2.48,
2026-08-12 05:00:00,5,10.13,10.13,25.3,9.3,3.03,2.15,2.02,2.93,
2026-08-12 06:00:00,5,19.27,19.27,29.9,31.9,9.08,4.02,2.55,3.62,
2026-08-12 07:00:00,5,32.24,32.24,29.0,61.4,17.55,6.28,3.29,5.12,
2026-08-12 08:00:00,5,42.66,42.66,32.3,83.8,23.6,9.35,3.82,5.89,
2026-08-12 09:00:00,5,48.32,48.32,31.7,87.5,26.62,10.24,4.08,7.38,
2026-08-12 10:00:00,5,48.14,48.14,34.0,86.2,27.83,9.14,4.19,6.98,
2026-08-12 11:00:00,5,50.86,50.86,34.3,96.3,28.74,10.88,4.27,6.97,
2026-08-12 12:00:00,5,50.15,50.15,35.2,86.3,29.04,9.45,4.29,7.36,
2026-08-12 13:00:00,5,49.94,49.94,34.9,84.8,28.44,10.49,4.24,6.78,
2026-08-12 14:00:00,5,47.03,47.03,36.3,79.8,27.23,9.01,4.14,6.66,
2026-08-12 15:00:00,5,44.12,44.12,33.4,73.9,24.8,8.41,3.92,6.98,
2026-08-12 16:00:00,5,39.89,39.89,34.3,69.5,21.78,8.06,3.66,6.39,
2026-08-12 17:00:00,5,33.85,33.85,31.4,60.1,18.15,7.27,3.34,5.09,
2026-08-12 18:00:00,5,27.45,27.45,30.4,45.6,14.52,5.32,3.03,4.58,
2026-08-12 19:00:00,5,24.48,24.48,29.2,41.2,12.1,4.9,2.82,4.67,
2026-08-12 20:00:00,5,21.04,21.04,26.5,34.6,9.68,4.37,2.6,4.38,
2026-08-12 21:00:00,5,16.44,16.44,25.1,24.1,7.26,3.52,2.39,3.27,
2026-08-12 22:00:00,5,12.23,12.23,26.2,14.4,4.54,2.39,2.16,3.14,
2026-08-12 23:00:00,5,10.2,10.2,26.5,9.6,3.03,2.13,2.02,3.03,
2026-08-13 00:00:00,5,8.89,8.89,26.8,7.0,2.42,1.88,1.97,2.62,
2026-08-13 01:00:00,5,8.63,8.63,24.8,6.4,2.12,1.78,1.94,2.79,
2026-08-13 02:00:00,5,7.64,7.64,26.4,5.3,1.82,1.53,1.92,2.37,
2026-08-13 03:00:00,5,7.73,7.73,26.5,6.6,1.82,1.47,1.92,2.52,
2026-08-13 04:00:00,5,8.09,8.09,24.9,6.4,1.82,1.61,1.92,2.74,
2026-08-13 05:00:00,5,10.16,10.16,25.6,10.9,3.03,2.07,2.02,3.04,
2026-08-13 06:00:00,5,19.88,19.88,27.7,31.1,9.08,4.08,2.55,4.17,
2026-08-13 07:00:00,5,32.73,32.73,29.5,59.0,17.55,6.86,3.29,5.03,
2026-08-13 08:00:00,5,41.27,41.27,32.2,76.0,23.6,7.87,3.82,5.99,
2026-08-13 09:00:00,5,46.92,46.92,34.1,77.4,26.62,9.27,4.08,6.95,
2026-08-13 10:00:00,5,48.84,48.84,33.3,85.7,27.83,9.83,4.19,6.99,
2026-08-13 11:00:00,5,50.5,50.5,35.7,85.8,28.74,9.41,4.27,8.09,
2026-08-13 12:00:00,5,51.05,51.05,36.0,100.0,29.04,9.5,4.29,8.22,
2026-08-13 13:00:00,5,49.57,49.57,36.3,89.8,28.44,10.01,4.24,6.88,
2026-08-13 14:00:00,5,47.69,47.69,34.0,87.6,27.23,9.03,4.14,7.3,
2026-08-13 15:00:00,5,45.32,45.32,33.1,84.4,24.8,9.95,3.92,6.64,
2026-08-13 16:00:00,5,38.85,38.85,34.8,61.6,21.78,7.68,3.66,5.73,
2026-08-13 17:00:00,5,34.35,34.35,32.1,60.8,18.15,7.49,3.34,5.37,
2026-08-13 18:00:00,5,28.74,28.74,30.9,51.2,14.52,6.12,3.03,5.08,
2026-08-13 19:00:00,5,24.35,24.35,30.8,36.2,12.1,5.16,2.82,4.27,
2026-08-13 20:00:00,5,20.9,20.9,25.2,28.2,9.68,4.25,2.6,4.36,
2026-08-13 21:00:00,5,17.0,17.0,25.7,23.4,7.26,3.64,2.39,3.7,
2026-08-13 22:00:00,5,11.92,11.92,25.6,16.1,4.54,2.38,2.16,2.85,
2026-08-13 23:00:00,5,10.0,10.0,25.8,10.2,3.03,2.18,2.02,2.78,
2026-08-14 00:00:00,5,8.81,8.81,25.8,7.1,2.42,1.69,1.97,2.73,
2026-08-14 01:00:00,5,8.31,8.31,24.8,7.4,2.12,1.6,1.94,2.65,
2026-08-14 02:00:00,5,8.19,8.19,24.8,5.9,1.82,1.67,1.92,2.79,
2026-08-14 03:00:00,5,8.02,8.02,26.0,5.2,1.82,1.43,1.92,2.85,
2026-08-14 04:00:00,5,7.77,7.77,26.9,5.9,1.82,1.46,1.92,2.58,
2026-08-14 05:00:00,5,9.75,9.75,26.8,8.7,3.03,1.85,2.02,2.86,
2026-08-14 06:00:00,5,19.9,19.9,29.1,29.4,9.08,4.21,2.55,4.06,
2026-08-14 07:00:00,5,32.61,32.61,30.2,51.4,17.55,6.1,3.29,5.68,
2026-08-14 08:00:00,5,42.18,42.18,33.0,80.0,23.6,8.65,3.82,6.12,
2026-08-14 09:00:00,5,46.91,46.91,31.4,84.8,26.62,9.21,4.08,7.0,
2026-08-14 10:00:00,5,49.01,49.01,32.9,80.0,27.83,9.18,4.19,7.81,
2026-08-14 11:00:00,5,50.07,50.07,34.0,93.4,28.74,9.93,4.27,7.13,
2026-08-14 12:00:00,5,51.03,51.03,35.8,85.8,29.04,10.92,4.29,6.77,
2026-08-14 13:00:00,5,50.46,50.46,35.2,84.2,28.44,10.36,4.24,7.42,
2026-08-14 14:00:00,5,47.93,47.93,34.4,86.1,27.23,9.76,4.14,6.81,
2026-08-14 15:00:00,5,43.26,43.26,33.0,72.2,24.8,8.21,3.92,6.32,
2026-08-14 16:00:00,5,39.14,39.14,34.2,76.9,21.78,7.63,3.66,6.07,
2026-08-14 17:00:00,5,33.61,33.61,33.7,64.8,18.15,6.85,3.34,5.27,
2026-08-14 18:00:00,5,28.15,28.15,31.4,45.5,14.52,6.11,3.03,4.48,
2026-08-14 19:00:00,5,24.84,24.84,30.6,39.2,12.1,5.28,2.82,4.64,
2026-08-14 20:00:00,5,20.8,20.8,25.9,27.5,9.68,4.56,2.6,3.96,
2026-08-14 21:00:00,5,216.57,16.57,25.8,22.3,207.26,3.25,2.39,3.67,Unusually high lighting load during low activity
2026-08-14 22:00:00,5,132.12,12.12,26.8,15.7,124.54,2.25,2.16,3.17,Unusually high lighting load during low activity
2026-08-14 23:00:00,5,9.51,9.51,26.5,8.8,3.03,1.88,2.02,2.58,
2026-08-15 00:00:00,5,10.15,10.15,26.5,10.0,3.03,2.0,2.02,3.1,
2026-08-15 01:00:00,5,9.2,9.2,24.7,8.2,2.42,1.87,1.97,2.94,
2026-08-15 02:00:00,5,8.13,8.13,26.4,6.4,2.12,1.52,1.94,2.55,
2026-08-15 03:00:00,5,7.8,7.8,27.5,5.2,1.82,1.67,1.92,2.39,
2026-08-15 04:00:00,5,7.94,7.94,26.3,5.9,1.82,1.68,1.92,2.53,
2026-08-15 05:00:00,5,8.52,8.52,27.0,7.4,2.12,1.83,1.94,2.63,
2026-08-15 06:00:00,5,10.02,10.02,26.3,11.0,3.03,2.03,2.02,2.93,
2026-08-15 07:00:00,5,14.04,14.04,25.1,18.0,5.45,2.87,2.24,3.49,
2026-08-15 08:00:00,5,18.33,18.33,25.6,27.7,8.47,3.61,2.5,3.75,
2026-08-15 09:00:00,5,21.02,21.02,25.6,29.7,10.29,4.11,2.66,3.97,
2026-08-15 10:00:00,5,21.97,21.97,24.6,34.9,10.89,4.34,2.71,4.02,
2026-08-15 11:00:00,5,24.23,24.23,25.0,37.2,12.1,4.64,2.82,4.68,
2026-08-15 12:00:00,5,25.47,25.47,27.4,42.7,12.71,5.25,2.87,4.65,
2026-08-15 13:00:00,5,25.75,25.75,27.2,48.4,13.31,5.29,2.92,4.23,
2026-08-15 14:00:00,5,24.89,24.89,26.6,45.3,12.71,4.8,2.87,4.51,
2026-08-15 15:00:00,5,23.83,23.83,27.5,40.6,12.1,4.48,2.82,4.44,
2026-08-15 16:00:00,5,22.16,22.16,26.0,38.0,10.89,4.59,2.71,3.97,
2026-08-15 17:00:00,5,19.37,19.37,24.8,25.9,9.08,3.69,2.55,4.06,
2026-08-15 18:00:00,5,16.42,16.42,24.6,25.2,7.26,3.45,2.39,3.31,
2026-08-15 19:00:00,5,15.16,15.16,27.3,21.7,6.05,3.23,2.29,3.59,
2026-08-15 20:00:00,5,12.94,12.94,25.2,16.3,4.84,2.7,2.18,3.22,
2026-08-15 21:00:00,5,11.42,11.42,26.3,13.9,3.93,2.4,2.1,2.98,
2026-08-15 22:00:00,5,10.83,10.83,24.9,9.7,3.33,2.28,2.05,3.17,
2026-08-15 23:00:00,5,10.19,10.19,26.7,9.8,3.03,2.03,2.02,3.11,
2026-08-16 00:00:00,5,10.2,10.2,27.3,9.8,3.03,2.1,2.02,3.05,
2026-08-16 01:00:00,5,8.95,8.95,27.4,8.7,2.42,1.92,1.97,2.63,
2026-08-16 02:00:00,5,8.62,8.62,24.9,7.3,2.12,1.67,1.94,2.89,
2026-08-16 03:00:00,5,8.12,8.12,25.6,5.9,1.82,1.72,1.92,2.67,
2026-08-16 04:00:00,5,7.67,7.67,25.8,5.9,1.82,1.56,1.92,2.38,
2026-08-16 05:00:00,5,8.11,8.11,25.0,7.4,2.12,1.6,1.94,2.44,
2026-08-16 06:00:00,5,9.91,9.91,25.9,9.7,3.03,1.82,2.02,3.04,
2026-08-16 07:00:00,5,13.57,13.57,27.0,17.0,5.45,2.54,2.24,3.34,
2026-08-16 08:00:00,5,17.98,17.98,24.8,28.3,8.47,3.45,2.5,3.56,
2026-08-16 09:00:00,5,21.76,21.76,27.2,34.6,10.29,4.43,2.66,4.38,
2026-08-16 10:00:00,5,22.48,22.48,26.3,34.4,10.89,4.92,2.71,3.95,
2026-08-16 11:00:00,5,24.92,24.92,26.7,37.9,12.1,5.39,2.82,4.62,
2026-08-16 12:00:00,5,24.41,24.41,27.0,42.7,12.71,4.68,2.87,4.16,
2026-08-16 13:00:00,5,26.27,26.27,25.6,45.2,13.31,5.09,2.92,4.95,
2026-08-16 14:00:00,5,24.73,24.73,26.9,40.1,12.71,5.0,2.87,4.16,
2026-08-16 15:00:00,5,23.82,23.82,27.2,40.4,12.1,4.63,2.82,4.27,
2026-08-16 16:00:00,5,22.32,22.32,27.2,36.8,10.89,4.61,2.71,4.11,
2026-08-16 17:00:00,5,19.92,19.92,25.6,26.3,9.08,4.3,2.55,3.99,
2026-08-16 18:00:00,5,16.49,16.49,27.1,24.4,7.26,3.46,2.39,3.37,
2026-08-16 19:00:00,5,15.09,15.09,26.4,21.4,6.05,3.22,2.29,3.52,
2026-08-16 20:00:00,5,12.55,12.55,25.3,16.0,4.84,2.51,2.18,3.01,
2026-08-16 21:00:00,5,11.08,11.08,25.3,13.0,3.93,2.06,2.1,2.98,
2026-08-16 22:00:00,5,10.19,10.19,25.4,9.5,3.33,1.88,2.05,2.94,
2026-08-16 23:00:00,5,9.99,9.99,24.8,8.9,3.03,2.17,2.02,2.77,
2026-08-17 00:00:00,5,8.9,8.9,26.8,8.5,2.42,1.75,1.97,2.76,
2026-08-17 01:00:00,5,8.61,8.61,24.9,6.8,2.12,1.71,1.94,2.84,
2026-08-17 02:00:00,5,7.96,7.96,25.2,5.9,1.82,1.59,1.92,2.63,
2026-08-17 03:00:00,5,7.71,7.71,26.3,6.4,1.82,1.47,1.92,2.51,
2026-08-17 04:00:00,5,8.0,8.0,25.9,6.6,1.82,1.66,1.92,2.6,
2026-08-17 05:00:00,5,9.68,9.68,26.2,9.6,3.03,2.03,2.02,2.6,
2026-08-17 06:00:00,5,19.84,19.84,28.4,27.1,9.08,4.22,2.55,3.99,
2026-08-17 07:00:00,5,33.09,33.09,31.1,59.8,17.55,6.54,3.29,5.71,
2026-08-17 08:00:00,5,44.0,44.0,31.9,82.2,23.6,9.58,3.82,7.0,
2026-08-17 09:00:00,5,47.21,47.21,33.4,77.2,26.62,9.15,4.08,7.36,
2026-08-17 10:00:00,5,49.69,49.69,34.9,86.1,27.83,11.07,4.19,6.61,
2026-08-17 11:00:00,5,49.74,49.74,33.7,94.0,28.74,9.55,4.27,7.18,
2026-08-17 12:00:00,5,51.22,51.22,35.8,82.1,29.04,9.79,4.29,8.09,
2026-08-17 13:00:00,5,49.06,49.06,34.3,87.0,28.44,9.56,4.24,6.82,
2026-08-17 14:00:00,5,47.06,47.06,33.6,83.7,27.23,8.97,4.14,6.72,
2026-08-17 15:00:00,5,44.56,44.56,33.8,70.3,24.8,9.23,3.92,6.6,
2026-08-17 16:00:00,5,40.23,40.23,32.4,74.8,21.78,8.09,3.66,6.7,
2026-08-17 17:00:00,5,33.18,33.18,33.5,62.6,18.15,6.41,3.34,5.28,
2026-08-17 18:00:00,5,28.38,28.38,31.7,49.8,14.52,5.89,3.03,4.94,
2026-08-17 19:00:00,5,24.66,24.66,31.7,41.3,12.1,5.31,2.82,4.43,
2026-08-17 20:00:00,5,19.94,19.94,26.2,28.0,9.68,3.81,2.6,3.85,
2026-08-17 21:00:00,5,17.06,17.06,26.1,26.4,7.26,3.56,2.39,3.85,
2026-08-17 22:00:00,5,12.63,12.63,26.4,16.2,4.54,2.54,2.16,3.4,
2026-08-17 23:00:00,5,10.07,10.07,26.1,10.0,3.03,2.0,2.02,3.02,
2026-08-18 00:00:00,5,8.94,8.94,25.2,8.8,2.42,1.74,1.97,2.81,
2026-08-18 01:00:00,5,8.29,8.29,25.8,7.6,2.12,1.64,1.94,2.59,
2026-08-18 02:00:00,5,7.77,7.77,27.2,5.2,1.82,1.53,1.92,2.51,
2026-08-18 03:00:00,5,7.89,7.89,25.4,6.1,1.82,1.46,1.92,2.69,
2026-08-18 04:00:00,5,7.91,7.91,26.7,6.1,1.82,1.44,1.92,2.73,
2026-08-18 05:00:00,5,9.89,9.89,25.9,9.4,3.03,2.06,2.02,2.78,
2026-08-18 06:00:00,5,18.84,18.84,29.6,28.1,9.08,3.62,2.55,3.6,
2026-08-18 07:00:00,5,33.49,33.49,30.9,50.2,17.55,7.18,3.29,5.48,
2026-08-18 08:00:00,5,41.89,41.89,32.4,82.0,23.6,8.2,3.82,6.27,
2026-08-18 09:00:00,5,46.75,46.75,32.5,90.4,26.62,8.98,4.08,7.07,
2026-08-18 10:00:00,5,48.47,48.47,33.0,86.8,27.83,9.2,4.19,7.25,
2026-08-18 11:00:00,5,50.85,50.85,33.1,94.9,28.74,10.71,4.27,7.13,
2026-08-18 12:00:00,5,51.0,51.0,33.8,94.3,29.04,10.66,4.29,7.0,
2026-08-18 13:00:00,5,50.63,50.63,34.4,88.7,28.44,10.04,4.24,7.92,
2026-08-18 14:00:00,5,48.44,48.44,35.7,93.2,27.23,10.01,4.14,7.07,
2026-08-18 15:00:00,5,44.77,44.77,34.4,70.7,24.8,9.63,3.92,6.41,
2026-08-18 16:00:00,5,39.35,39.35,32.2,75.4,21.78,7.81,3.66,6.1,
2026-08-18 17:00:00,5,34.18,34.18,32.3,62.3,18.15,6.71,3.34,5.98,
2026-08-18 18:00:00,5,27.79,27.79,31.8,50.2,14.52,5.52,3.03,4.72,
2026-08-18 19:00:00,5,24.21,24.21,29.5,41.8,12.1,5.25,2.82,4.05,
2026-08-18 20:00:00,5,20.61,20.61,24.9,34.1,9.68,4.05,2.6,4.28,
2026-08-18 21:00:00,5,16.63,16.63,27.1,25.1,7.26,3.6,2.39,3.38,
2026-08-18 22:00:00,5,12.0,12.0,25.8,15.4,4.54,2.25,2.16,3.05,
2026-08-18 23:00:00,5,9.52,9.52,25.5,10.0,3.03,1.87,2.02,2.59,
2026-08-19 00:00:00,5,8.62,8.62,26.6,8.2,2.42,1.66,1.97,2.57,
2026-08-19 01:00:00,5,8.75,8.75,25.0,6.5,2.12,1.84,1.94,2.85,
2026-08-19 02:00:00,5,8.0,8.0,25.8,6.4,1.82,1.65,1.92,2.62,
2026-08-19 03:00:00,5,7.93,7.93,25.7,6.2,1.82,1.62,1.92,2.58,
2026-08-19 04:00:00,5,7.81,7.81,24.8,5.4,1.82,1.65,1.92,2.42,
2026-08-19 05:00:00,5,10.14,10.14,25.6,10.9,3.03,1.98,2.02,3.11,
2026-08-19 06:00:00,5,19.08,19.08,29.1,29.4,9.08,3.87,2.55,3.58,
2026-08-19 07:00:00,5,32.32,32.32,31.1,63.5,17.55,6.08,3.29,5.41,
2026-08-19 08:00:00,5,43.65,43.65,31.7,74.0,23.6,9.08,3.82,7.15,
2026-08-19 09:00:00,5,46.96,46.96,31.6,94.0,26.62,9.07,4.08,7.19,
2026-08-19 10:00:00,5,49.26,49.26,35.0,88.4,27.83,10.67,4.19,6.56,
2026-08-19 11:00:00,5,51.72,51.72,35.3,91.3,28.74,11.42,4.27,7.29,
2026-08-19 12:00:00,5,51.33,51.33,34.1,85.5,29.04,11.15,4.29,6.85,
2026-08-19 13:00:00,5,49.47,49.47,35.7,100.0,28.44,9.38,4.24,7.42,
2026-08-19 14:00:00,5,47.99,47.99,34.0,93.6,27.23,9.86,4.14,6.77,
2026-08-19 15:00:00,5,44.7,44.7,33.9,81.8,24.8,8.9,3.92,7.07,
2026-08-19 16:00:00,5,40.69,40.69,32.3,71.2,21.78,8.89,3.66,6.36,
2026-08-19 17:00:00,5,33.78,33.78,32.3,55.0,18.15,6.95,3.34,5.33,
2026-08-19 18:00:00,5,28.48,28.48,30.5,47.5,14.52,6.03,3.03,4.9,
2026-08-19 19:00:00,5,24.98,24.98,31.5,37.6,12.1,5.2,2.82,4.87,
2026-08-19 20:00:00,5,20.26,20.26,24.6,32.6,9.68,4.1,2.6,3.88,
2026-08-19 21:00:00,5,16.26,16.26,25.6,24.3,7.26,3.26,2.39,3.35,
2026-08-19 22:00:00,5,12.37,12.37,25.1,16.1,4.54,2.28,2.16,3.4,
2026-08-19 23:00:00,5,10.01,10.01,25.0,10.3,3.03,1.96,2.02,3.0,
2026-08-20 00:00:00,5,9.18,9.18,26.3,8.3,2.42,1.95,1.97,2.84,
2026-08-20 01:00:00,5,8.26,8.26,26.4,7.4,2.12,1.54,1.94,2.65,
2026-08-20 02:00:00,5,7.76,7.76,26.8,6.2,1.82,1.5,1.92,2.52,
2026-08-20 03:00:00,5,7.7,7.7,26.4,6.2,1.82,1.58,1.92,2.39,
2026-08-20 04:00:00,5,7.74,7.74,27.1,5.9,1.82,1.55,1.92,2.46,
2026-08-20 05:00:00,5,10.05,10.05,24.7,9.7,3.03,2.06,2.02,2.94,
2026-08-20 06:00:00,5,19.51,19.51,27.7,31.9,9.08,4.04,2.55,3.84,
2026-08-20 07:00:00,5,32.92,32.92,29.6,49.9,17.55,6.5,3.29,5.58,
2026-08-20 08:00:00,5,42.8,42.8,30.2,78.2,23.6,9.22,3.82,6.16,
2026-08-20 09:00:00,5,46.94,46.94,33.4,85.9,26.62,9.01,4.08,7.23,
2026-08-20 10:00:00,5,49.45,49.45,32.9,97.7,27.83,10.87,4.19,6.56,
2026-08-20 11:00:00,5,51.79,51.79,35.5,100.0,28.74,10.99,4.27,7.79,
2026-08-20 12:00:00,5,51.06,51.06,34.9,98.8,29.04,10.28,4.29,7.45,
2026-08-20 13:00:00,5,50.83,50.83,34.4,100.0,28.44,11.0,4.24,7.15,
2026-08-20 14:00:00,5,49.9,49.9,33.9,82.2,27.23,10.73,4.14,7.81,
2026-08-20 15:00:00,5,44.77,44.77,33.7,78.5,24.8,9.7,3.92,6.34,
2026-08-20 16:00:00,5,39.17,39.17,33.8,67.7,21.78,7.41,3.66,6.32,
2026-08-20 17:00:00,5,33.5,33.5,31.9,61.6,18.15,7.0,3.34,5.01,
2026-08-20 18:00:00,5,28.7,28.7,32.2,49.9,14.52,6.09,3.03,5.06,
2026-08-20 19:00:00,5,23.94,23.94,29.6,40.0,12.1,4.6,2.82,4.43,
2026-08-20 20:00:00,5,20.98,20.98,26.0,32.5,9.68,4.47,2.6,4.22,
2026-08-20 21:00:00,5,16.64,16.64,26.9,23.8,7.26,3.32,2.39,3.67,
2026-08-20 22:00:00,5,12.6,12.6,26.0,13.3,4.54,2.67,2.16,3.24,
2026-08-20 23:00:00,5,9.85,9.85,24.7,11.0,3.03,1.91,2.02,2.89,
2026-08-21 00:00:00,5,8.81,8.81,24.9,7.8,2.42,1.7,1.97,2.71,
2026-08-21 01:00:00,5,8.06,8.06,24.9,6.6,2.12,1.53,1.94,2.47,
2026-08-21 02:00:00,5,7.97,7.97,26.7,6.0,1.82,1.66,1.92,2.57,
2026-08-21 03:00:00,5,8.25,8.25,25.3,5.5,1.82,1.71,1.92,2.81,
2026-08-21 04:00:00,5,7.7,7.7,26.4,6.0,1.82,1.48,1.92,2.49,
2026-08-21 05:00:00,5,10.34,10.34,26.2,8.8,3.03,2.17,2.02,3.13,
2026-08-21 06:00:00,5,19.68,19.68,29.5,29.2,9.08,3.87,2.55,4.18,
2026-08-21 07:00:00,5,33.67,33.67,31.7,57.5,17.55,7.38,3.29,5.45,
2026-08-21 08:00:00,5,43.33,43.33,31.6,67.3,23.6,8.85,3.82,7.07,
2026-08-21 09:00:00,5,47.39,47.39,31.7,77.5,26.62,10.32,4.08,6.37,
2026-08-21 10:00:00,5,48.69,48.69,32.9,98.6,27.83,9.12,4.19,7.55,
2026-08-21 11:00:00,5,50.64,50.64,34.1,91.1,28.74,9.59,4.27,8.04,
2026-08-21 12:00:00,5,51.76,51.76,34.9,96.8,29.04,10.85,4.29,7.57,
2026-08-21 13:00:00,5,49.39,49.39,35.9,91.2,28.44,10.06,4.24,6.66,
2026-08-21 14:00:00,5,48.6,48.6,33.6,83.1,27.23,9.65,4.14,7.59,
2026-08-21 15:00:00,5,44.16,44.16,33.8,88.5,24.8,8.63,3.92,6.8,
2026-08-21 16:00:00,5,39.47,39.47,35.0,72.9,21.78,8.35,3.66,5.68,
2026-08-21 17:00:00,5,33.86,33.86,32.8,51.7,18.15,6.91,3.34,5.46,
2026-08-21 18:00:00,5,28.05,28.05,32.4,51.1,14.52,5.9,3.03,4.6,
2026-08-21 19:00:00,5,24.72,24.72,29.8,42.7,12.1,5.04,2.82,4.76,
2026-08-21 20:00:00,5,20.45,20.45,26.9,27.5,9.68,3.91,2.6,4.26,
2026-08-21 21:00:00,5,16.33,16.33,24.6,25.4,7.26,3.3,2.39,3.37,
2026-08-21 22:00:00,5,12.79,12.79,25.6,15.8,4.54,2.69,2.16,3.4,
2026-08-21 23:00:00,5,9.44,9.44,26.3,9.6,3.03,1.81,2.02,2.58,
2026-08-22 00:00:00,5,10.16,10.16,26.6,9.6,3.03,2.17,2.02,2.94,
2026-08-22 01:00:00,5,8.82,8.82,25.8,7.0,2.42,1.61,1.97,2.82,
2026-08-22 02:00:00,5,8.07,8.07,27.2,6.5,2.12,1.54,1.94,2.47,
2026-08-22 03:00:00,5,7.75,7.75,27.0,6.6,1.82,1.5,1.92,2.52,
2026-08-22 04:00:00,5,7.88,7.88,26.9,5.9,1.82,1.46,1.92,2.69,
2026-08-22 05:00:00,5,8.51,8.51,27.3,7.0,2.12,1.77,1.94,2.67,
2026-08-22 06:00:00,5,10.13,10.13,26.1,8.5,3.03,2.09,2.02,3.0,
2026-08-22 07:00:00,5,13.38,13.38,25.8,17.8,5.45,2.66,2.24,3.04,
2026-08-22 08:00:00,5,18.38,18.38,26.1,27.8,8.47,3.85,2.5,3.56,
2026-08-22 09:00:00,5,21.5,21.5,26.3,35.6,10.29,4.38,2.66,4.18,
2026-08-22 10:00:00,5,22.2,22.2,26.2,35.3,10.89,4.68,2.71,3.93,
2026-08-22 11:00:00,5,24.72,24.72,26.1,40.8,12.1,5.09,2.82,4.72,
2026-08-22 12:00:00,5,25.54,25.54,24.7,36.0,12.71,5.46,2.87,4.51,
2026-08-22 13:00:00,5,26.7,26.7,25.6,46.7,13.31,5.42,2.92,5.05,
2026-08-22 14:00:00,5,25.32,25.32,24.6,41.9,12.71,4.76,2.87,4.98,
2026-08-22 15:00:00,5,24.47,24.47,24.9,42.8,12.1,5.21,2.82,4.34,
2026-08-22 16:00:00,5,22.76,22.76,27.0,36.3,10.89,4.62,2.71,4.53,
2026-08-22 17:00:00,5,19.93,19.93,25.1,25.6,9.08,4.34,2.55,3.97,
2026-08-22 18:00:00,5,16.8,16.8,24.5,26.1,7.26,3.63,2.39,3.51,
2026-08-22 19:00:00,5,14.56,14.56,24.9,17.4,6.05,2.95,2.29,3.28,
2026-08-22 20:00:00,5,12.72,12.72,25.4,17.4,4.84,2.55,2.18,3.15,
2026-08-22 21:00:00,5,11.04,11.04,26.6,13.2,3.93,2.11,2.1,2.89,
2026-08-22 22:00:00,5,10.29,10.29,26.3,11.5,3.33,1.91,2.05,3.0,
2026-08-22 23:00:00,5,9.85,9.85,27.0,9.9,3.03,1.89,2.02,2.91,
2026-08-23 00:00:00,5,9.67,9.67,26.3,10.8,3.03,1.95,2.02,2.66,
2026-08-23 01:00:00,5,8.9,8.9,24.9,8.7,2.42,1.72,1.97,2.79,
2026-08-23 02:00:00,5,8.78,8.78,25.8,7.4,2.12,1.81,1.94,2.91,
2026-08-23 03:00:00,5,7.68,7.68,25.3,6.2,1.82,1.51,1.92,2.44,
2026-08-23 04:00:00,5,7.88,7.88,27.0,5.6,1.82,1.52,1.92,2.63,
2026-08-23 05:00:00,5,8.33,8.33,27.0,6.5,2.12,1.78,1.94,2.49,
2026-08-23 06:00:00,5,9.94,9.94,27.0,8.9,3.03,2.12,2.02,2.77,
2026-08-23 07:00:00,5,13.62,13.62,27.0,18.5,5.45,2.5,2.24,3.43,
2026-08-23 08:00:00,5,19.17,19.17,24.7,26.6,8.47,4.08,2.5,4.12,
2026-08-23 09:00:00,5,21.17,21.17,25.7,37.0,10.29,4.32,2.66,3.9,
2026-08-23 10:00:00,5,22.1,22.1,24.9,38.2,10.89,4.53,2.71,3.98,
2026-08-23 11:00:00,5,24.36,24.36,25.0,39.6,12.1,4.78,2.82,4.66,
2026-08-23 12:00:00,5,24.89,24.89,26.9,35.8,12.71,4.72,2.87,4.59,
2026-08-23 13:00:00,5,26.1,26.1,27.3,46.4,13.31,5.01,2.92,4.86,
2026-08-23 14:00:00,5,24.85,24.85,26.7,38.2,12.71,4.77,2.87,4.5,
2026-08-23 15:00:00,5,25.02,25.02,25.7,43.3,12.1,5.37,2.82,4.73,
2026-08-23 16:00:00,5,21.88,21.88,25.6,34.9,10.89,4.15,2.71,4.12,
2026-08-23 17:00:00,5,19.55,19.55,26.2,30.7,9.08,4.32,2.55,3.61,
2026-08-23 18:00:00,5,16.95,16.95,26.2,26.2,7.26,3.44,2.39,3.85,
2026-08-23 19:00:00,5,14.6,14.6,27.2,17.5,6.05,3.16,2.29,3.11,
2026-08-23 20:00:00,5,13.12,13.12,25.1,13.9,4.84,2.77,2.18,3.33,
2026-08-23 21:00:00,5,11.19,11.19,25.2,13.7,3.93,2.41,2.1,2.74,
2026-08-23 22:00:00,5,9.92,9.92,26.2,9.9,3.33,1.88,2.05,2.65,
2026-08-23 23:00:00,5,9.95,9.95,25.8,9.3,3.03,1.79,2.02,3.11,
2026-08-24 00:00:00,5,8.86,8.86,25.3,8.2,2.42,1.96,1.97,2.51,
2026-08-24 01:00:00,5,8.36,8.36,26.0,7.3,2.12,1.7,1.94,2.59,
2026-08-24 02:00:00,5,7.87,7.87,25.4,6.3,1.82,1.47,1.92,2.67,
2026-08-24 03:00:00,5,8.17,8.17,25.9,6.0,1.82,1.61,1.92,2.83,
2026-08-24 04:00:00,5,8.11,8.11,25.7,5.3,1.82,1.51,1.92,2.87,
2026-08-24 05:00:00,5,10.23,10.23,26.8,9.5,3.03,2.07,2.02,3.11,
2026-08-24 06:00:00,5,19.21,19.21,29.9,29.4,9.08,3.68,2.55,3.91,
2026-08-24 07:00:00,5,32.88,32.88,31.2,61.1,17.55,6.17,3.29,5.87,
2026-08-24 08:00:00,5,41.63,41.63,32.3,67.7,23.6,8.29,3.82,5.92,
2026-08-24 09:00:00,5,47.28,47.28,32.3,87.2,26.62,9.92,4.08,6.66,
2026-08-24 10:00:00,5,49.66,49.66,32.7,89.0,27.83,9.69,4.19,7.95,
2026-08-24 11:00:00,5,50.74,50.74,35.3,98.0,28.74,10.27,4.27,7.47,
2026-08-24 12:00:00,5,51.57,51.57,36.0,87.4,29.04,11.27,4.29,6.96,
2026-08-24 13:00:00,5,49.95,49.95,35.1,89.4,28.44,9.83,4.24,7.44,
2026-08-24 14:00:00,5,47.88,47.88,33.5,86.2,27.23,9.29,4.14,7.23,
2026-08-24 15:00:00,5,45.86,45.86,35.9,90.1,24.8,9.82,3.92,7.31,
2026-08-24 16:00:00,5,40.28,40.28,33.7,71.0,21.78,8.88,3.66,5.97,
2026-08-24 17:00:00,5,34.53,34.53,31.9,64.8,18.15,7.34,3.34,5.69,
2026-08-24 18:00:00,5,27.33,27.33,32.7,45.7,14.52,5.33,3.03,4.45,
2026-08-24 19:00:00,5,24.08,24.08,29.8,38.5,12.1,4.89,2.82,4.27,
2026-08-24 20:00:00,5,20.46,20.46,24.7,30.1,9.68,4.26,2.6,3.92,
2026-08-24 21:00:00,5,16.2,16.2,25.6,22.8,7.26,3.17,2.39,3.37,
2026-08-24 22:00:00,5,12.2,12.2,27.0,15.0,4.54,2.5,2.16,3.01,
2026-08-24 23:00:00,5,9.99,9.99,26.8,8.8,3.03,1.98,2.02,2.96,
2026-08-25 00:00:00,5,9.16,9.16,26.7,8.1,2.42,1.82,1.97,2.95,
2026-08-25 01:00:00,5,8.45,8.45,24.8,6.1,2.12,1.55,1.94,2.84,
2026-08-25 02:00:00,5,7.85,7.85,27.3,5.2,1.82,1.74,1.92,2.38,
2026-08-25 03:00:00,5,8.19,8.19,25.5,5.5,1.82,1.72,1.92,2.73,
2026-08-25 04:00:00,5,7.59,7.59,24.7,6.2,1.82,1.48,1.92,2.38,
2026-08-25 05:00:00,5,9.95,9.95,26.7,9.4,3.03,1.87,2.02,3.03,
2026-08-25 06:00:00,5,18.93,18.93,30.3,30.7,9.08,3.63,2.55,3.67,
2026-08-25 07:00:00,5,32.45,32.45,28.8,50.5,17.55,6.24,3.29,5.37,
2026-08-25 08:00:00,5,43.24,43.24,31.0,81.8,23.6,8.83,3.82,7.0,
2026-08-25 09:00:00,5,47.74,47.74,31.4,78.3,26.62,9.54,4.08,7.49,
2026-08-25 10:00:00,5,48.19,48.19,34.9,80.0,27.83,9.31,4.19,6.85,
2026-08-25 11:00:00,5,52.31,52.31,35.1,85.1,28.74,11.18,4.27,8.12,
2026-08-25 12:00:00,5,51.01,51.01,35.3,98.1,29.04,9.99,4.29,7.68,
2026-08-25 13:00:00,5,50.57,50.57,35.4,80.7,28.44,9.85,4.24,8.05,
2026-08-25 14:00:00,5,49.32,49.32,34.8,93.7,27.23,10.3,4.14,7.65,
2026-08-25 15:00:00,5,45.63,45.63,34.3,81.0,24.8,9.89,3.92,7.01,
2026-08-25 16:00:00,5,38.65,38.65,34.0,67.8,21.78,7.35,3.66,5.86,
2026-08-25 17:00:00,5,33.17,33.17,33.5,52.0,18.15,6.25,3.34,5.42,
2026-08-25 18:00:00,5,28.99,28.99,33.0,48.3,14.52,6.28,3.03,5.16,
2026-08-25 19:00:00,5,23.97,23.97,28.9,40.9,12.1,5.03,2.82,4.02,
2026-08-25 20:00:00,5,20.73,20.73,25.5,34.7,9.68,4.47,2.6,3.98,
2026-08-25 21:00:00,5,16.48,16.48,26.0,24.6,7.26,3.54,2.39,3.29,
2026-08-25 22:00:00,5,12.77,12.77,26.1,15.1,4.54,2.68,2.16,3.4,
2026-08-25 23:00:00,5,10.15,10.15,27.5,9.3,3.03,2.03,2.02,3.07,
2026-08-26 00:00:00,5,8.87,8.87,27.4,7.5,2.42,1.87,1.97,2.6,
2026-08-26 01:00:00,5,8.24,8.24,25.6,6.9,2.12,1.56,1.94,2.61,
2026-08-26 02:00:00,5,8.13,8.13,24.7,5.2,1.82,1.73,1.92,2.67,
2026-08-26 03:00:00,5,7.88,7.88,26.2,6.1,1.82,1.55,1.92,2.6,
2026-08-26 04:00:00,5,7.84,7.84,27.2,6.3,1.82,1.44,1.92,2.66,
2026-08-26 05:00:00,5,9.81,9.81,26.7,9.7,3.03,1.8,2.02,2.96,
2026-08-26 06:00:00,5,19.47,19.47,28.2,29.1,9.08,3.78,2.55,4.07,
2026-08-26 07:00:00,5,33.3,33.3,31.0,63.2,17.55,6.95,3.29,5.51,
2026-08-26 08:00:00,5,43.28,43.28,31.0,77.6,23.6,9.52,3.82,6.35,
2026-08-26 09:00:00,5,47.27,47.27,31.9,74.9,26.62,9.68,4.08,6.88,
2026-08-26 10:00:00,5,48.63,48.63,34.7,81.8,27.83,9.75,4.19,6.86,
2026-08-26 11:00:00,5,49.52,49.52,34.8,100.0,28.74,9.51,4.27,7.0,
2026-08-26 12:00:00,5,51.68,51.68,34.5,87.7,29.04,11.33,4.29,7.01,
2026-08-26 13:00:00,5,49.05,49.05,33.8,92.5,28.44,9.64,4.24,6.73,
2026-08-26 14:00:00,5,48.32,48.32,33.9,97.8,27.23,10.3,4.14,6.66,
2026-08-26 15:00:00,5,44.64,44.64,35.3,76.0,24.8,9.76,3.92,6.15,
2026-08-26 16:00:00,5,39.49,39.49,34.4,61.8,21.78,7.37,3.66,6.68,
2026-08-26 17:00:00,5,33.22,33.22,32.5,61.2,18.15,6.73,3.34,5.0,
2026-08-26 18:00:00,5,28.67,28.67,32.4,47.3,14.52,6.22,3.03,4.91,
2026-08-26 19:00:00,5,24.36,24.36,29.6,35.5,12.1,5.35,2.82,4.1,
2026-08-26 20:00:00,5,20.52,20.52,25.7,29.0,9.68,3.86,2.6,4.38,
2026-08-26 21:00:00,5,17.24,17.24,25.3,24.5,7.26,3.67,2.39,3.91,
2026-08-26 22:00:00,5,12.57,12.57,25.9,15.6,4.54,2.72,2.16,3.15,
2026-08-26 23:00:00,5,10.22,10.22,27.4,9.6,3.03,2.12,2.02,3.05,
2026-08-27 00:00:00,5,8.91,8.91,24.8,8.0,2.42,1.82,1.97,2.7,
2026-08-27 01:00:00,5,8.45,8.45,25.0,6.0,2.12,1.84,1.94,2.55,
2026-08-27 02:00:00,5,8.25,8.25,26.5,6.4,1.82,1.68,1.92,2.84,
2026-08-27 03:00:00,5,7.73,7.73,24.9,5.7,1.82,1.59,1.92,2.41,
2026-08-27 04:00:00,5,7.85,7.85,25.9,5.8,1.82,1.43,1.92,2.68,
2026-08-27 05:00:00,5,9.63,9.63,24.5,9.6,3.03,1.82,2.02,2.76,
2026-08-27 06:00:00,5,19.3,19.3,28.0,30.9,9.08,4.0,2.55,3.68,
2026-08-27 07:00:00,5,32.79,32.79,30.1,63.2,17.55,6.19,3.29,5.76,
2026-08-27 08:00:00,5,42.92,42.92,32.3,69.6,23.6,8.46,3.82,7.05,
2026-08-27 09:00:00,5,48.57,48.57,33.6,86.3,26.62,10.5,4.08,7.37,
2026-08-27 10:00:00,5,49.65,49.65,34.3,91.2,27.83,9.96,4.19,7.67,
2026-08-27 11:00:00,5,50.64,50.64,34.4,85.8,28.74,10.13,4.27,7.51,
2026-08-27 12:00:00,5,51.29,51.29,33.6,95.7,29.04,10.1,4.29,7.86,
2026-08-27 13:00:00,5,50.17,50.17,35.6,91.0,28.44,10.72,4.24,6.78,
2026-08-27 14:00:00,5,48.24,48.24,35.0,77.5,27.23,9.01,4.14,7.87,
2026-08-27 15:00:00,5,45.05,45.05,33.9,74.5,24.8,9.17,3.92,7.14,
2026-08-27 16:00:00,5,39.67,39.67,34.0,65.1,21.78,8.2,3.66,6.04,
2026-08-27 17:00:00,5,34.52,34.52,34.1,58.6,18.15,7.04,3.34,5.99,
2026-08-27 18:00:00,5,28.53,28.53,32.5,44.1,14.52,6.27,3.03,4.71,
2026-08-27 19:00:00,5,24.05,24.05,29.0,35.0,12.1,4.96,2.82,4.17,
2026-08-27 20:00:00,5,20.15,20.15,26.8,28.5,9.68,3.79,2.6,4.08,
2026-08-27 21:00:00,5,16.95,16.95,26.3,23.6,7.26,3.45,2.39,3.85,
2026-08-27 22:00:00,5,11.96,11.96,25.2,15.2,4.54,2.3,2.16,2.96,
2026-08-27 23:00:00,5,9.63,9.63,25.3,9.7,3.03,1.89,2.02,2.68,
2026-08-28 00:00:00,5,8.71,8.71,24.9,8.3,2.42,1.79,1.97,2.53,
2026-08-28 01:00:00,5,8.44,8.44,25.8,7.6,2.12,1.64,1.94,2.74,
2026-08-28 02:00:00,5,7.9,7.9,25.1,5.1,1.82,1.47,1.92,2.7,
2026-08-28 03:00:00,5,7.62,7.62,24.5,5.2,1.82,1.49,1.92,2.4,
2026-08-28 04:00:00,5,7.67,7.67,27.3,6.1,1.82,1.49,1.92,2.44,
2026-08-28 05:00:00,5,9.8,9.8,26.7,9.7,3.03,2.12,2.02,2.64,
2026-08-28 06:00:00,5,19.33,19.33,30.1,27.3,9.08,4.13,2.55,3.57,
2026-08-28 07:00:00,5,32.28,32.28,31.2,51.2,17.55,6.18,3.29,5.26,
2026-08-28 08:00:00,5,42.35,42.35,30.2,71.2,23.6,8.18,3.82,6.75,
2026-08-28 09:00:00,5,47.65,47.65,33.7,82.4,26.62,10.27,4.08,6.67,
2026-08-28 10:00:00,5,49.68,49.68,34.7,88.7,27.83,9.81,4.19,7.85,
2026-07-29 11:00:00,6,41.77,41.77,33.2,93.5,23.71,8.4,3.72,5.93,
2026-07-29 12:00:00,6,43.47,43.47,33.4,85.5,23.96,9.34,3.75,6.42,
2026-07-29 13:00:00,6,42.98,42.98,36.2,96.0,23.46,9.42,3.7,6.4,
2026-07-29 14:00:00,6,41.16,41.16,34.5,90.2,22.46,9.26,3.61,5.82,
2026-07-29 15:00:00,6,37.44,37.44,35.2,80.6,20.47,7.34,3.43,6.21,
2026-07-29 16:00:00,6,34.34,34.34,33.0,76.4,17.97,7.43,3.19,5.75,
2026-07-29 17:00:00,6,28.44,28.44,31.4,56.8,14.98,5.64,2.92,4.9,
2026-07-29 18:00:00,6,23.51,23.51,32.5,43.2,11.98,4.63,2.64,4.26,
2026-07-29 19:00:00,6,20.61,20.61,30.3,37.7,9.98,4.37,2.46,3.8,
2026-07-29 20:00:00,6,17.68,17.68,27.0,33.9,7.99,3.92,2.27,3.49,
2026-07-29 21:00:00,6,14.22,14.22,26.8,25.7,5.99,2.87,2.09,3.27,
2026-07-29 22:00:00,6,10.45,10.45,27.3,13.1,3.74,2.17,1.88,2.66,
2026-07-29 23:00:00,6,8.53,8.53,25.6,9.3,2.5,1.65,1.77,2.62,
2026-07-30 00:00:00,6,7.61,7.61,25.3,8.1,2.0,1.54,1.72,2.36,
2026-07-30 01:00:00,6,7.14,7.14,27.4,7.1,1.75,1.5,1.7,2.2,
2026-07-30 02:00:00,6,6.78,6.78,25.2,5.7,1.5,1.25,1.67,2.37,
2026-07-30 03:00:00,6,6.6,6.6,25.6,5.8,1.5,1.28,1.67,2.15,
2026-07-30 04:00:00,6,6.65,6.65,24.9,6.4,1.5,1.28,1.67,2.2,
2026-07-30 05:00:00,6,8.27,8.27,24.9,9.0,2.5,1.7,1.77,2.31,
2026-07-30 06:00:00,6,16.84,16.84,30.0,28.1,7.49,3.56,2.23,3.56,
2026-07-30 07:00:00,6,28.51,28.51,29.6,51.5,14.48,6.09,2.87,5.08,
2026-07-30 08:00:00,6,36.13,36.13,32.0,84.9,19.47,7.65,3.33,5.68,
2026-07-30 09:00:00,6,40.65,40.65,34.2,95.7,21.96,8.67,3.56,6.45,
2026-07-30 10:00:00,6,41.08,41.08,35.0,81.6,22.96,8.35,3.66,6.1,
2026-07-30 11:00:00,6,43.41,43.41,35.4,82.8,23.71,9.25,3.72,6.72,
2026-07-30 12:00:00,6,42.76,42.76,34.1,86.4,23.96,8.86,3.75,6.19,
2026-07-30 13:00:00,6,44.04,44.04,33.9,100.0,23.46,9.86,3.7,7.01,
2026-07-30 14:00:00,6,40.18,40.18,36.3,80.7,22.46,8.41,3.61,5.7,
2026-07-30 15:00:00,6,36.98,36.98,34.5,74.3,20.47,7.57,3.43,5.52,
2026-07-30 16:00:00,6,32.83,32.83,34.6,75.8,17.97,6.72,3.19,4.95,
2026-07-30 17:00:00,6,28.72,28.72,33.7,63.7,14.98,6.08,2.92,4.75,
2026-07-30 18:00:00,6,23.75,23.75,31.2,49.4,11.98,4.88,2.64,4.25,
2026-07-30 19:00:00,6,20.53,20.53,31.0,43.2,9.98,4.38,2.46,3.72,
2026-07-30 20:00:00,6,17.75,17.75,25.5,30.8,7.99,3.69,2.27,3.8,
2026-07-30 21:00:00,6,14.57,14.57,26.9,22.0,5.99,3.1,2.09,3.4,
2026-07-30 22:00:00,6,10.31,10.31,26.4,16.3,3.74,2.1,1.88,2.58,
2026-07-30 23:00:00,6,8.55,8.55,25.6,9.7,2.5,1.85,1.77,2.43,
2026-07-31 00:00:00,6,7.89,7.89,27.3,8.0,2.0,1.56,1.72,2.61,
2026-07-31 01:00:00,6,7.0,7.0,24.7,6.3,1.75,1.4,1.7,2.15,
2026-07-31 02:00:00,6,7.05,7.05,25.5,5.7,1.5,1.39,1.67,2.49,
2026-07-31 03:00:00,6,7.16,7.16,26.2,6.5,1.5,1.5,1.67,2.49,
2026-07-31 04:00:00,6,6.93,6.93,25.4,5.2,1.5,1.34,1.67,2.42,
2026-07-31 05:00:00,6,8.67,8.67,26.3,9.3,2.5,1.88,1.77,2.52,
2026-07-31 06:00:00,6,16.62,16.62,28.7,31.8,7.49,3.24,2.23,3.67,
2026-07-31 07:00:00,6,28.19,28.19,29.6,55.9,14.48,6.44,2.87,4.4,
2026-07-31 08:00:00,6,36.56,36.56,31.2,80.3,19.47,8.34,3.33,5.42,
2026-07-31 09:00:00,6,40.4,40.4,32.4,95.3,21.96,8.1,3.56,6.77,
2026-07-31 10:00:00,6,41.6,41.6,35.1,93.2,22.96,8.96,3.66,6.02,
2026-07-31 11:00:00,6,43.31,43.31,35.6,100.0,23.71,9.65,3.72,6.23,
2026-07-31 12:00:00,6,43.22,43.22,34.3,89.0,23.96,9.56,3.75,5.95,
2026-07-31 13:00:00,6,42.72,42.72,35.2,85.1,23.46,9.47,3.7,6.08,
2026-07-31 14:00:00,6,40.17,40.17,36.2,91.8,22.46,7.81,3.61,6.29,
2026-07-31 15:00:00,6,38.79,38.79,35.0,72.2,20.47,8.65,3.43,6.25,
2026-07-31 16:00:00,6,32.97,32.97,35.0,63.8,17.97,6.55,3.19,5.26,
2026-07-31 17:00:00,6,29.09,29.09,32.9,52.4,14.98,6.57,2.92,4.63,
2026-07-31 18:00:00,6,24.19,24.19,30.6,45.2,11.98,5.48,2.64,4.09,
2026-07-31 19:00:00,6,21.24,21.24,31.5,38.3,9.98,4.67,2.46,4.13,
2026-07-31 20:00:00,6,17.65,17.65,25.3,34.0,7.99,3.74,2.27,3.65,
2026-07-31 21:00:00,6,14.03,14.03,24.6,23.4,5.99,3.02,2.09,2.93,
2026-07-31 22:00:00,6,10.32,10.32,26.4,15.8,3.74,1.95,1.88,2.74,
2026-07-31 23:00:00,6,8.45,8.45,26.9,10.7,2.5,1.84,1.77,2.35,
2026-08-01 00:00:00,6,8.45,8.45,25.8,9.6,2.5,1.75,1.77,2.44,
2026-08-01 01:00:00,6,7.47,7.47,25.5,7.2,2.0,1.55,1.72,2.21,
2026-08-01 02:00:00,6,7.25,7.25,27.2,7.1,1.75,1.34,1.7,2.47,
2026-08-01 03:00:00,6,7.14,7.14,26.6,6.3,1.5,1.47,1.67,2.5,
2026-08-01 04:00:00,6,6.88,6.88,24.7,6.5,1.5,1.35,1.67,2.37,
2026-08-01 05:00:00,6,6.96,6.96,26.5,6.0,1.75,1.33,1.7,2.18,
2026-08-01 06:00:00,6,8.25,8.25,27.1,8.9,2.5,1.6,1.77,2.39,
2026-08-01 07:00:00,6,11.72,11.72,25.5,18.3,4.49,2.63,1.95,2.65,
2026-08-01 08:00:00,6,16.22,16.22,24.6,25.9,6.99,3.59,2.18,3.46,
2026-08-01 09:00:00,6,18.44,18.44,24.9,36.7,8.49,4.0,2.32,3.64,
2026-08-01 10:00:00,6,19.73,19.73,26.4,31.4,8.99,4.37,2.37,4.01,
2026-08-01 11:00:00,6,20.65,20.65,25.1,36.0,9.98,4.43,2.46,3.78,
2026-08-01 12:00:00,6,21.36,21.36,25.0,43.8,10.48,4.2,2.5,4.17,
2026-08-01 13:00:00,6,22.79,22.79,26.3,39.5,10.98,4.88,2.55,4.38,
2026-08-01 14:00:00,6,22.04,22.04,26.9,39.3,10.48,4.69,2.5,4.36,
2026-08-01 15:00:00,6,20.57,20.57,25.6,42.9,9.98,4.46,2.46,3.67,
2026-08-01 16:00:00,6,19.35,19.35,25.2,32.1,8.99,4.09,2.37,3.91,
2026-08-01 17:00:00,6,16.4,16.4,25.8,30.7,7.49,3.24,2.23,3.44,
2026-08-01 18:00:00,6,14.07,14.07,26.3,20.4,5.99,2.86,2.09,3.13,
2026-08-01 19:00:00,6,12.88,12.88,26.6,21.5,4.99,2.76,2.0,3.12,
2026-08-01 20:00:00,6,10.88,10.88,25.2,14.5,3.99,2.21,1.9,2.77,
2026-08-01 21:00:00,6,9.3,9.3,27.4,12.6,3.24,1.82,1.84,2.39,
2026-08-01 22:00:00,6,8.82,8.82,27.4,9.5,2.75,1.7,1.79,2.59,
2026-08-01 23:00:00,6,8.31,8.31,26.9,8.8,2.5,1.73,1.77,2.32,
2026-08-02 00:00:00,6,8.33,8.33,27.1,9.5,2.5,1.59,1.77,2.48,
2026-08-02 01:00:00,6,7.93,7.93,25.0,7.0,2.0,1.6,1.72,2.61,
2026-08-02 02:00:00,6,7.48,7.48,27.4,6.3,1.75,1.6,1.7,2.43,
2026-08-02 03:00:00,6,6.9,6.9,26.4,5.4,1.5,1.27,1.67,2.46,
2026-08-02 04:00:00,6,6.93,6.93,26.5,6.4,1.5,1.36,1.67,2.39,
2026-08-02 05:00:00,6,7.33,7.33,25.3,7.5,1.75,1.55,1.7,2.34,
2026-08-02 06:00:00,6,8.2,8.2,25.5,10.4,2.5,1.6,1.77,2.34,
2026-08-02 07:00:00,6,11.62,11.62,27.4,16.3,4.49,2.51,1.95,2.66,
2026-08-02 08:00:00,6,15.88,15.88,27.4,30.2,6.99,3.29,2.18,3.42,
2026-08-02 09:00:00,6,18.49,18.49,26.8,31.4,8.49,4.18,2.32,3.5,
2026-08-02 10:00:00,6,19.25,19.25,27.5,38.3,8.99,4.03,2.37,3.87,
2026-08-02 11:00:00,6,20.72,20.72,26.5,40.9,9.98,4.63,2.46,3.65,
2026-08-02 12:00:00,6,21.62,21.62,27.4,40.0,10.48,4.38,2.5,4.25,
2026-08-02 13:00:00,6,22.14,22.14,26.4,48.3,10.98,4.4,2.55,4.21,
2026-08-02 14:00:00,6,22.06,22.06,27.2,38.2,10.48,4.85,2.5,4.22,
2026-08-02 15:00:00,6,20.4,20.4,25.9,42.0,9.98,3.95,2.46,4.01,
2026-08-02 16:00:00,6,19.17,19.17,26.1,33.0,8.99,4.12,2.37,3.7,
2026-08-02 17:00:00,6,16.46,16.46,24.8,27.3,7.49,3.45,2.23,3.3,
2026-08-02 18:00:00,6,14.42,14.42,27.1,26.1,5.99,3.1,2.09,3.24,
2026-08-02 19:00:00,6,12.45,12.45,25.5,17.1,4.99,2.67,2.0,2.79,
2026-08-02 20:00:00,6,10.87,10.87,25.7,15.2,3.99,2.05,1.9,2.93,
2026-08-02 21:00:00,6,9.81,9.81,26.5,11.8,3.24,2.12,1.84,2.61,
2026-08-02 22:00:00,6,9.11,9.11,25.6,9.5,2.75,1.9,1.79,2.68,
2026-08-02 23:00:00,6,8.65,8.65,24.6,9.3,2.5,1.75,1.77,2.64,
2026-08-03 00:00:00,6,7.59,7.59,27.3,8.1,2.0,1.51,1.72,2.36,
2026-08-03 01:00:00,6,7.47,7.47,26.7,6.1,1.75,1.49,1.7,2.54,
2026-08-03 02:00:00,6,6.92,6.92,25.5,5.7,1.5,1.25,1.67,2.5,
2026-08-03 03:00:00,6,6.75,6.75,24.8,6.2,1.5,1.41,1.67,2.17,
2026-08-03 04:00:00,6,6.67,6.67,25.5,5.9,1.5,1.34,1.67,2.15,
2026-08-03 05:00:00,6,8.23,8.23,25.9,8.5,2.5,1.6,1.77,2.36,
2026-08-03 06:00:00,6,16.35,16.35,28.8,26.7,7.49,3.12,2.23,3.51,
2026-08-03 07:00:00,6,27.85,27.85,30.8,50.7,14.48,6.14,2.87,4.36,
2026-08-03 08:00:00,6,36.49,36.49,31.0,84.6,19.47,7.71,3.33,5.97,
2026-08-03 09:00:00,6,40.03,40.03,32.5,95.6,21.96,8.3,3.56,6.19,
2026-08-03 10:00:00,6,41.92,41.92,34.1,87.5,22.96,8.93,3.66,6.37,
2026-08-03 11:00:00,6,42.96,42.96,33.6,84.7,23.71,9.05,3.72,6.46,
2026-08-03 12:00:00,6,43.41,43.41,33.6,96.0,23.96,9.65,3.75,6.05,
2026-08-03 13:00:00,6,42.33,42.33,35.5,95.8,23.46,8.14,3.7,7.03,
2026-08-03 14:00:00,6,40.99,40.99,35.4,98.2,22.46,8.7,3.61,6.22,
2026-08-03 15:00:00,6,38.77,38.77,34.5,76.9,20.47,8.49,3.43,6.39,
2026-08-03 16:00:00,6,34.43,34.43,35.0,73.5,17.97,7.65,3.19,5.62,
2026-08-03 17:00:00,6,28.55,28.55,32.2,52.7,14.98,5.55,2.92,5.1,
2026-08-03 18:00:00,6,24.51,24.51,31.1,43.1,11.98,5.47,2.64,4.42,
2026-08-03 19:00:00,6,20.09,20.09,31.2,40.4,9.98,4.04,2.46,3.61,
2026-08-03 20:00:00,6,17.34,17.34,24.6,28.2,7.99,3.32,2.27,3.76,
2026-08-03 21:00:00,6,14.4,14.4,26.8,23.3,5.99,2.87,2.09,3.46,
2026-08-03 22:00:00,6,10.68,10.68,26.2,14.5,3.74,2.34,1.88,2.71,
2026-08-03 23:00:00,6,8.48,8.48,26.6,8.5,2.5,1.7,1.77,2.52,
2026-08-04 00:00:00,6,7.69,7.69,25.7,7.4,2.0,1.61,1.72,2.36,
2026-08-04 01:00:00,6,7.48,7.48,25.7,7.0,1.75,1.5,1.7,2.54,
2026-08-04 02:00:00,6,6.89,6.89,27.2,5.2,1.5,1.47,1.67,2.25,
2026-08-04 03:00:00,6,6.89,6.89,25.5,6.1,1.5,1.25,1.67,2.46,
2026-08-04 04:00:00,6,6.9,6.9,24.6,5.7,1.5,1.34,1.67,2.39,
2026-08-04 05:00:00,6,8.8,8.8,25.9,8.6,2.5,1.81,1.77,2.72,
2026-08-04 06:00:00,6,16.88,16.88,29.2,30.1,7.49,3.78,2.23,3.39,
2026-08-04 07:00:00,6,27.8,27.8,29.2,58.5,14.48,6.05,2.87,4.4,
2026-08-04 08:00:00,6,35.86,35.86,32.2,70.6,19.47,7.16,3.33,5.91,
2026-08-04 09:00:00,6,39.42,39.42,33.0,90.6,21.96,7.92,3.56,5.97,
2026-08-04 10:00:00,6,41.25,41.25,32.7,81.9,22.96,8.66,3.66,5.97,
2026-08-04 11:00:00,6,43.78,43.78,33.8,100.0,23.71,9.71,3.72,6.63,
2026-08-04 12:00:00,6,43.6,43.6,36.1,96.5,23.96,9.27,3.75,6.62,
2026-08-04 13:00:00,6,43.24,43.24,34.5,89.1,23.46,9.75,3.7,6.33,
2026-08-04 14:00:00,6,40.37,40.37,34.7,83.2,22.46,8.35,3.61,5.95,
2026-08-04 15:00:00,6,37.88,37.88,35.6,88.6,20.47,8.34,3.43,5.65,
2026-08-04 16:00:00,6,34.34,34.34,33.0,62.5,17.97,7.65,3.19,5.52,
2026-08-04 17:00:00,6,29.13,29.13,32.4,64.9,14.98,6.16,2.92,5.08,
2026-08-04 18:00:00,6,24.07,24.07,30.8,49.3,11.98,5.37,2.64,4.08,
2026-08-04 19:00:00,6,21.28,21.28,30.2,36.3,9.98,4.65,2.46,4.19,
2026-08-04 20:00:00,6,17.65,17.65,25.3,31.4,7.99,3.76,2.27,3.63,
2026-08-04 21:00:00,6,13.79,13.79,26.2,21.3,5.99,2.67,2.09,3.04,
2026-08-04 22:00:00,6,10.73,10.73,25.8,15.0,3.74,2.15,1.88,2.96,
2026-08-04 23:00:00,6,8.62,8.62,27.5,10.2,2.5,1.74,1.77,2.62,
2026-08-05 00:00:00,6,7.47,7.47,26.1,8.5,2.0,1.48,1.72,2.27,
2026-08-05 01:00:00,6,7.41,7.41,24.8,6.0,1.75,1.58,1.7,2.38,
2026-08-05 02:00:00,6,6.74,6.74,24.9,6.1,1.5,1.28,1.67,2.29,
2026-08-05 03:00:00,6,6.97,6.97,24.6,5.6,1.5,1.49,1.67,2.31,
2026-08-05 04:00:00,6,6.87,6.87,25.1,6.0,1.5,1.46,1.67,2.24,
2026-08-05 05:00:00,6,8.41,8.41,25.9,10.0,2.5,1.85,1.77,2.3,
2026-08-05 06:00:00,6,16.4,16.4,28.2,25.8,7.49,3.3,2.23,3.38,
2026-08-05 07:00:00,6,27.66,27.66,29.7,62.8,14.48,5.46,2.87,4.85,
2026-08-05 08:00:00,6,35.81,35.81,31.8,82.3,19.47,7.06,3.33,5.95,
2026-08-05 09:00:00,6,39.79,39.79,32.3,77.8,21.96,7.81,3.56,6.44,
2026-08-05 10:00:00,6,42.45,42.45,33.6,97.9,22.96,9.45,3.66,6.38,
2026-08-05 11:00:00,6,43.31,43.31,34.7,85.3,23.71,9.22,3.72,6.65,
2026-08-05 12:00:00,6,43.41,43.41,35.9,100.0,23.96,9.26,3.75,6.44,
2026-08-05 13:00:00,6,43.36,43.36,35.9,100.0,23.46,9.18,3.7,7.01,
2026-08-05 14:00:00,6,40.31,40.31,34.1,84.6,22.46,8.29,3.61,5.95,
2026-08-05 15:00:00,6,36.73,36.73,33.9,77.7,20.47,7.29,3.43,5.55,
2026-08-05 16:00:00,6,33.98,33.98,33.8,67.9,17.97,7.63,3.19,5.18,
2026-08-05 17:00:00,6,28.53,28.53,31.8,63.4,14.98,5.63,2.92,5.0,
2026-08-05 18:00:00,6,23.57,23.57,30.5,51.1,11.98,4.71,2.64,4.24,
2026-08-05 19:00:00,6,20.42,20.42,29.4,38.1,9.98,4.45,2.46,3.52,
2026-08-05 20:00:00,6,17.47,17.47,25.2,30.8,7.99,3.69,2.27,3.52,
2026-08-05 21:00:00,6,14.3,14.3,26.6,25.2,5.99,2.88,2.09,3.35,
2026-08-05 22:00:00,6,10.9,10.9,27.0,12.9,3.74,2.29,1.88,2.99,
2026-08-05 23:00:00,6,8.65,8.65,26.5,10.3,2.5,1.87,1.77,2.52,
2026-08-06 00:00:00,6,7.64,7.64,25.3,8.3,2.0,1.7,1.72,2.23,
2026-08-06 01:00:00,6,7.3,7.3,26.9,6.1,1.75,1.52,1.7,2.34,
2026-08-06 02:00:00,6,7.01,7.01,27.2,5.2,1.5,1.32,1.67,2.53,
2026-08-06 03:00:00,6,6.61,6.61,25.4,6.4,1.5,1.26,1.67,2.17,
2026-08-06 04:00:00,6,6.82,6.82,26.9,6.4,1.5,1.51,1.67,2.14,
2026-08-06 05:00:00,6,8.35,8.35,26.9,10.0,2.5,1.65,1.77,2.43,
2026-08-06 06:00:00,6,16.93,16.93,28.0,31.1,7.49,3.61,2.23,3.6,
2026-08-06 07:00:00,6,28.01,28.01,31.1,52.2,14.48,5.44,2.87,5.21,
2026-08-06 08:00:00,6,35.12,35.12,32.0,70.9,19.47,7.05,3.33,5.27,
2026-08-06 09:00:00,6,40.13,40.13,32.4,96.6,21.96,7.99,3.56,6.62,
2026-08-06 10:00:00,6,41.3,41.3,32.9,83.2,22.96,8.38,3.66,6.3,
2026-08-06 11:00:00,6,43.21,43.21,33.1,97.2,23.71,9.38,3.72,6.39,
2026-08-06 12:00:00,6,42.97,42.97,34.7,100.0,23.96,8.26,3.75,7.0,
2026-08-06 13:00:00,6,43.11,43.11,33.9,91.1,23.46,9.18,3.7,6.76,
2026-08-06 14:00:00,6,39.92,39.92,34.3,96.7,22.46,7.87,3.61,5.97,
2026-08-06 15:00:00,6,38.03,38.03,34.0,70.8,20.47,8.65,3.43,5.49,
2026-08-06 16:00:00,6,34.38,34.38,32.9,71.7,17.97,7.47,3.19,5.74,
2026-08-06 17:00:00,6,28.91,28.91,31.8,51.4,14.98,5.77,2.92,5.24,
2026-08-06 18:00:00,6,23.91,23.91,32.5,41.4,11.98,5.05,2.64,4.24,
2026-08-06 19:00:00,6,21.16,21.16,31.7,42.0,9.98,4.59,2.46,4.13,
2026-08-06 20:00:00,6,17.14,17.14,27.3,27.3,7.99,3.6,2.27,3.28,
2026-08-06 21:00:00,6,14.28,14.28,25.0,25.2,5.99,2.82,2.09,3.38,
2026-08-06 22:00:00,6,10.83,10.83,24.7,15.8,3.74,2.26,1.88,2.95,
2026-08-06 23:00:00,6,8.6,8.6,25.3,10.7,2.5,1.72,1.77,2.62,
2026-08-07 00:00:00,6,7.8,7.8,24.8,8.6,2.0,1.6,1.72,2.48,
2026-08-07 01:00:00,6,7.28,7.28,25.5,6.4,1.75,1.35,1.7,2.48,
2026-08-07 02:00:00,6,6.76,6.76,26.3,6.4,1.5,1.5,1.67,2.09,
2026-08-07 03:00:00,6,7.06,7.06,25.6,5.9,1.5,1.39,1.67,2.49,
2026-08-07 04:00:00,6,6.81,6.81,25.0,6.1,1.5,1.42,1.67,2.22,
2026-08-07 05:00:00,6,8.41,8.41,27.1,8.7,2.5,1.61,1.77,2.54,
2026-08-07 06:00:00,6,16.65,16.65,29.9,29.9,7.49,3.59,2.23,3.35,
2026-08-07 07:00:00,6,27.69,27.69,31.1,53.4,14.48,5.59,2.87,4.75,
2026-08-07 08:00:00,6,36.21,36.21,32.3,84.8,19.47,7.58,3.33,5.83,
2026-08-07 09:00:00,6,39.05,39.05,32.6,91.7,21.96,7.75,3.56,5.77,
2026-08-07 10:00:00,6,41.02,41.02,32.6,80.2,22.96,8.01,3.66,6.38,
2026-08-07 11:00:00,6,43.98,43.98,35.8,81.7,23.71,9.43,3.72,7.11,
2026-08-07 12:00:00,6,43.26,43.26,35.0,100.0,23.96,9.6,3.75,5.94,
2026-08-07 13:00:00,6,42.28,42.28,36.2,100.0,23.46,8.22,3.7,6.89,
2026-08-07 14:00:00,6,41.67,41.67,35.9,87.4,22.46,8.97,3.61,6.62,
2026-08-07 15:00:00,6,37.58,37.58,35.7,82.0,20.47,7.71,3.43,5.98,
2026-08-07 16:00:00,6,33.55,33.55,34.0,65.7,17.97,6.88,3.19,5.51,
2026-08-07 17:00:00,6,27.92,27.92,33.4,64.5,14.98,5.58,2.92,4.45,
2026-08-07 18:00:00,6,24.57,24.57,30.6,51.7,11.98,5.46,2.64,4.49,
2026-08-07 19:00:00,6,20.01,20.01,29.6,39.6,9.98,4.05,2.46,3.52,
2026-08-07 20:00:00,6,16.9,16.9,27.1,28.4,7.99,3.35,2.27,3.29,
2026-08-07 21:00:00,6,14.26,14.26,26.5,24.5,5.99,2.8,2.09,3.38,
2026-08-07 22:00:00,6,10.81,10.81,25.6,16.3,3.74,2.34,1.88,2.85,
2026-08-07 23:00:00,6,8.61,8.61,24.5,9.8,2.5,1.62,1.77,2.72,
2026-08-08 00:00:00,6,8.38,8.38,25.4,9.6,2.5,1.87,1.77,2.25,
2026-08-08 01:00:00,6,7.71,7.71,26.0,7.8,2.0,1.56,1.72,2.43,
2026-08-08 02:00:00,6,6.96,6.96,25.5,6.4,1.75,1.33,1.7,2.19,
2026-08-08 03:00:00,6,6.82,6.82,27.1,6.0,1.5,1.35,1.67,2.3,
2026-08-08 04:00:00,6,6.81,6.81,25.5,6.0,1.5,1.49,1.67,2.16,
2026-08-08 05:00:00,6,7.48,7.48,26.5,6.8,1.75,1.51,1.7,2.53,
2026-08-08 06:00:00,6,8.6,8.6,25.7,10.1,2.5,1.63,1.77,2.71,
2026-08-08 07:00:00,6,11.42,11.42,26.3,16.7,4.49,2.29,1.95,2.68,
2026-08-08 08:00:00,6,15.75,15.75,27.3,27.1,6.99,3.48,2.18,3.11,
2026-08-08 09:00:00,6,18.44,18.44,25.6,30.2,8.49,3.74,2.32,3.89,
2026-08-08 10:00:00,6,19.01,19.01,25.5,31.4,8.99,4.22,2.37,3.44,
2026-08-08 11:00:00,6,20.76,20.76,26.5,39.7,9.98,4.69,2.46,3.63,
2026-08-08 12:00:00,6,22.22,22.22,25.4,36.4,10.48,4.87,2.5,4.35,
2026-08-08 13:00:00,6,21.81,21.81,26.8,39.8,10.98,4.34,2.55,3.94,
2026-08-08 14:00:00,6,21.33,21.33,26.8,43.1,10.48,4.4,2.5,3.94,
2026-08-08 15:00:00,6,20.29,20.29,25.9,41.2,9.98,4.02,2.46,3.83,
2026-08-08 16:00:00,6,19.5,19.5,27.0,37.1,8.99,4.1,2.37,4.05,
2026-08-08 17:00:00,6,16.32,16.32,24.6,28.3,7.49,3.34,2.23,3.26,
2026-08-08 18:00:00,6,13.94,13.94,26.0,24.3,5.99,2.97,2.09,2.89,
2026-08-08 19:00:00,6,12.77,12.77,25.1,17.5,4.99,2.67,2.0,3.11,
2026-08-08 20:00:00,6,11.12,11.12,24.6,14.7,3.99,2.26,1.9,2.96,
2026-08-08 21:00:00,6,9.6,9.6,26.6,11.6,3.24,2.11,1.84,2.41,
2026-08-08 22:00:00,6,9.15,9.15,27.1,9.6,2.75,1.93,1.79,2.68,
2026-08-08 23:00:00,6,8.72,8.72,25.6,9.2,2.5,1.78,1.77,2.68,
2026-08-09 00:00:00,6,8.63,8.63,26.6,9.8,2.5,1.86,1.77,2.51,
2026-08-09 01:00:00,6,7.37,7.37,26.1,8.8,2.0,1.49,1.72,2.16,
2026-08-09 02:00:00,6,7.23,7.23,26.8,6.1,1.75,1.42,1.7,2.37,
2026-08-09 03:00:00,6,6.63,6.63,24.7,5.6,1.5,1.33,1.67,2.13,
2026-08-09 04:00:00,6,6.79,6.79,27.0,5.1,1.5,1.46,1.67,2.15,
2026-08-09 05:00:00,6,7.32,7.32,27.3,7.6,1.75,1.47,1.7,2.41,
2026-08-09 06:00:00,6,8.62,8.62,25.9,10.6,2.5,1.74,1.77,2.62,
2026-08-09 07:00:00,6,11.83,11.83,27.4,18.2,4.49,2.31,1.95,3.07,
2026-08-09 08:00:00,6,15.49,15.49,26.7,29.2,6.99,3.03,2.18,3.29,
2026-08-09 09:00:00,6,18.06,18.06,24.9,31.4,8.49,3.56,2.32,3.7,
2026-08-09 10:00:00,6,18.44,18.44,26.6,34.5,8.99,3.69,2.37,3.39,
2026-08-09 11:00:00,6,20.11,20.11,25.0,37.1,9.98,3.94,2.46,3.73,
2026-08-09 12:00:00,6,21.43,21.43,26.3,41.3,10.48,4.76,2.5,3.68,
2026-08-09 13:00:00,6,22.73,22.73,26.7,47.7,10.98,5.05,2.55,4.14,
2026-08-09 14:00:00,6,21.39,21.39,27.1,44.8,10.48,4.12,2.5,4.28,
2026-08-09 15:00:00,6,20.66,20.66,25.8,42.3,9.98,4.24,2.46,3.98,
2026-08-09 16:00:00,6,18.89,18.89,27.4,33.1,8.99,4.13,2.37,3.41,
2026-08-09 17:00:00,6,16.36,16.36,25.0,30.7,7.49,3.19,2.23,3.46,
2026-08-09 18:00:00,6,13.81,13.81,24.7,25.7,5.99,2.89,2.09,2.84,
2026-08-09 19:00:00,6,11.99,11.99,26.6,17.8,4.99,2.33,2.0,2.66,
2026-08-09 20:00:00,6,10.76,10.76,27.3,16.6,3.99,2.26,1.9,2.6,
2026-08-09 21:00:00,6,9.57,9.57,25.7,13.9,3.24,1.79,1.84,2.7,
2026-08-09 22:00:00,6,8.81,8.81,25.5,9.8,2.75,1.72,1.79,2.55,
2026-08-09 23:00:00,6,8.65,8.65,25.2,10.3,2.5,1.88,1.77,2.51,
2026-08-10 00:00:00,6,7.6,7.6,25.0,7.6,2.0,1.65,1.72,2.23,
2026-08-10 01:00:00,6,7.11,7.11,26.8,7.3,1.75,1.34,1.7,2.32,
2026-08-10 02:00:00,6,7.06,7.06,26.1,5.7,1.5,1.47,1.67,2.42,
2026-08-10 03:00:00,6,6.79,6.79,27.3,6.4,1.5,1.29,1.67,2.32,
2026-08-10 04:00:00,6,7.03,7.03,27.2,6.4,1.5,1.38,1.67,2.48,
2026-08-10 05:00:00,6,8.53,8.53,26.5,10.7,2.5,1.63,1.77,2.64,
2026-08-10 06:00:00,6,16.69,16.69,28.7,31.1,7.49,3.46,2.23,3.52,
2026-08-10 07:00:00,6,28.69,28.69,31.5,63.3,14.48,6.36,2.87,4.98,
2026-08-10 08:00:00,6,35.73,35.73,32.4,69.8,19.47,7.53,3.33,5.4,
2026-08-10 09:00:00,6,40.07,40.07,32.9,96.0,21.96,7.8,3.56,6.74,
2026-08-10 10:00:00,6,41.91,41.91,32.8,93.5,22.96,9.33,3.66,5.96,
2026-08-10 11:00:00,6,42.32,42.32,33.6,95.2,23.71,8.34,3.72,6.54,
2026-08-10 12:00:00,6,42.71,42.71,34.9,100.0,23.96,8.88,3.75,6.12,
2026-08-10 13:00:00,6,41.77,41.77,35.7,97.0,23.46,8.2,3.7,6.41,
2026-08-10 14:00:00,6,41.12,41.12,35.5,93.7,22.46,9.4,3.61,5.65,
2026-08-10 15:00:00,6,37.71,37.71,35.8,79.6,20.47,7.77,3.43,6.05,
2026-08-10 16:00:00,6,33.56,33.56,33.5,72.5,17.97,6.9,3.19,5.49,
2026-08-10 17:00:00,6,28.44,28.44,31.3,64.5,14.98,6.09,2.92,4.45,
2026-08-10 18:00:00,6,24.28,24.28,32.1,44.0,11.98,5.28,2.64,4.38,
2026-08-10 19:00:00,6,20.55,20.55,30.2,38.4,9.98,4.24,2.46,3.87,
2026-08-10 20:00:00,6,17.69,17.69,26.0,28.1,7.99,3.97,2.27,3.46,
2026-08-10 21:00:00,6,14.06,14.06,27.1,24.3,5.99,2.96,2.09,3.02,
2026-08-10 22:00:00,6,10.85,10.85,26.5,13.4,3.74,2.24,1.88,2.99,
2026-08-10 23:00:00,6,8.37,8.37,27.0,8.9,2.5,1.69,1.77,2.42,
2026-08-11 00:00:00,6,7.47,7.47,27.4,7.6,2.0,1.52,1.72,2.23,
2026-08-11 01:00:00,6,7.06,7.06,27.1,7.0,1.75,1.35,1.7,2.26,
2026-08-11 02:00:00,6,7.06,7.06,25.1,6.0,1.5,1.41,1.67,2.48,
2026-08-11 03:00:00,6,6.96,6.96,25.0,5.6,1.5,1.41,1.67,2.38,
2026-08-11 04:00:00,6,6.74,6.74,26.4,5.1,1.5,1.37,1.67,2.21,
2026-08-11 05:00:00,6,8.2,8.2,24.9,10.7,2.5,1.56,1.77,2.37,
2026-08-11 06:00:00,6,16.6,16.6,28.9,31.2,7.49,3.4,2.23,3.49,
2026-08-11 07:00:00,6,28.01,28.01,31.8,50.2,14.48,5.8,2.87,4.86,
2026-08-11 08:00:00,6,36.28,36.28,31.6,77.3,19.47,7.68,3.33,5.79,
2026-08-11 09:00:00,6,39.55,39.55,32.2,89.8,21.96,8.05,3.56,5.97,
2026-08-11 10:00:00,6,41.07,41.07,34.0,91.3,22.96,8.65,3.66,5.8,
2026-08-11 11:00:00,6,43.99,43.99,34.4,99.8,23.71,9.62,3.72,6.93,
2026-08-11 12:00:00,6,42.96,42.96,33.7,92.7,23.96,8.77,3.75,6.48,
2026-08-11 13:00:00,6,42.51,42.51,36.3,88.0,23.46,8.8,3.7,6.54,
2026-08-11 14:00:00,6,41.1,41.1,35.8,78.9,22.46,8.43,3.61,6.6,
2026-08-11 15:00:00,6,37.77,37.77,34.5,75.1,20.47,7.66,3.43,6.22,
2026-08-11 16:00:00,6,34.49,34.49,32.7,72.7,17.97,7.52,3.19,5.81,
2026-08-11 17:00:00,6,29.66,29.66,32.2,53.6,14.98,6.45,2.92,5.31,
2026-08-11 18:00:00,6,23.78,23.78,30.6,42.5,11.98,4.97,2.64,4.19,
2026-08-11 19:00:00,6,20.55,20.55,29.7,40.0,9.98,3.94,2.46,4.16,
2026-08-11 20:00:00,6,17.25,17.25,25.0,31.5,7.99,3.45,2.27,3.54,
2026-08-11 21:00:00,6,14.43,14.43,26.8,20.4,5.99,3.16,2.09,3.19,
2026-08-11 22:00:00,6,10.3,10.3,25.1,15.2,3.74,1.96,1.88,2.71,
2026-08-11 23:00:00,6,8.43,8.43,26.5,9.9,2.5,1.64,1.77,2.53,
2026-08-12 00:00:00,6,7.55,7.55,25.9,8.5,2.0,1.63,1.72,2.2,
2026-08-12 01:00:00,6,7.02,7.02,25.5,7.7,1.75,1.39,1.7,2.18,
2026-08-12 02:00:00,6,6.76,6.76,27.4,6.3,1.5,1.5,1.67,2.09,
2026-08-12 03:00:00,6,7.03,7.03,25.1,6.1,1.5,1.44,1.67,2.42,
2026-08-12 04:00:00,6,7.0,7.0,25.7,6.0,1.5,1.48,1.67,2.34,
2026-08-12 05:00:00,6,8.57,8.57,26.4,8.5,2.5,1.89,1.77,2.42,
2026-08-12 06:00:00,6,16.57,16.57,28.4,29.7,7.49,3.64,2.23,3.22,
2026-08-12 07:00:00,6,28.84,28.84,30.1,57.1,14.48,6.28,2.87,5.21,
2026-08-12 08:00:00,6,36.07,36.07,31.4,77.4,19.47,7.61,3.33,5.66,
2026-08-12 09:00:00,6,39.47,39.47,33.4,75.2,21.96,7.82,3.56,6.12,
2026-08-12 10:00:00,6,40.46,40.46,33.4,93.0,22.96,7.99,3.66,5.85,
2026-08-12 11:00:00,6,43.21,43.21,35.2,90.9,23.71,9.78,3.72,6.0,
2026-08-12 12:00:00,6,43.65,43.65,34.0,100.0,23.96,8.8,3.75,7.14,
2026-08-12 13:00:00,6,41.75,41.75,33.9,93.9,23.46,8.16,3.7,6.42,
2026-08-12 14:00:00,6,41.6,41.6,35.3,98.0,22.46,8.74,3.61,6.79,
2026-08-12 15:00:00,6,36.86,36.86,35.4,77.4,20.47,7.63,3.43,5.33,
2026-08-12 16:00:00,6,33.55,33.55,32.6,75.2,17.97,6.54,3.19,5.85,
2026-08-12 17:00:00,6,28.58,28.58,33.1,57.5,14.98,6.02,2.92,4.66,
2026-08-12 18:00:00,6,24.07,24.07,31.4,42.9,11.98,5.45,2.64,4.0,
2026-08-12 19:00:00,6,20.52,20.52,30.7,37.3,9.98,4.07,2.46,4.0,
2026-08-12 20:00:00,6,17.07,17.07,26.5,30.7,7.99,3.29,2.27,3.52,
2026-08-12 21:00:00,6,14.3,14.3,25.9,22.7,5.99,2.96,2.09,3.26,
2026-08-12 22:00:00,6,10.46,10.46,25.5,15.0,3.74,2.2,1.88,2.63,
2026-08-12 23:00:00,6,8.25,8.25,24.8,10.6,2.5,1.64,1.77,2.35,
2026-08-13 00:00:00,6,7.71,7.71,24.5,8.5,2.0,1.7,1.72,2.29,
2026-08-13 01:00:00,6,7.31,7.31,26.7,6.3,1.75,1.37,1.7,2.5,
2026-08-13 02:00:00,6,6.87,6.87,27.2,5.2,1.5,1.45,1.67,2.25,
2026-08-13 03:00:00,6,6.77,6.77,26.5,6.5,1.5,1.5,1.67,2.1,
2026-08-13 04:00:00,6,7.03,7.03,26.7,5.8,1.5,1.5,1.67,2.36,
2026-08-13 05:00:00,6,8.49,8.49,26.4,9.7,2.5,1.61,1.77,2.62,
2026-08-13 06:00:00,6,16.32,16.32,29.1,29.6,7.49,3.28,2.23,3.32,
2026-08-13 07:00:00,6,27.72,27.72,29.8,59.1,14.48,5.94,2.87,4.43,
2026-08-13 08:00:00,6,36.19,36.19,31.9,72.3,19.47,7.88,3.33,5.51,
2026-08-13 09:00:00,6,40.58,40.58,33.4,81.7,21.96,8.31,3.56,6.74,
2026-08-13 10:00:00,6,40.49,40.49,33.2,86.7,22.96,8.08,3.66,5.79,
2026-08-13 11:00:00,6,43.04,43.04,33.9,82.0,23.71,9.71,3.72,5.9,
2026-08-13 12:00:00,6,43.05,43.05,34.3,83.8,23.96,9.06,3.75,6.28,
2026-08-13 13:00:00,6,42.65,42.65,34.9,97.9,23.46,9.23,3.7,6.25,
2026-08-13 14:00:00,6,41.32,41.32,33.8,86.4,22.46,8.69,3.61,6.55,
2026-08-13 15:00:00,6,38.13,38.13,35.1,72.0,20.47,8.41,3.43,5.83,
2026-08-13 16:00:00,6,34.16,34.16,33.3,66.6,17.97,7.52,3.19,5.48,
2026-08-13 17:00:00,6,28.98,28.98,31.8,55.3,14.98,6.53,2.92,4.55,
2026-08-13 18:00:00,6,23.7,23.7,31.1,46.7,11.98,5.05,2.64,4.04,
2026-08-13 19:00:00,6,20.52,20.52,29.2,36.2,9.98,3.96,2.46,4.12,
2026-08-13 20:00:00,6,17.81,17.81,26.6,29.1,7.99,3.73,2.27,3.82,
2026-08-13 21:00:00,6,13.87,13.87,27.4,23.0,5.99,2.67,2.09,3.13,
2026-08-13 22:00:00,6,10.45,10.45,26.1,13.4,3.74,2.34,1.88,2.49,
2026-08-13 23:00:00,6,8.22,8.22,26.9,9.7,2.5,1.72,1.77,2.24,
2026-08-14 00:00:00,6,7.4,7.4,27.0,7.7,2.0,1.5,1.72,2.18,
2026-08-14 01:00:00,6,7.12,7.12,25.0,6.7,1.75,1.41,1.7,2.26,
2026-08-14 02:00:00,6,6.91,6.91,26.5,6.5,1.5,1.45,1.67,2.29,
2026-08-14 03:00:00,6,6.77,6.77,26.9,5.9,1.5,1.27,1.67,2.33,
2026-08-14 04:00:00,6,6.75,6.75,24.8,5.7,1.5,1.38,1.67,2.2,
2026-08-14 05:00:00,6,8.53,8.53,27.1,9.7,2.5,1.81,1.77,2.46,
2026-08-14 06:00:00,6,16.87,16.87,28.6,26.7,7.49,3.67,2.23,3.49,
2026-08-14 07:00:00,6,27.53,27.53,29.0,53.8,14.48,5.53,2.87,4.65,
2026-08-14 08:00:00,6,36.83,36.83,31.9,77.5,19.47,8.19,3.33,5.83,
2026-08-14 09:00:00,6,40.02,40.02,32.5,96.2,21.96,8.2,3.56,6.29,
2026-08-14 10:00:00,6,41.62,41.62,33.9,96.4,22.96,9.15,3.66,5.85,
2026-08-14 11:00:00,6,43.06,43.06,34.5,93.9,23.71,9.04,3.72,6.59,
2026-08-14 12:00:00,6,44.46,44.46,34.9,87.2,23.96,9.95,3.75,6.8,
2026-08-14 13:00:00,6,42.54,42.54,34.0,96.5,23.46,9.06,3.7,6.32,
2026-08-14 14:00:00,6,40.14,40.14,34.9,96.9,22.46,8.07,3.61,5.99,
2026-08-14 15:00:00,6,37.92,37.92,33.7,88.9,20.47,8.39,3.43,5.64,
2026-08-14 16:00:00,6,34.14,34.14,34.4,77.4,17.97,7.33,3.19,5.65,
2026-08-14 17:00:00,6,29.22,29.22,33.0,57.6,14.98,6.12,2.92,5.2,
2026-08-14 18:00:00,6,23.92,23.92,32.6,51.5,11.98,4.84,2.64,4.45,
2026-08-14 19:00:00,6,21.23,21.23,29.9,39.2,9.98,4.7,2.46,4.09,
2026-08-14 20:00:00,6,17.11,17.11,27.0,27.6,7.99,3.37,2.27,3.48,
2026-08-14 21:00:00,6,14.48,14.48,26.3,24.8,5.99,3.0,2.09,3.39,
2026-08-14 22:00:00,6,10.54,10.54,27.0,15.9,3.74,2.3,1.88,2.61,
2026-08-14 23:00:00,6,8.59,8.59,26.1,10.1,2.5,1.87,1.77,2.46,
2026-08-15 00:00:00,6,8.46,8.46,24.7,8.5,2.5,1.67,1.77,2.53,
2026-08-15 01:00:00,6,7.95,7.95,25.4,8.7,2.0,1.69,1.72,2.54,
2026-08-15 02:00:00,6,7.17,7.17,26.9,7.3,1.75,1.38,1.7,2.34,
2026-08-15 03:00:00,6,6.83,6.83,27.1,5.9,1.5,1.35,1.67,2.31,
2026-08-15 04:00:00,6,6.76,6.76,24.7,6.2,1.5,1.42,1.67,2.16,
2026-08-15 05:00:00,6,7.18,7.18,26.0,7.3,1.75,1.57,1.7,2.16,
2026-08-15 06:00:00,6,8.64,8.64,24.7,9.1,2.5,1.9,1.77,2.48,
2026-08-15 07:00:00,6,11.97,11.97,26.1,16.5,4.49,2.62,1.95,2.91,
2026-08-15 08:00:00,6,16.08,16.08,27.2,24.0,6.99,3.48,2.18,3.44,
2026-08-15 09:00:00,6,18.53,18.53,27.1,36.1,8.49,3.86,2.32,3.87,
2026-08-15 10:00:00,6,19.0,19.0,27.0,34.6,8.99,4.04,2.37,3.61,
2026-08-15 11:00:00,6,21.09,21.09,24.9,42.6,9.98,4.69,2.46,3.96,
2026-08-15 12:00:00,6,21.37,21.37,25.2,44.0,10.48,4.12,2.5,4.25,
2026-08-15 13:00:00,6,22.73,22.73,25.4,43.0,10.98,4.9,2.55,4.29,
2026-08-15 14:00:00,6,21.85,21.85,25.9,43.6,10.48,4.73,2.5,4.13,
2026-08-15 15:00:00,6,20.43,20.43,25.1,40.7,9.98,3.91,2.46,4.09,
2026-08-15 16:00:00,6,18.74,18.74,24.9,32.8,8.99,4.04,2.37,3.35,
2026-08-15 17:00:00,6,17.17,17.17,27.4,29.5,7.49,3.7,2.23,3.76,
2026-08-15 18:00:00,6,13.82,13.82,25.4,24.3,5.99,2.83,2.09,2.91,
2026-08-15 19:00:00,6,12.33,12.33,26.7,17.2,4.99,2.36,2.0,2.98,
2026-08-15 20:00:00,6,11.19,11.19,27.0,16.8,3.99,2.41,1.9,2.89,
2026-08-15 21:00:00,6,9.74,9.74,24.6,12.1,3.24,2.14,1.84,2.52,
2026-08-15 22:00:00,6,8.65,8.65,26.6,9.9,2.75,1.66,1.79,2.45,
2026-08-15 23:00:00,6,8.42,8.42,26.6,10.5,2.5,1.73,1.77,2.43,
2026-08-16 00:00:00,6,8.43,8.43,25.7,10.8,2.5,1.58,1.77,2.58,
2026-08-16 01:00:00,6,7.55,7.55,26.0,8.0,2.0,1.58,1.72,2.25,
2026-08-16 02:00:00,6,7.38,7.38,25.2,7.0,1.75,1.53,1.7,2.4,
2026-08-16 03:00:00,6,7.14,7.14,26.1,6.6,1.5,1.51,1.67,2.46,
2026-08-16 04:00:00,6,6.96,6.96,25.8,5.7,1.5,1.51,1.67,2.28,
2026-08-16 05:00:00,6,7.51,7.51,25.2,7.1,1.75,1.57,1.7,2.5,
2026-08-16 06:00:00,6,8.29,8.29,25.2,9.7,2.5,1.62,1.77,2.41,
2026-08-16 07:00:00,6,11.56,11.56,27.1,15.8,4.49,2.32,1.95,2.8,
2026-08-16 08:00:00,6,15.55,15.55,26.5,24.1,6.99,3.04,2.18,3.34,
2026-08-16 09:00:00,6,18.45,18.45,25.2,33.0,8.49,3.77,2.32,3.87,
2026-08-16 10:00:00,6,19.16,19.16,26.1,34.4,8.99,4.19,2.37,3.62,
2026-08-16 11:00:00,6,20.5,20.5,24.5,43.1,9.98,4.14,2.46,3.91,
2026-08-16 12:00:00,6,21.25,21.25,25.6,38.4,10.48,4.11,2.5,4.16,
2026-08-16 13:00:00,6,22.32,22.32,25.7,37.8,10.98,4.3,2.55,4.49,
2026-08-16 14:00:00,6,21.36,21.36,25.9,45.7,10.48,4.61,2.5,3.76,
2026-08-16 15:00:00,6,20.95,20.95,26.1,42.2,9.98,4.68,2.46,3.83,
2026-08-16 16:00:00,6,19.06,19.06,25.3,39.4,8.99,4.34,2.37,3.37,
2026-08-16 17:00:00,6,16.68,16.68,26.5,29.6,7.49,3.2,2.23,3.76,
2026-08-16 18:00:00,6,14.07,14.07,24.5,21.3,5.99,2.89,2.09,3.1,
2026-08-16 19:00:00,6,12.41,12.41,27.3,19.5,4.99,2.39,2.0,3.04,
2026-08-16 20:00:00,6,10.97,10.97,26.5,15.4,3.99,2.26,1.9,2.81,
2026-08-16 21:00:00,6,9.9,9.9,26.3,13.6,3.24,2.16,1.84,2.67,
2026-08-16 22:00:00,6,8.76,8.76,26.2,9.5,2.75,1.81,1.79,2.41,
2026-08-16 23:00:00,6,8.66,8.66,26.8,10.8,2.5,1.85,1.77,2.55,
2026-08-17 00:00:00,6,7.57,7.57,26.6,6.8,2.0,1.45,1.72,2.4,
2026-08-17 01:00:00,6,7.27,7.27,26.8,6.4,1.75,1.5,1.7,2.32,
2026-08-17 02:00:00,6,6.8,6.8,25.3,5.6,1.5,1.51,1.67,2.12,
2026-08-17 03:00:00,6,6.94,6.94,26.6,6.3,1.5,1.46,1.67,2.32,
2026-08-17 04:00:00,6,6.83,6.83,27.2,5.3,1.5,1.38,1.67,2.28,
2026-08-17 05:00:00,6,8.79,8.79,27.2,8.6,2.5,1.89,1.77,2.64,
2026-08-17 06:00:00,6,16.97,16.97,30.4,32.9,7.49,3.66,2.23,3.6,
2026-08-17 07:00:00,6,28.54,28.54,31.4,61.2,14.48,6.2,2.87,5.0,
2026-08-17 08:00:00,6,35.65,35.65,30.2,72.2,19.47,7.16,3.33,5.69,
2026-08-17 09:00:00,6,40.2,40.2,32.8,76.2,21.96,8.46,3.56,6.22,
2026-08-17 10:00:00,6,42.24,42.24,33.5,95.4,22.96,9.63,3.66,5.99,
2026-08-17 11:00:00,6,43.4,43.4,33.6,90.4,23.71,9.55,3.72,6.42,
2026-08-17 12:00:00,6,43.94,43.94,35.8,83.9,23.96,9.56,3.75,6.67,
2026-08-17 13:00:00,6,43.0,43.0,35.4,82.5,23.46,9.8,3.7,6.04,
2026-08-17 14:00:00,6,41.38,41.38,35.8,96.2,22.46,9.45,3.61,5.86,
2026-08-17 15:00:00,6,36.95,36.95,33.3,72.4,20.47,7.57,3.43,5.48,
2026-08-17 16:00:00,6,33.52,33.52,32.3,65.9,17.97,7.3,3.19,5.05,
2026-08-17 17:00:00,6,29.13,29.13,33.9,64.4,14.98,6.18,2.92,5.06,
2026-08-17 18:00:00,6,23.63,23.63,31.2,46.3,11.98,4.52,2.64,4.49,
2026-08-17 19:00:00,6,20.97,20.97,29.0,34.6,9.98,4.48,2.46,4.05,
2026-08-17 20:00:00,6,17.22,17.22,27.0,29.4,7.99,3.68,2.27,3.28,
2026-08-17 21:00:00,6,14.45,14.45,25.6,25.1,5.99,3.14,2.09,3.24,
2026-08-17 22:00:00,6,10.34,10.34,24.7,14.6,3.74,2.21,1.88,2.5,
2026-08-17 23:00:00,6,8.59,8.59,26.4,8.9,2.5,1.81,1.77,2.51,
2026-08-18 00:00:00,6,7.73,7.73,25.9,8.0,2.0,1.63,1.72,2.38,
2026-08-18 01:00:00,6,7.4,7.4,26.7,7.7,1.75,1.58,1.7,2.38,
2026-08-18 02:00:00,6,6.73,6.73,25.1,5.4,1.5,1.27,1.67,2.3,
2026-08-18 03:00:00,6,6.69,6.69,25.4,5.3,1.5,1.32,1.67,2.19,
2026-08-18 04:00:00,6,6.74,6.74,27.2,6.1,1.5,1.3,1.67,2.26,
2026-08-18 05:00:00,6,8.17,8.17,24.8,10.6,2.5,1.57,1.77,2.33,
2026-08-18 06:00:00,6,16.53,16.53,28.6,28.7,7.49,3.59,2.23,3.23,
2026-08-18 07:00:00,6,28.03,28.03,30.3,51.5,14.48,5.76,2.87,4.93,
2026-08-18 08:00:00,6,35.03,35.03,30.6,84.5,19.47,7.07,3.33,5.16,
2026-08-18 09:00:00,6,40.19,40.19,33.0,91.9,21.96,8.02,3.56,6.64,
2026-08-18 10:00:00,6,41.52,41.52,33.4,81.3,22.96,8.94,3.66,5.96,
2026-08-18 11:00:00,6,42.06,42.06,35.8,94.6,23.71,8.18,3.72,6.44,
2026-08-18 12:00:00,6,42.32,42.32,35.2,82.3,23.96,8.42,3.75,6.2,
2026-08-18 13:00:00,6,42.81,42.81,34.5,98.7,23.46,9.82,3.7,5.83,
2026-08-18 14:00:00,6,40.57,40.57,34.7,90.3,22.46,7.93,3.61,6.57,
2026-08-18 15:00:00,6,36.72,36.72,33.0,79.0,20.47,7.41,3.43,5.41,
2026-08-18 16:00:00,6,33.01,33.01,33.8,68.1,17.97,6.43,3.19,5.41,
2026-08-18 17:00:00,6,28.47,28.47,33.9,60.8,14.98,6.04,2.92,4.53,
2026-08-18 18:00:00,6,24.08,24.08,30.2,50.7,11.98,4.83,2.64,4.63,
2026-08-18 19:00:00,6,21.3,21.3,31.2,41.4,9.98,4.57,2.46,4.29,
2026-08-18 20:00:00,6,17.96,17.96,24.8,28.5,7.99,3.85,2.27,3.85,
2026-08-18 21:00:00,6,13.86,13.86,25.9,20.4,5.99,2.79,2.09,2.98,
2026-08-18 22:00:00,6,10.79,10.79,24.7,16.4,3.74,2.3,1.88,2.86,
2026-08-18 23:00:00,6,8.46,8.46,25.4,10.5,2.5,1.87,1.77,2.33,
2026-08-19 00:00:00,6,7.44,7.44,24.9,8.1,2.0,1.4,1.72,2.32,
2026-08-19 01:00:00,6,7.17,7.17,25.1,7.0,1.75,1.54,1.7,2.18,
2026-08-19 02:00:00,6,6.95,6.95,26.7,6.5,1.5,1.45,1.67,2.34,
2026-08-19 03:00:00,6,6.92,6.92,25.4,6.3,1.5,1.46,1.67,2.29,
2026-08-19 04:00:00,6,6.63,6.63,25.0,6.0,1.5,1.3,1.67,2.15,
2026-08-19 05:00:00,6,8.55,8.55,26.4,9.4,2.5,1.59,1.77,2.7,
2026-08-19 06:00:00,6,16.79,16.79,28.9,26.1,7.49,3.43,2.23,3.65,
2026-08-19 07:00:00,6,28.17,28.17,31.0,49.6,14.48,6.43,2.87,4.4,
2026-08-19 08:00:00,6,35.92,35.92,32.9,82.4,19.47,7.39,3.33,5.73,
2026-08-19 09:00:00,6,39.58,39.58,31.6,75.6,21.96,7.8,3.56,6.25,
2026-08-19 10:00:00,6,42.38,42.38,32.5,100.0,22.96,8.88,3.66,6.88,
2026-08-19 11:00:00,6,42.94,42.94,33.2,99.9,23.71,9.15,3.72,6.36,
2026-08-19 12:00:00,6,43.64,43.64,35.6,88.5,23.96,9.35,3.75,6.58,
2026-08-19 13:00:00,6,42.95,42.95,34.7,91.2,23.46,8.86,3.7,6.93,
2026-08-19 14:00:00,6,40.27,40.27,36.3,91.7,22.46,8.0,3.61,6.2,
2026-08-19 15:00:00,6,37.44,37.44,35.9,88.3,20.47,7.95,3.43,5.6,
2026-08-19 16:00:00,6,33.94,33.94,33.6,61.6,17.97,7.44,3.19,5.34,
2026-08-19 17:00:00,6,28.98,28.98,33.2,65.6,14.98,6.62,2.92,4.46,
2026-08-19 18:00:00,6,23.94,23.94,30.2,44.3,11.98,5.36,2.64,3.96,
2026-08-19 19:00:00,6,20.76,20.76,30.1,34.4,9.98,4.24,2.46,4.08,
2026-08-19 20:00:00,6,17.92,17.92,26.8,34.7,7.99,3.82,2.27,3.83,
2026-08-19 21:00:00,6,14.06,14.06,25.1,24.0,5.99,3.07,2.09,2.91,
2026-08-19 22:00:00,6,10.41,10.41,25.1,14.0,3.74,2.04,1.88,2.74,
2026-08-19 23:00:00,6,8.4,8.4,26.0,9.2,2.5,1.88,1.77,2.26,
2026-08-20 00:00:00,6,7.77,7.77,25.0,7.2,2.0,1.7,1.72,2.35,
2026-08-20 01:00:00,6,7.09,7.09,25.3,6.3,1.75,1.53,1.7,2.12,
2026-08-20 02:00:00,6,6.92,6.92,24.7,5.3,1.5,1.45,1.67,2.29,
2026-08-20 03:00:00,6,6.9,6.9,27.3,5.3,1.5,1.25,1.67,2.48,
2026-08-20 04:00:00,6,6.57,6.57,24.5,5.4,1.5,1.3,1.67,2.1,
2026-08-20 05:00:00,6,8.29,8.29,24.6,9.8,2.5,1.64,1.77,2.38,
2026-08-20 06:00:00,6,16.15,16.15,29.6,28.5,7.49,3.28,2.23,3.16,
2026-08-20 07:00:00,6,28.32,28.32,28.8,56.8,14.48,5.96,2.87,5.01,
2026-08-20 08:00:00,6,35.85,35.85,33.1,68.7,19.47,7.02,3.33,6.02,
2026-08-20 09:00:00,6,40.6,40.6,31.3,95.8,21.96,9.06,3.56,6.01,
2026-08-20 10:00:00,6,41.88,41.88,34.4,92.6,22.96,9.38,3.66,5.89,
2026-08-20 11:00:00,6,43.54,43.54,34.4,100.0,23.71,9.51,3.72,6.59,
2026-08-20 12:00:00,6,44.13,44.13,34.9,100.0,23.96,9.57,3.75,6.85,
2026-08-20 13:00:00,6,42.96,42.96,35.4,89.0,23.46,9.06,3.7,6.74,
2026-08-20 14:00:00,6,42.3,42.3,34.3,98.8,22.46,9.42,3.61,6.8,
2026-08-20 15:00:00,6,37.4,37.4,35.5,80.9,20.47,7.92,3.43,5.59,
2026-08-20 16:00:00,6,34.59,34.59,32.9,62.1,17.97,7.68,3.19,5.74,
2026-08-20 17:00:00,6,28.76,28.76,34.2,58.7,14.98,6.27,2.92,4.6,
2026-08-20 18:00:00,6,24.63,24.63,30.5,42.0,11.98,5.35,2.64,4.66,
2026-08-20 19:00:00,6,20.85,20.85,29.1,35.0,9.98,4.65,2.46,3.76,
2026-08-20 20:00:00,6,17.15,17.15,26.5,31.6,7.99,3.53,2.27,3.35,
2026-08-20 21:00:00,6,14.31,14.31,26.0,25.0,5.99,3.21,2.09,3.02,
2026-08-20 22:00:00,6,10.59,10.59,27.4,13.5,3.74,2.06,1.88,2.91,
2026-08-20 23:00:00,6,8.29,8.29,24.5,9.4,2.5,1.67,1.77,2.36,
2026-08-21 00:00:00,6,7.82,7.82,25.7,6.9,2.0,1.5,1.72,2.6,
2026-08-21 01:00:00,6,7.38,7.38,26.3,6.4,1.75,1.49,1.7,2.44,
2026-08-21 02:00:00,6,6.55,6.55,27.1,5.7,1.5,1.29,1.67,2.09,
2026-08-21 03:00:00,6,7.06,7.06,24.7,5.3,1.5,1.49,1.67,2.4,
2026-08-21 04:00:00,6,6.68,6.68,26.9,6.2,1.5,1.39,1.67,2.11,
2026-08-21 05:00:00,6,8.54,8.54,26.0,10.8,2.5,1.78,1.77,2.49,
2026-08-21 06:00:00,6,16.68,16.68,29.3,31.3,7.49,3.78,2.23,3.19,
2026-08-21 07:00:00,6,28.01,28.01,31.5,51.3,14.48,5.91,2.87,4.75,
2026-08-21 08:00:00,6,35.41,35.41,30.3,71.4,19.47,7.34,3.33,5.27,
2026-08-21 09:00:00,6,40.0,40.0,31.9,94.9,21.96,8.7,3.56,5.78,
2026-08-21 10:00:00,6,41.91,41.91,33.1,100.0,22.96,8.32,3.66,6.97,
2026-08-21 11:00:00,6,41.85,41.85,33.0,87.7,23.71,8.45,3.72,5.96,
2026-08-21 12:00:00,6,43.27,43.27,35.7,100.0,23.96,9.25,3.75,6.31,
2026-08-21 13:00:00,6,43.54,43.54,35.1,96.0,23.46,9.77,3.7,6.6,
2026-08-21 14:00:00,6,40.09,40.09,35.7,98.4,22.46,8.37,3.61,5.65,
2026-08-21 15:00:00,6,36.55,36.55,34.9,88.0,20.47,7.34,3.43,5.32,
2026-08-21 16:00:00,6,32.94,32.94,33.6,64.3,17.97,6.45,3.19,5.32,
2026-08-21 17:00:00,6,28.88,28.88,31.3,52.3,14.98,6.12,2.92,4.86,
2026-08-21 18:00:00,6,24.34,24.34,31.5,41.2,11.98,5.24,2.64,4.48,
2026-08-21 19:00:00,6,20.52,20.52,29.4,43.8,9.98,4.0,2.46,4.08,
2026-08-21 20:00:00,6,17.04,17.04,27.3,30.6,7.99,3.52,2.27,3.26,
2026-08-21 21:00:00,6,14.1,14.1,26.5,22.0,5.99,2.96,2.09,3.07,
2026-08-21 22:00:00,6,10.47,10.47,26.0,14.4,3.74,2.27,1.88,2.57,
2026-08-21 23:00:00,6,8.75,8.75,26.9,10.7,2.5,1.87,1.77,2.61,
2026-08-22 00:00:00,6,8.54,8.54,25.4,10.3,2.5,1.89,1.77,2.39,
2026-08-22 01:00:00,6,7.88,7.88,25.0,7.1,2.0,1.54,1.72,2.63,
2026-08-22 02:00:00,6,7.13,7.13,27.1,6.5,1.75,1.56,1.7,2.12,
2026-08-22 03:00:00,6,6.72,6.72,26.4,5.6,1.5,1.25,1.67,2.3,
2026-08-22 04:00:00,6,6.88,6.88,26.7,6.0,1.5,1.3,1.67,2.4,
2026-08-22 05:00:00,6,7.21,7.21,26.0,6.2,1.75,1.39,1.7,2.37,
2026-08-22 06:00:00,6,8.28,8.28,25.8,9.7,2.5,1.7,1.77,2.32,
2026-08-22 07:00:00,6,11.63,11.63,27.3,18.7,4.49,2.54,1.95,2.65,
2026-08-22 08:00:00,6,16.04,16.04,25.9,30.5,6.99,3.21,2.18,3.66,
2026-08-22 09:00:00,6,18.3,18.3,26.0,36.1,8.49,3.96,2.32,3.53,
2026-08-22 10:00:00,6,18.7,18.7,25.6,36.9,8.99,3.9,2.37,3.45,
2026-08-22 11:00:00,6,21.15,21.15,24.9,43.8,9.98,4.71,2.46,3.99,
2026-08-22 12:00:00,6,21.74,21.74,25.8,46.2,10.48,4.81,2.5,3.95,
2026-08-22 13:00:00,6,22.38,22.38,27.1,40.4,10.98,4.78,2.55,4.06,
2026-08-22 14:00:00,6,21.65,21.65,27.0,42.7,10.48,4.56,2.5,4.1,
2026-08-22 15:00:00,6,20.76,20.76,25.6,34.4,9.98,4.73,2.46,3.59,
2026-08-22 16:00:00,6,18.87,18.87,26.0,35.1,8.99,3.96,2.37,3.56,
2026-08-22 17:00:00,6,17.06,17.06,24.9,27.3,7.49,3.71,2.23,3.64,
2026-08-22 18:00:00,6,14.26,14.26,25.4,22.2,5.99,2.89,2.09,3.3,
2026-08-22 19:00:00,6,12.09,12.09,25.6,17.8,4.99,2.39,2.0,2.71,
2026-08-22 20:00:00,6,10.93,10.93,26.9,15.3,3.99,2.14,1.9,2.9,
2026-08-22 21:00:00,6,9.55,9.55,25.6,12.2,3.24,2.02,1.84,2.46,
2026-08-22 22:00:00,6,8.69,8.69,27.4,11.2,2.75,1.73,1.79,2.42,
2026-08-22 23:00:00,6,8.44,8.44,27.0,10.4,2.5,1.59,1.77,2.59,
2026-08-23 00:00:00,6,8.51,8.51,26.0,9.0,2.5,1.75,1.77,2.5,
2026-08-23 01:00:00,6,7.59,7.59,25.9,6.8,2.0,1.61,1.72,2.26,
2026-08-23 02:00:00,6,7.34,7.34,25.2,7.1,1.75,1.55,1.7,2.35,
2026-08-23 03:00:00,6,6.93,6.93,27.1,6.3,1.5,1.44,1.67,2.31,
2026-08-23 04:00:00,6,7.09,7.09,25.3,6.3,1.5,1.39,1.67,2.52,
2026-08-23 05:00:00,6,7.28,7.28,25.7,7.5,1.75,1.33,1.7,2.51,
2026-08-23 06:00:00,6,8.2,8.2,26.9,11.0,2.5,1.62,1.77,2.32,
2026-08-23 07:00:00,6,11.67,11.67,27.1,16.7,4.49,2.49,1.95,2.74,
2026-08-23 08:00:00,6,15.77,15.77,26.9,25.1,6.99,3.52,2.18,3.08,
2026-08-23 09:00:00,6,18.43,18.43,25.7,31.5,8.49,3.99,2.32,3.64,
2026-08-23 10:00:00,6,18.74,18.74,24.5,39.1,8.99,3.97,2.37,3.41,
2026-08-23 11:00:00,6,20.94,20.94,26.7,42.7,9.98,4.22,2.46,4.28,
2026-08-23 12:00:00,6,21.33,21.33,25.1,36.4,10.48,4.67,2.5,3.68,
2026-08-23 13:00:00,6,22.74,22.74,25.8,46.5,10.98,4.78,2.55,4.42,
2026-08-23 14:00:00,6,21.62,21.62,24.6,36.6,10.48,4.29,2.5,4.34,
2026-08-23 15:00:00,6,20.34,20.34,25.1,43.2,9.98,4.3,2.46,3.6,
2026-08-23 16:00:00,6,19.3,19.3,24.8,36.8,8.99,4.17,2.37,3.78,
2026-08-23 17:00:00,6,16.73,16.73,25.9,30.4,7.49,3.4,2.23,3.62,
2026-08-23 18:00:00,6,14.36,14.36,24.8,24.2,5.99,2.87,2.09,3.41,
2026-08-23 19:00:00,6,12.7,12.7,26.8,21.7,4.99,2.69,2.0,3.03,
2026-08-23 20:00:00,6,10.69,10.69,26.8,13.8,3.99,2.25,1.9,2.55,
2026-08-23 21:00:00,6,9.92,9.92,26.4,13.8,3.24,2.04,1.84,2.8,
2026-08-23 22:00:00,6,8.51,8.51,25.5,10.4,2.75,1.64,1.79,2.34,
2026-08-23 23:00:00,6,8.4,8.4,25.1,9.6,2.5,1.63,1.77,2.5,
2026-08-24 00:00:00,6,7.82,7.82,26.6,6.8,2.0,1.69,1.72,2.42,
2026-08-24 01:00:00,6,7.03,7.03,26.5,7.4,1.75,1.48,1.7,2.11,
2026-08-24 02:00:00,6,7.02,7.02,24.9,5.8,1.5,1.45,1.67,2.4,
2026-08-24 03:00:00,6,6.53,6.53,25.9,6.5,1.5,1.27,1.67,2.08,
2026-08-24 04:00:00,6,7.1,7.1,26.6,5.3,1.5,1.41,1.67,2.52,
2026-08-24 05:00:00,6,8.73,8.73,25.0,10.7,2.5,1.79,1.77,2.67,
2026-08-24 06:00:00,6,16.42,16.42,29.3,32.9,7.49,3.28,2.23,3.42,
2026-08-24 07:00:00,6,27.52,27.52,29.2,52.2,14.48,5.69,2.87,4.48,
2026-08-24 08:00:00,6,37.1,37.1,31.4,74.5,19.47,8.16,3.33,6.14,
2026-08-24 09:00:00,6,40.44,40.44,31.3,92.4,21.96,8.55,3.56,6.37,
2026-08-24 10:00:00,6,41.98,41.98,34.3,86.6,22.96,8.55,3.66,6.81,
2026-08-24 11:00:00,6,43.49,43.49,34.4,81.1,23.71,9.35,3.72,6.7,
2026-08-24 12:00:00,6,43.22,43.22,34.2,100.0,23.96,8.49,3.75,7.02,
2026-08-24 13:00:00,6,43.03,43.03,36.4,83.7,23.46,9.57,3.7,6.3,
2026-08-24 14:00:00,6,41.47,41.47,33.5,98.8,22.46,8.82,3.61,6.58,
2026-08-24 15:00:00,6,37.53,37.53,34.6,87.1,20.47,7.57,3.43,6.07,
2026-08-24 16:00:00,6,33.76,33.76,32.3,75.6,17.97,7.34,3.19,5.25,
2026-08-24 17:00:00,6,28.81,28.81,32.6,61.4,14.98,5.74,2.92,5.18,
2026-08-24 18:00:00,6,24.48,24.48,32.8,45.2,11.98,5.26,2.64,4.6,
2026-08-24 19:00:00,6,21.13,21.13,29.3,37.2,9.98,4.52,2.46,4.16,
2026-08-24 20:00:00,6,16.98,16.98,27.2,33.8,7.99,3.55,2.27,3.17,
2026-08-24 21:00:00,6,14.38,14.38,27.3,21.7,5.99,2.86,2.09,3.45,
2026-08-24 22:00:00,6,10.84,10.84,27.4,15.2,3.74,2.28,1.88,2.94,
2026-08-24 23:00:00,6,8.64,8.64,25.0,10.6,2.5,1.8,1.77,2.58,
2026-08-25 00:00:00,6,7.59,7.59,26.4,8.5,2.0,1.58,1.72,2.29,
2026-08-25 01:00:00,6,6.95,6.95,27.1,6.8,1.75,1.39,1.7,2.12,
2026-08-25 02:00:00,6,7.02,7.02,27.2,6.2,1.5,1.41,1.67,2.44,
2026-08-25 03:00:00,6,6.62,6.62,26.9,5.6,1.5,1.31,1.67,2.14,
2026-08-25 04:00:00,6,6.78,6.78,25.6,5.2,1.5,1.38,1.67,2.24,
2026-08-25 05:00:00,6,8.33,8.33,26.9,9.9,2.5,1.69,1.77,2.38,
2026-08-25 06:00:00,6,17.01,17.01,29.6,27.3,7.49,3.57,2.23,3.73,
2026-08-25 07:00:00,6,27.64,27.64,31.4,52.7,14.48,5.93,2.87,4.36,
2026-08-25 08:00:00,6,36.41,36.41,31.1,82.3,19.47,8.18,3.33,5.43,
2026-08-25 09:00:00,6,40.98,40.98,32.7,80.5,21.96,9.3,3.56,6.14,
2026-08-25 10:00:00,6,42.22,42.22,34.7,91.7,22.96,8.68,3.66,6.93,
2026-08-25 11:00:00,6,43.01,43.01,33.9,86.6,23.71,8.78,3.72,6.8,
2026-08-25 12:00:00,6,42.93,42.93,36.1,84.3,23.96,9.24,3.75,5.98,
2026-08-25 13:00:00,6,42.67,42.67,34.8,91.5,23.46,9.54,3.7,5.97,
2026-08-25 14:00:00,6,40.46,40.46,35.1,93.7,22.46,8.64,3.61,5.75,
2026-08-25 15:00:00,6,38.44,38.44,34.0,72.9,20.47,8.51,3.43,6.04,
2026-08-25 16:00:00,6,33.3,33.3,34.5,75.8,17.97,7.03,3.19,5.11,
2026-08-25 17:00:00,6,29.06,29.06,32.4,53.3,14.98,6.39,2.92,4.78,
2026-08-25 18:00:00,6,24.11,24.11,32.3,52.7,11.98,5.28,2.64,4.21,
2026-08-25 19:00:00,6,20.49,20.49,30.2,35.4,9.98,4.2,2.46,3.85,
2026-08-25 20:00:00,6,17.62,17.62,24.6,28.8,7.99,3.87,2.27,3.5,
2026-08-25 21:00:00,6,14.3,14.3,25.6,25.2,5.99,3.09,2.09,3.13,
2026-08-25 22:00:00,6,10.62,10.62,27.5,15.6,3.74,2.15,1.88,2.84,
2026-08-25 23:00:00,6,8.27,8.27,25.1,9.7,2.5,1.66,1.77,2.35,
2026-08-26 00:00:00,6,7.8,7.8,24.5,7.2,2.0,1.54,1.72,2.55,
2026-08-26 01:00:00,6,7.19,7.19,27.0,6.8,1.75,1.42,1.7,2.33,
2026-08-26 02:00:00,6,6.79,6.79,25.0,5.2,1.5,1.4,1.67,2.22,
2026-08-26 03:00:00,6,7.08,7.08,26.8,5.7,1.5,1.39,1.67,2.52,
2026-08-26 04:00:00,6,6.77,6.77,27.2,5.4,1.5,1.39,1.67,2.21,
2026-08-26 05:00:00,6,8.15,8.15,24.6,9.5,2.5,1.64,1.77,2.24,
2026-08-26 06:00:00,6,16.38,16.38,29.5,28.3,7.49,3.25,2.23,3.41,
2026-08-26 07:00:00,6,27.47,27.47,29.0,61.4,14.48,5.53,2.87,4.59,
2026-08-26 08:00:00,6,35.85,35.85,32.3,85.2,19.47,7.45,3.33,5.59,
2026-08-26 09:00:00,6,39.71,39.71,31.7,88.1,21.96,7.99,3.56,6.19,
2026-08-26 10:00:00,6,41.85,41.85,34.4,97.4,22.96,9.0,3.66,6.22,
2026-08-26 11:00:00,6,43.11,43.11,34.9,81.5,23.71,8.64,3.72,7.03,
2026-08-26 12:00:00,6,43.31,43.31,34.9,91.0,23.96,9.49,3.75,6.11,
2026-08-26 13:00:00,6,42.78,42.78,35.6,98.2,23.46,9.48,3.7,6.13,
2026-08-26 14:00:00,6,41.42,41.42,34.4,77.1,22.46,8.68,3.61,6.67,
2026-08-26 15:00:00,6,38.12,38.12,35.2,79.4,20.47,8.07,3.43,6.16,
2026-08-26 16:00:00,6,34.08,34.08,35.1,67.1,17.97,7.59,3.19,5.33,
2026-08-26 17:00:00,6,28.56,28.56,32.0,51.1,14.98,5.68,2.92,4.99,
2026-08-26 18:00:00,6,24.15,24.15,31.1,46.2,11.98,5.25,2.64,4.27,
2026-08-26 19:00:00,6,20.33,20.33,31.5,39.0,9.98,4.18,2.46,3.71,
2026-08-26 20:00:00,6,17.23,17.23,25.8,27.8,7.99,3.78,2.27,3.19,
2026-08-26 21:00:00,6,13.75,13.75,27.0,23.6,5.99,2.73,2.09,2.94,
2026-08-26 22:00:00,6,10.63,10.63,25.1,14.3,3.74,2.31,1.88,2.7,
2026-08-26 23:00:00,6,8.59,8.59,25.1,8.6,2.5,1.62,1.77,2.71,
2026-08-27 00:00:00,6,7.91,7.91,24.9,7.0,2.0,1.64,1.72,2.55,
2026-08-27 01:00:00,6,7.31,7.31,27.0,7.1,1.75,1.47,1.7,2.4,
2026-08-27 02:00:00,6,6.89,6.89,27.4,5.3,1.5,1.29,1.67,2.43,
2026-08-27 03:00:00,6,6.72,6.72,25.0,6.4,1.5,1.35,1.67,2.2,
2026-08-27 04:00:00,6,6.65,6.65,27.0,5.7,1.5,1.4,1.67,2.08,
2026-08-27 05:00:00,6,8.49,8.49,25.0,8.8,2.5,1.7,1.77,2.53,
2026-08-27 06:00:00,6,16.05,16.05,28.1,31.9,7.49,3.23,2.23,3.1,
2026-08-27 07:00:00,6,28.58,28.58,29.4,55.3,14.48,6.42,2.87,4.81,
2026-08-27 08:00:00,6,36.55,36.55,31.8,68.2,19.47,8.33,3.33,5.42,
2026-08-27 09:00:00,6,40.17,40.17,33.3,80.7,21.96,9.02,3.56,5.61,
2026-08-27 10:00:00,6,42.17,42.17,33.8,98.2,22.96,8.73,3.66,6.83,
2026-08-27 11:00:00,6,43.0,43.0,35.2,100.0,23.71,9.63,3.72,5.94,
2026-08-27 12:00:00,6,44.42,44.42,36.1,92.3,23.96,9.67,3.75,7.04,
2026-08-27 13:00:00,6,41.82,41.82,35.6,100.0,23.46,8.61,3.7,6.05,
2026-08-27 14:00:00,6,40.94,40.94,33.9,95.3,22.46,8.09,3.61,6.77,
2026-08-27 15:00:00,6,37.46,37.46,34.0,74.3,20.47,7.33,3.43,6.24,
2026-08-27 16:00:00,6,34.09,34.09,32.7,66.2,17.97,7.0,3.19,5.92,
2026-08-27 17:00:00,6,28.51,28.51,34.0,51.1,14.98,5.71,2.92,4.9,
2026-08-27 18:00:00,6,23.36,23.36,32.3,49.9,11.98,4.84,2.64,3.9,
2026-08-27 19:00:00,6,21.14,21.14,31.5,40.2,9.98,4.42,2.46,4.28,
2026-08-27 20:00:00,6,17.28,17.28,25.5,32.8,7.99,3.42,2.27,3.6,
2026-08-27 21:00:00,6,14.45,14.45,24.9,24.6,5.99,3.23,2.09,3.14,
2026-08-27 22:00:00,6,10.47,10.47,26.1,13.1,3.74,2.33,1.88,2.51,
2026-08-27 23:00:00,6,8.56,8.56,25.7,9.4,2.5,1.57,1.77,2.72,
2026-08-28 00:00:00,6,7.51,7.51,26.2,7.7,2.0,1.44,1.72,2.36,
2026-08-28 01:00:00,6,7.05,7.05,25.8,6.6,1.75,1.42,1.7,2.19,
2026-08-28 02:00:00,6,7.02,7.02,27.1,5.9,1.5,1.33,1.67,2.52,
2026-08-28 03:00:00,6,6.96,6.96,26.3,5.5,1.5,1.45,1.67,2.34,
2026-08-28 04:00:00,6,6.88,6.88,24.6,6.2,1.5,1.38,1.67,2.32,
2026-08-28 05:00:00,6,8.81,8.81,25.4,8.5,2.5,1.81,1.77,2.73,
2026-08-28 06:00:00,6,15.96,15.96,29.8,31.8,7.49,3.13,2.23,3.12,
2026-08-28 07:00:00,6,27.94,27.94,28.9,59.7,14.48,5.41,2.87,5.18,
2026-08-28 08:00:00,6,35.89,35.89,32.6,77.9,19.47,7.1,3.33,5.99,
2026-08-28 09:00:00,6,41.37,41.37,34.0,91.9,21.96,9.22,3.56,6.63,
2026-08-28 10:00:00,6,41.44,41.44,32.9,78.9,22.96,8.39,3.66,6.44,
2026-07-29 11:00:00,7,15.23,15.23,33.0,86.1,2.85,6.12,2.33,3.93,
2026-07-29 12:00:00,7,14.19,14.19,33.9,86.6,2.88,5.16,2.34,3.81,
2026-07-29 13:00:00,7,15.45,15.45,34.6,80.9,2.82,5.96,2.31,4.35,
2026-07-29 14:00:00,7,14.47,14.47,35.8,84.2,2.7,5.91,2.26,3.6,
2026-07-29 15:00:00,7,12.95,12.95,35.6,74.3,2.46,4.81,2.14,3.54,
2026-07-29 16:00:00,7,11.65,11.65,34.3,77.4,2.16,4.19,2.0,3.31,
2026-07-29 17:00:00,7,10.59,10.59,32.8,59.3,1.8,3.83,1.82,3.14,
2026-07-29 18:00:00,7,8.9,8.9,30.7,43.1,1.44,3.3,1.65,2.51,
2026-07-29 19:00:00,7,7.65,7.65,29.3,42.5,1.2,2.64,1.54,2.27,
2026-07-29 20:00:00,7,6.8,6.8,25.8,27.3,0.96,2.28,1.42,2.13,
2026-07-29 21:00:00,7,5.73,5.73,26.7,23.6,0.72,1.89,1.31,1.82,
2026-07-29 22:00:00,7,4.61,4.61,27.0,15.7,0.45,1.42,1.18,1.56,
2026-07-29 23:00:00,7,4.18,4.18,27.1,8.6,0.3,1.14,1.1,1.63,
2026-07-30 00:00:00,7,3.84,3.84,25.7,8.6,0.24,0.99,1.08,1.53,
2026-07-30 01:00:00,7,3.61,3.61,27.4,6.2,0.21,0.87,1.06,1.46,
2026-07-30 02:00:00,7,3.46,3.46,25.1,5.8,0.18,0.83,1.05,1.4,
2026-07-30 03:00:00,7,3.53,3.53,25.0,6.5,0.18,0.84,1.05,1.46,
2026-07-30 04:00:00,7,3.65,3.65,27.1,6.1,0.18,0.88,1.05,1.55,
2026-07-30 05:00:00,7,3.84,3.84,25.5,11.0,0.3,0.99,1.1,1.44,
2026-07-30 06:00:00,7,6.47,6.47,28.7,26.1,0.9,2.04,1.39,2.13,
2026-07-30 07:00:00,7,10.71,10.71,29.5,55.1,1.74,4.0,1.8,3.18,
2026-07-30 08:00:00,7,12.89,12.89,30.9,72.5,2.34,4.91,2.08,3.56,
2026-07-30 09:00:00,7,13.9,13.9,34.0,80.3,2.64,4.87,2.23,4.16,
2026-07-30 10:00:00,7,14.39,14.39,34.3,98.7,2.76,5.43,2.28,3.92,
2026-07-30 11:00:00,7,14.7,14.7,35.2,81.4,2.85,5.75,2.33,3.78,
2026-07-30 12:00:00,7,15.07,15.07,35.6,94.4,2.88,5.46,2.34,4.39,
2026-07-30 13:00:00,7,14.65,14.65,34.3,84.4,2.82,5.85,2.31,3.67,
2026-07-30 14:00:00,7,13.96,13.96,35.4,95.9,2.7,5.24,2.26,3.76,
2026-07-30 15:00:00,7,12.94,12.94,33.7,84.5,2.46,4.61,2.14,3.73,
2026-07-30 16:00:00,7,12.28,12.28,32.5,65.5,2.16,4.73,2.0,3.39,
2026-07-30 17:00:00,7,10.18,10.18,32.6,64.8,1.8,3.75,1.82,2.81,
2026-07-30 18:00:00,7,8.94,8.94,31.5,52.5,1.44,3.05,1.65,2.8,
2026-07-30 19:00:00,7,7.67,7.67,31.4,35.5,1.2,2.48,1.54,2.46,
2026-07-30 20:00:00,7,6.91,6.91,26.6,29.2,0.96,2.4,1.42,2.12,
2026-07-30 21:00:00,7,5.95,5.95,27.3,25.1,0.72,1.87,1.31,2.06,
2026-07-30 22:00:00,7,4.69,4.69,27.4,13.9,0.45,1.36,1.18,1.7,
2026-07-30 23:00:00,7,4.02,4.02,25.8,10.1,0.3,1.15,1.1,1.46,
2026-07-31 00:00:00,7,3.75,3.75,25.1,7.3,0.24,0.91,1.08,1.52,
2026-07-31 01:00:00,7,3.66,3.66,26.2,6.6,0.21,0.89,1.06,1.5,
2026-07-31 02:00:00,7,3.61,3.61,24.7,5.6,0.18,0.9,1.05,1.48,
2026-07-31 03:00:00,7,3.55,3.55,27.4,5.5,0.18,0.93,1.05,1.39,
2026-07-31 04:00:00,7,3.58,3.58,26.0,6.3,0.18,0.9,1.05,1.45,
2026-07-31 05:00:00,7,4.08,4.08,27.0,9.9,0.3,1.18,1.1,1.5,
2026-07-31 06:00:00,7,6.56,6.56,28.8,31.5,0.9,2.0,1.39,2.27,
2026-07-31 07:00:00,7,9.88,9.88,28.9,56.7,1.74,3.6,1.8,2.74,
2026-07-31 08:00:00,7,12.34,12.34,31.9,69.6,2.34,4.57,2.08,3.35,
2026-07-31 09:00:00,7,13.93,13.93,33.6,94.0,2.64,5.54,2.23,3.52,
2026-07-31 10:00:00,7,13.89,13.89,33.9,82.1,2.76,5.13,2.28,3.71,
2026-07-31 11:00:00,7,14.82,14.82,34.0,98.7,2.85,5.71,2.33,3.93,
2026-07-31 12:00:00,7,15.13,15.13,35.7,100.0,2.88,5.62,2.34,4.29,
2026-07-31 13:00:00,7,14.58,14.58,36.5,90.4,2.82,5.67,2.31,3.77,
2026-07-31 14:00:00,7,14.1,14.1,35.6,96.3,2.7,5.56,2.26,3.59,
2026-07-31 15:00:00,7,12.82,12.82,35.7,86.0,2.46,4.72,2.14,3.5,
2026-07-31 16:00:00,7,12.24,12.24,33.1,71.5,2.16,4.51,2.0,3.57,
2026-07-31 17:00:00,7,10.55,10.55,33.1,60.8,1.8,3.7,1.82,3.22,
2026-07-31 18:00:00,7,8.7,8.7,31.4,42.4,1.44,3.07,1.65,2.54,
2026-07-31 19:00:00,7,8.28,8.28,31.3,37.4,1.2,2.88,1.54,2.66,
2026-07-31 20:00:00,7,6.8,6.8,25.6,28.8,0.96,2.07,1.42,2.35,
2026-07-31 21:00:00,7,5.56,5.56,26.4,20.5,0.72,1.74,1.31,1.8,
2026-07-31 22:00:00,7,4.56,4.56,26.7,13.1,0.45,1.27,1.18,1.66,
2026-07-31 23:00:00,7,3.9,3.9,25.1,10.0,0.3,1.0,1.1,1.49,
2026-08-01 00:00:00,7,4.02,4.02,25.9,8.7,0.3,1.1,1.1,1.52,
2026-08-01 01:00:00,7,4.0,4.0,24.5,6.9,0.24,1.06,1.08,1.62,
2026-08-01 02:00:00,7,3.54,3.54,24.9,6.8,0.21,0.83,1.06,1.44,
2026-08-01 03:00:00,7,3.66,3.66,25.7,6.5,0.18,0.91,1.05,1.53,
2026-08-01 04:00:00,7,3.56,3.56,24.7,6.6,0.18,0.93,1.05,1.41,
2026-08-01 05:00:00,7,3.59,3.59,25.2,6.9,0.21,1.0,1.06,1.32,
2026-08-01 06:00:00,7,3.9,3.9,26.2,9.1,0.3,1.01,1.1,1.48,
2026-08-01 07:00:00,7,5.24,5.24,24.8,19.0,0.54,1.56,1.22,1.92,
2026-08-01 08:00:00,7,6.36,6.36,26.5,25.2,0.84,2.2,1.36,1.96,
2026-08-01 09:00:00,7,7.37,7.37,25.7,29.0,1.02,2.58,1.45,2.31,
2026-08-01 10:00:00,7,7.16,7.16,25.3,31.4,1.08,2.45,1.48,2.15,
2026-08-01 11:00:00,7,7.99,7.99,25.1,35.0,1.2,2.62,1.54,2.63,
2026-08-01 12:00:00,7,7.8,7.8,25.4,45.3,1.26,2.64,1.56,2.33,
2026-08-01 13:00:00,7,8.38,8.38,25.9,47.2,1.32,2.93,1.59,2.54,
2026-08-01 14:00:00,7,8.04,8.04,25.8,45.3,1.26,2.54,1.56,2.67,
2026-08-01 15:00:00,7,7.82,7.82,25.1,36.5,1.2,2.59,1.54,2.5,
2026-08-01 16:00:00,7,7.13,7.13,24.6,33.1,1.08,2.45,1.48,2.12,
2026-08-01 17:00:00,7,6.57,6.57,25.5,28.1,0.9,2.17,1.39,2.12,
2026-08-01 18:00:00,7,5.87,5.87,27.5,25.4,0.72,1.83,1.31,2.01,
2026-08-01 19:00:00,7,5.35,5.35,25.1,18.5,0.6,1.52,1.25,1.99,
2026-08-01 20:00:00,7,4.84,4.84,25.4,14.5,0.48,1.35,1.19,1.82,
2026-08-01 21:00:00,7,4.3,4.3,24.7,12.7,0.39,1.17,1.15,1.59,
2026-08-01 22:00:00,7,4.13,4.13,26.8,11.5,0.33,1.13,1.12,1.55,
2026-08-01 23:00:00,7,4.04,4.04,25.3,9.9,0.3,1.19,1.1,1.45,
2026-08-02 00:00:00,7,3.92,3.92,27.1,10.4,0.3,1.05,1.1,1.47,
2026-08-02 01:00:00,7,3.66,3.66,27.0,7.1,0.24,0.98,1.08,1.36,
2026-08-02 02:00:00,7,3.73,3.73,26.6,6.3,0.21,0.92,1.06,1.53,
2026-08-02 03:00:00,7,3.47,3.47,25.3,6.1,0.18,0.95,1.05,1.29,
2026-08-02 04:00:00,7,3.61,3.61,25.5,5.9,0.18,0.84,1.05,1.55,
2026-08-02 05:00:00,7,3.56,3.56,25.9,7.6,0.21,0.86,1.06,1.43,
2026-08-02 06:00:00,7,3.91,3.91,25.3,9.3,0.3,1.1,1.1,1.4,
2026-08-02 07:00:00,7,4.99,4.99,26.9,17.9,0.54,1.43,1.22,1.8,
2026-08-02 08:00:00,7,6.4,6.4,25.3,26.8,0.84,1.97,1.36,2.23,
2026-08-02 09:00:00,7,6.99,6.99,26.4,35.2,1.02,2.28,1.45,2.24,
2026-08-02 10:00:00,7,7.23,7.23,27.4,35.3,1.08,2.37,1.48,2.3,
2026-08-02 11:00:00,7,7.87,7.87,25.7,37.8,1.2,2.72,1.54,2.41,
2026-08-02 12:00:00,7,8.22,8.22,26.5,44.7,1.26,3.02,1.56,2.37,
2026-08-02 13:00:00,7,8.43,8.43,25.7,42.5,1.32,3.02,1.59,2.5,
2026-08-02 14:00:00,7,8.53,8.53,25.2,41.5,1.26,2.98,1.56,2.73,
2026-08-02 15:00:00,7,7.88,7.88,24.7,40.6,1.2,2.91,1.54,2.23,
2026-08-02 16:00:00,7,7.2,7.2,25.6,35.3,1.08,2.54,1.48,2.1,
2026-08-02 17:00:00,7,6.63,6.63,24.7,28.9,0.9,2.34,1.39,2.0,
2026-08-02 18:00:00,7,5.77,5.77,27.0,20.5,0.72,1.84,1.31,1.9,
2026-08-02 19:00:00,7,5.38,5.38,26.6,20.2,0.6,1.73,1.25,1.81,
2026-08-02 20:00:00,7,4.91,4.91,25.4,14.5,0.48,1.38,1.19,1.86,
2026-08-02 21:00:00,7,4.27,4.27,24.6,14.0,0.39,1.17,1.15,1.56,
2026-08-02 22:00:00,7,4.08,4.08,25.3,10.5,0.33,1.14,1.12,1.49,
2026-08-02 23:00:00,7,3.93,3.93,25.7,10.1,0.3,1.12,1.1,1.41,
2026-08-03 00:00:00,7,3.74,3.74,25.7,8.2,0.24,1.05,1.08,1.38,
2026-08-03 01:00:00,7,3.57,3.57,27.3,6.3,0.21,0.86,1.06,1.44,
2026-08-03 02:00:00,7,3.63,3.63,27.1,6.5,0.18,0.89,1.05,1.52,
2026-08-03 03:00:00,7,3.56,3.56,26.3,6.3,0.18,0.86,1.05,1.48,
2026-08-03 04:00:00,7,3.62,3.62,25.8,5.4,0.18,0.91,1.05,1.49,
2026-08-03 05:00:00,7,3.94,3.94,26.9,8.6,0.3,1.07,1.1,1.46,
2026-08-03 06:00:00,7,6.81,6.81,28.7,27.8,0.9,2.3,1.39,2.23,
2026-08-03 07:00:00,7,10.16,10.16,30.9,61.9,1.74,3.67,1.8,2.95,
2026-08-03 08:00:00,7,12.9,12.9,31.3,80.8,2.34,4.58,2.08,3.9,
2026-08-03 09:00:00,7,14.04,14.04,32.2,75.3,2.64,5.47,2.23,3.7,
2026-08-03 10:00:00,7,14.38,14.38,32.6,97.3,2.76,5.72,2.28,3.61,
2026-08-03 11:00:00,7,15.42,15.42,34.8,94.1,2.85,5.97,2.33,4.27,
2026-08-03 12:00:00,7,14.9,14.9,35.0,91.2,2.88,5.98,2.34,3.7,
2026-08-03 13:00:00,7,13.93,13.93,34.7,84.3,2.82,5.12,2.31,3.68,
2026-08-03 14:00:00,7,15.07,15.07,35.6,89.5,2.7,5.9,2.26,4.22,
2026-08-03 15:00:00,7,13.61,13.61,33.0,73.6,2.46,5.28,2.14,3.73,
2026-08-03 16:00:00,7,12.18,12.18,34.5,70.4,2.16,4.53,2.0,3.49,
2026-08-03 17:00:00,7,9.94,9.94,32.9,59.0,1.8,3.52,1.82,2.79,
2026-08-03 18:00:00,7,9.33,9.33,30.6,49.2,1.44,3.42,1.65,2.82,
2026-08-03 19:00:00,7,7.77,7.77,31.2,36.3,1.2,2.48,1.54,2.55,
2026-08-03 20:00:00,7,6.91,6.91,27.3,31.5,0.96,2.41,1.42,2.12,
2026-08-03 21:00:00,7,5.57,5.57,25.3,22.8,0.72,1.76,1.31,1.78,
2026-08-03 22:00:00,7,4.78,4.78,26.7,15.0,0.45,1.4,1.18,1.76,
2026-08-03 23:00:00,7,4.24,4.24,27.4,8.7,0.3,1.14,1.1,1.7,
2026-08-04 00:00:00,7,3.66,3.66,25.4,8.8,0.24,0.99,1.08,1.35,
2026-08-04 01:00:00,7,3.65,3.65,25.3,7.3,0.21,0.94,1.06,1.44,
2026-08-04 02:00:00,7,3.51,3.51,24.6,5.7,0.18,0.81,1.05,1.47,
2026-08-04 03:00:00,7,3.37,3.37,27.0,5.8,0.18,0.78,1.05,1.37,
2026-08-04 04:00:00,7,3.54,3.54,26.3,5.3,0.18,0.95,1.05,1.36,
2026-08-04 05:00:00,7,4.08,4.08,27.2,10.4,0.3,1.03,1.1,1.64,
2026-08-04 06:00:00,7,6.8,6.8,29.9,30.7,0.9,2.28,1.39,2.22,
2026-08-04 07:00:00,7,10.11,10.11,31.3,50.4,1.74,3.84,1.8,2.73,
2026-08-04 08:00:00,7,12.35,12.35,31.5,83.1,2.34,4.28,2.08,3.65,
2026-08-04 09:00:00,7,13.41,13.41,34.1,80.8,2.64,5.0,2.23,3.55,
2026-08-04 10:00:00,7,15.12,15.12,34.8,90.3,2.76,5.91,2.28,4.17,
2026-08-04 11:00:00,7,14.87,14.87,35.7,83.2,2.85,5.84,2.33,3.85,
2026-08-04 12:00:00,7,15.54,15.54,35.7,100.0,2.88,5.91,2.34,4.41,
2026-08-04 13:00:00,7,14.57,14.57,35.5,82.1,2.82,5.06,2.31,4.38,
2026-08-04 14:00:00,7,13.86,13.86,35.7,79.1,2.7,4.92,2.26,3.98,
2026-08-04 15:00:00,7,13.06,13.06,33.4,82.6,2.46,4.51,2.14,3.95,
2026-08-04 16:00:00,7,12.01,12.01,32.8,70.4,2.16,4.46,2.0,3.39,
2026-08-04 17:00:00,7,9.89,9.89,33.9,65.4,1.8,3.45,1.82,2.82,
2026-08-04 18:00:00,7,9.2,9.2,30.6,42.8,1.44,3.41,1.65,2.7,
2026-08-04 19:00:00,7,8.22,8.22,30.8,41.7,1.2,2.88,1.54,2.6,
2026-08-04 20:00:00,7,6.71,6.71,25.5,34.8,0.96,2.34,1.42,1.99,
2026-08-04 21:00:00,7,5.79,5.79,24.9,23.4,0.72,1.87,1.31,1.9,
2026-08-04 22:00:00,7,4.59,4.59,26.2,15.2,0.45,1.34,1.18,1.62,
2026-08-04 23:00:00,7,4.05,4.05,24.7,9.8,0.3,1.06,1.1,1.58,
2026-08-05 00:00:00,7,3.97,3.97,24.8,8.0,0.24,1.05,1.08,1.6,
2026-08-05 01:00:00,7,3.49,3.49,25.0,6.8,0.21,0.9,1.06,1.32,
2026-08-05 02:00:00,7,3.48,3.48,24.6,5.3,0.18,0.78,1.05,1.47,
2026-08-05 03:00:00,7,3.72,3.72,25.9,6.1,0.18,0.92,1.05,1.58,
2026-08-05 04:00:00,7,3.53,3.53,25.8,6.1,0.18,0.93,1.05,1.37,
2026-08-05 05:00:00,7,4.06,4.06,25.2,10.5,0.3,1.05,1.1,1.6,
2026-08-05 06:00:00,7,6.74,6.74,29.4,28.0,0.9,2.17,1.39,2.28,
2026-08-05 07:00:00,7,10.08,10.08,30.3,49.4,1.74,3.44,1.8,3.11,
2026-08-05 08:00:00,7,12.73,12.73,31.0,79.2,2.34,4.9,2.08,3.41,
2026-08-05 09:00:00,7,13.54,13.54,33.2,83.0,2.64,5.19,2.23,3.48,
2026-08-05 10:00:00,7,14.99,14.99,32.5,99.5,2.76,6.01,2.28,3.93,
2026-08-05 11:00:00,7,15.42,15.42,33.7,85.1,2.85,6.13,2.33,4.11,
2026-08-05 12:00:00,7,15.06,15.06,34.6,100.0,2.88,5.96,2.34,3.88,
2026-08-05 13:00:00,7,14.55,14.55,34.6,97.8,2.82,5.06,2.31,4.36,
2026-08-05 14:00:00,7,14.07,14.07,34.2,84.9,2.7,5.0,2.26,4.11,
2026-08-05 15:00:00,7,13.24,13.24,35.0,70.6,2.46,4.82,2.14,3.82,
2026-08-05 16:00:00,7,11.61,11.61,33.5,70.2,2.16,4.06,2.0,3.4,
2026-08-05 17:00:00,7,10.87,10.87,32.6,56.5,1.8,4.11,1.82,3.13,
2026-08-05 18:00:00,7,8.98,8.98,33.0,51.3,1.44,3.34,1.65,2.55,
2026-08-05 19:00:00,7,7.61,7.61,31.5,39.1,1.2,2.51,1.54,2.36,
2026-08-05 20:00:00,7,6.86,6.86,26.7,30.8,0.96,2.27,1.42,2.21,
2026-08-05 21:00:00,7,5.99,5.99,25.3,24.7,0.72,1.8,1.31,2.16,
2026-08-05 22:00:00,7,4.52,4.52,27.4,13.6,0.45,1.23,1.18,1.67,
2026-08-05 23:00:00,7,4.11,4.11,25.9,10.4,0.3,1.18,1.1,1.53,
2026-08-06 00:00:00,7,3.82,3.82,26.3,7.1,0.24,0.99,1.08,1.52,
2026-08-06 01:00:00,7,3.84,3.84,26.0,7.5,0.21,0.99,1.06,1.58,
2026-08-06 02:00:00,7,3.51,3.51,24.9,5.2,0.18,0.82,1.05,1.47,
2026-08-06 03:00:00,7,3.55,3.55,25.7,5.3,0.18,0.85,1.05,1.47,
2026-08-06 04:00:00,7,3.44,3.44,24.5,5.7,0.18,0.79,1.05,1.42,
2026-08-06 05:00:00,7,4.09,4.09,27.3,10.0,0.3,1.01,1.1,1.68,
2026-08-06 06:00:00,7,6.96,6.96,28.6,32.9,0.9,2.34,1.39,2.33,
2026-08-06 07:00:00,7,10.54,10.54,30.8,51.5,1.74,3.98,1.8,3.03,
2026-08-06 08:00:00,7,12.64,12.64,33.0,77.0,2.34,4.48,2.08,3.73,
2026-08-06 09:00:00,7,13.91,13.91,33.4,93.8,2.64,5.19,2.23,3.86,
2026-08-06 10:00:00,7,14.5,14.5,34.3,88.6,2.76,5.16,2.28,4.29,
2026-08-06 11:00:00,7,14.63,14.63,34.2,87.9,2.85,5.38,2.33,4.07,
2026-08-06 12:00:00,7,15.7,15.7,33.5,100.0,2.88,6.08,2.34,4.41,
2026-08-06 13:00:00,7,14.46,14.46,35.9,82.1,2.82,5.28,2.31,4.05,
2026-08-06 14:00:00,7,14.2,14.2,33.9,93.7,2.7,4.95,2.26,4.29,
2026-08-06 15:00:00,7,13.48,13.48,34.1,70.3,2.46,5.36,2.14,3.52,
2026-08-06 16:00:00,7,12.43,12.43,32.3,78.8,2.16,4.6,2.0,3.67,
2026-08-06 17:00:00,7,10.35,10.35,31.7,60.3,1.8,3.97,1.82,2.76,
2026-08-06 18:00:00,7,9.18,9.18,32.5,49.7,1.44,3.23,1.65,2.86,
2026-08-06 19:00:00,7,7.77,7.77,31.4,41.3,1.2,2.73,1.54,2.3,
2026-08-06 20:00:00,7,6.99,6.99,24.9,28.8,0.96,2.41,1.42,2.2,
2026-08-06 21:00:00,7,5.7,5.7,25.0,24.2,0.72,1.85,1.31,1.82,
2026-08-06 22:00:00,7,4.83,4.83,26.3,14.8,0.45,1.39,1.18,1.81,
2026-08-06 23:00:00,7,4.24,4.24,25.7,8.9,0.3,1.14,1.1,1.69,
2026-08-07 00:00:00,7,3.89,3.89,24.9,8.6,0.24,0.94,1.08,1.64,
2026-08-07 01:00:00,7,3.55,3.55,26.4,6.0,0.21,0.86,1.06,1.42,
2026-08-07 02:00:00,7,3.5,3.5,25.2,6.0,0.18,0.86,1.05,1.42,
2026-08-07 03:00:00,7,3.48,3.48,26.3,6.3,0.18,0.89,1.05,1.37,
2026-08-07 04:00:00,7,3.62,3.62,27.2,5.7,0.18,0.94,1.05,1.46,
2026-08-07 05:00:00,7,4.28,4.28,27.4,10.4,0.3,1.17,1.1,1.7,
2026-08-07 06:00:00,7,6.55,6.55,27.6,32.9,0.9,2.1,1.39,2.16,
2026-08-07 07:00:00,7,10.14,10.14,31.5,50.5,1.74,3.79,1.8,2.81,
2026-08-07 08:00:00,7,12.36,12.36,32.9,75.0,2.34,4.67,2.08,3.27,
2026-08-07 09:00:00,7,14.25,14.25,32.8,87.4,2.64,5.8,2.23,3.58,
2026-08-07 10:00:00,7,14.89,14.89,34.5,99.3,2.76,5.66,2.28,4.18,
2026-08-07 11:00:00,7,14.97,14.97,35.5,80.9,2.85,5.38,2.33,4.41,
2026-08-07 12:00:00,7,14.42,14.42,34.8,84.5,2.88,5.34,2.34,3.86,
2026-08-07 13:00:00,7,14.81,14.81,33.7,84.5,2.82,5.8,2.31,3.88,
2026-08-07 14:00:00,7,14.25,14.25,34.6,76.8,2.7,5.4,2.26,3.9,
2026-08-07 15:00:00,7,13.62,13.62,34.8,71.2,2.46,5.46,2.14,3.56,
2026-08-07 16:00:00,7,12.14,12.14,32.9,62.8,2.16,4.49,2.0,3.49,
2026-08-07 17:00:00,7,10.38,10.38,34.1,53.2,1.8,3.65,1.82,3.1,
2026-08-07 18:00:00,7,8.46,8.46,32.6,48.0,1.44,2.86,1.65,2.51,
2026-08-07 19:00:00,7,7.53,7.53,30.3,36.1,1.2,2.45,1.54,2.34,
2026-08-07 20:00:00,7,6.98,6.98,25.1,29.6,0.96,2.49,1.42,2.1,
2026-08-07 21:00:00,7,5.55,5.55,25.8,23.7,0.72,1.65,1.31,1.88,
2026-08-07 22:00:00,7,4.77,4.77,25.8,14.4,0.45,1.47,1.18,1.67,
2026-08-07 23:00:00,7,4.27,4.27,24.9,9.1,0.3,1.19,1.1,1.69,
2026-08-08 00:00:00,7,3.98,3.98,27.2,10.2,0.3,1.07,1.1,1.5,
2026-08-08 01:00:00,7,3.88,3.88,26.8,8.0,0.24,1.03,1.08,1.53,
2026-08-08 02:00:00,7,3.86,3.86,27.4,7.2,0.21,0.98,1.06,1.61,
2026-08-08 03:00:00,7,3.51,3.51,24.8,6.1,0.18,0.94,1.05,1.34,
2026-08-08 04:00:00,7,3.45,3.45,26.1,5.6,0.18,0.82,1.05,1.4,
2026-08-08 05:00:00,7,3.73,3.73,27.4,6.0,0.21,0.98,1.06,1.48,
2026-08-08 06:00:00,7,4.08,4.08,25.6,8.5,0.3,1.05,1.1,1.63,
2026-08-08 07:00:00,7,5.13,5.13,26.7,18.9,0.54,1.46,1.22,1.91,
2026-08-08 08:00:00,7,6.46,6.46,25.3,28.8,0.84,2.1,1.36,2.15,
2026-08-08 09:00:00,7,7.1,7.1,25.2,34.6,1.02,2.58,1.45,2.05,
2026-08-08 10:00:00,7,6.91,6.91,26.0,34.9,1.08,2.26,1.48,2.09,
2026-08-08 11:00:00,7,7.52,7.52,25.2,42.3,1.2,2.44,1.54,2.34,
2026-08-08 12:00:00,7,7.76,7.76,27.2,36.9,1.26,2.68,1.56,2.25,
2026-08-08 13:00:00,7,8.57,8.57,26.8,44.0,1.32,3.08,1.59,2.58,
2026-08-08 14:00:00,7,7.72,7.72,25.0,44.1,1.26,2.54,1.56,2.35,
2026-08-08 15:00:00,7,8.13,8.13,25.6,41.7,1.2,2.84,1.54,2.55,
2026-08-08 16:00:00,7,7.59,7.59,24.6,35.2,1.08,2.69,1.48,2.34,
2026-08-08 17:00:00,7,6.73,6.73,25.7,32.6,0.9,2.22,1.39,2.22,
2026-08-08 18:00:00,7,5.71,5.71,24.6,23.1,0.72,1.85,1.31,1.83,
2026-08-08 19:00:00,7,5.44,5.44,25.5,20.0,0.6,1.57,1.25,2.02,
2026-08-08 20:00:00,7,4.76,4.76,25.6,16.4,0.48,1.46,1.19,1.63,
2026-08-08 21:00:00,7,4.36,4.36,25.1,11.8,0.39,1.3,1.15,1.52,
2026-08-08 22:00:00,7,4.21,4.21,24.7,9.9,0.33,1.24,1.12,1.52,
2026-08-08 23:00:00,7,3.9,3.9,27.1,9.8,0.3,1.08,1.1,1.42,
2026-08-09 00:00:00,7,4.01,4.01,26.8,9.6,0.3,0.98,1.1,1.62,
2026-08-09 01:00:00,7,3.9,3.9,26.3,7.8,0.24,1.06,1.08,1.52,
2026-08-09 02:00:00,7,3.64,3.64,24.6,7.1,0.21,0.85,1.06,1.52,
2026-08-09 03:00:00,7,3.62,3.62,24.8,6.4,0.18,0.92,1.05,1.47,
2026-08-09 04:00:00,7,3.37,3.37,27.4,6.4,0.18,0.79,1.05,1.35,
2026-08-09 05:00:00,7,3.52,3.52,27.1,6.2,0.21,0.9,1.06,1.35,
2026-08-09 06:00:00,7,3.86,3.86,25.5,9.2,0.3,1.05,1.1,1.41,
2026-08-09 07:00:00,7,4.83,4.83,25.0,17.1,0.54,1.42,1.22,1.65,
2026-08-09 08:00:00,7,6.24,6.24,26.3,26.6,0.84,1.97,1.36,2.06,
2026-08-09 09:00:00,7,6.85,6.85,26.6,37.3,1.02,2.21,1.45,2.18,
2026-08-09 10:00:00,7,7.11,7.11,26.3,34.8,1.08,2.24,1.48,2.31,
2026-08-09 11:00:00,7,7.87,7.87,25.3,41.1,1.2,2.59,1.54,2.55,
2026-08-09 12:00:00,7,8.34,8.34,27.4,36.3,1.26,2.83,1.56,2.69,
2026-08-09 13:00:00,7,8.4,8.4,26.8,47.5,1.32,3.15,1.59,2.34,
2026-08-09 14:00:00,7,8.43,8.43,26.8,38.7,1.26,2.95,1.56,2.66,
2026-08-09 15:00:00,7,7.87,7.87,26.2,41.3,1.2,2.74,1.54,2.4,
2026-08-09 16:00:00,7,7.44,7.44,26.9,37.8,1.08,2.73,1.48,2.15,
2026-08-09 17:00:00,7,6.71,6.71,25.7,27.4,0.9,2.25,1.39,2.17,
2026-08-09 18:00:00,7,5.86,5.86,27.3,22.6,0.72,2.01,1.31,1.82,
2026-08-09 19:00:00,7,5.11,5.11,25.7,20.7,0.6,1.56,1.25,1.71,
2026-08-09 20:00:00,7,4.69,4.69,26.0,15.8,0.48,1.39,1.19,1.63,
2026-08-09 21:00:00,7,4.48,4.48,25.7,12.4,0.39,1.2,1.15,1.74,
2026-08-09 22:00:00,7,4.12,4.12,25.7,9.5,0.33,1.11,1.12,1.56,
2026-08-09 23:00:00,7,4.21,4.21,24.5,8.6,0.3,1.13,1.1,1.67,
2026-08-10 00:00:00,7,3.59,3.59,24.8,8.1,0.24,0.93,1.08,1.35,
2026-08-10 01:00:00,7,3.75,3.75,26.1,6.2,0.21,0.98,1.06,1.49,
2026-08-10 02:00:00,7,3.52,3.52,26.3,6.6,0.18,0.79,1.05,1.51,
2026-08-10 03:00:00,7,3.49,3.49,26.4,5.3,0.18,0.8,1.05,1.47,
2026-08-10 04:00:00,7,3.56,3.56,25.5,6.1,0.18,0.91,1.05,1.42,
2026-08-10 05:00:00,7,3.98,3.98,25.6,9.7,0.3,1.1,1.1,1.47,
2026-08-10 06:00:00,7,6.41,6.41,27.8,30.4,0.9,2.02,1.39,2.1,
2026-08-10 07:00:00,7,9.9,9.9,29.0,59.7,1.74,3.62,1.8,2.75,
2026-08-10 08:00:00,7,13.02,13.02,33.0,73.1,2.34,5.05,2.08,3.55,
2026-08-10 09:00:00,7,14.71,14.71,32.1,81.9,2.64,5.62,2.23,4.22,
2026-08-10 10:00:00,7,14.51,14.51,34.0,81.4,2.76,5.31,2.28,4.16,
2026-08-10 11:00:00,7,14.52,14.52,35.8,87.4,2.85,5.43,2.33,3.91,
2026-08-10 12:00:00,7,14.52,14.52,34.9,84.6,2.88,5.17,2.34,4.13,
2026-08-10 13:00:00,7,14.48,14.48,35.7,93.9,2.82,5.45,2.31,3.9,
2026-08-10 14:00:00,7,14.84,14.84,34.0,96.4,2.7,5.77,2.26,4.11,
2026-08-10 15:00:00,7,13.68,13.68,34.1,78.0,2.46,5.33,2.14,3.74,
2026-08-10 16:00:00,7,11.95,11.95,34.2,63.9,2.16,4.42,2.0,3.37,
2026-08-10 17:00:00,7,10.34,10.34,32.2,57.1,1.8,3.41,1.82,3.31,
2026-08-10 18:00:00,7,9.01,9.01,31.3,50.5,1.44,3.35,1.65,2.57,
2026-08-10 19:00:00,7,7.94,7.94,30.1,38.5,1.2,2.59,1.54,2.61,
2026-08-10 20:00:00,7,6.83,6.83,25.0,30.6,0.96,2.46,1.42,1.99,
2026-08-10 21:00:00,7,5.67,5.67,25.1,25.2,0.72,1.68,1.31,1.97,
2026-08-10 22:00:00,7,4.43,4.43,24.6,14.2,0.45,1.27,1.18,1.53,
2026-08-10 23:00:00,7,3.94,3.94,25.8,10.2,0.3,1.11,1.1,1.43,
2026-08-11 00:00:00,7,3.72,3.72,26.0,7.0,0.24,0.96,1.08,1.45,
2026-08-11 01:00:00,7,3.51,3.51,25.8,6.1,0.21,0.85,1.06,1.39,
2026-08-11 02:00:00,7,3.48,3.48,24.7,5.5,0.18,0.83,1.05,1.42,
2026-08-11 03:00:00,7,3.67,3.67,25.3,6.2,0.18,0.94,1.05,1.5,
2026-08-11 04:00:00,7,3.64,3.64,25.6,5.2,0.18,0.92,1.05,1.49,
2026-08-11 05:00:00,7,4.01,4.01,27.5,9.7,0.3,0.98,1.1,1.62,
2026-08-11 06:00:00,7,6.47,6.47,27.9,32.5,0.9,1.98,1.39,2.2,
2026-08-11 07:00:00,7,10.37,10.37,30.4,57.6,1.74,3.6,1.8,3.24,
2026-08-11 08:00:00,7,12.44,12.44,32.9,82.8,2.34,4.66,2.08,3.35,
2026-08-11 09:00:00,7,13.83,13.83,32.2,94.3,2.64,5.35,2.23,3.61,
2026-08-11 10:00:00,7,14.39,14.39,33.2,92.2,2.76,5.25,2.28,4.1,
2026-08-11 11:00:00,7,14.49,14.49,34.3,93.7,2.85,5.11,2.33,4.2,
2026-08-11 12:00:00,7,14.94,14.94,33.5,86.1,2.88,5.43,2.34,4.28,
2026-08-11 13:00:00,7,15.07,15.07,34.9,91.0,2.82,5.88,2.31,4.06,
2026-08-11 14:00:00,7,14.47,14.47,34.1,76.6,2.7,5.55,2.26,3.96,
2026-08-11 15:00:00,7,12.98,12.98,33.4,82.1,2.46,4.9,2.14,3.48,
2026-08-11 16:00:00,7,12.2,12.2,32.8,75.9,2.16,4.6,2.0,3.45,
2026-08-11 17:00:00,7,10.19,10.19,32.7,62.8,1.8,3.5,1.82,3.06,
2026-08-11 18:00:00,7,8.8,8.8,32.7,44.3,1.44,2.84,1.65,2.87,
2026-08-11 19:00:00,7,8.17,8.17,31.6,37.2,1.2,2.84,1.54,2.59,
2026-08-11 20:00:00,7,6.88,6.88,27.3,34.4,0.96,2.25,1.42,2.25,
2026-08-11 21:00:00,7,5.69,5.69,26.3,21.5,0.72,1.71,1.31,1.96,
2026-08-11 22:00:00,7,4.66,4.66,25.2,16.2,0.45,1.26,1.18,1.78,
2026-08-11 23:00:00,7,3.86,3.86,27.1,10.1,0.3,0.98,1.1,1.47,
2026-08-12 00:00:00,7,3.88,3.88,25.0,8.0,0.24,0.92,1.08,1.64,
2026-08-12 01:00:00,7,3.69,3.69,24.7,7.0,0.21,0.87,1.06,1.55,
2026-08-12 02:00:00,7,3.42,3.42,26.0,5.5,0.18,0.81,1.05,1.38,
2026-08-12 03:00:00,7,3.64,3.64,26.5,6.0,0.18,0.87,1.05,1.55,
2026-08-12 04:00:00,7,3.45,3.45,24.5,6.1,0.18,0.83,1.05,1.39,
2026-08-12 05:00:00,7,3.96,3.96,24.8,10.6,0.3,1.12,1.1,1.44,
2026-08-12 06:00:00,7,6.54,6.54,28.7,32.4,0.9,2.14,1.39,2.11,
2026-08-12 07:00:00,7,10.23,10.23,30.9,58.3,1.74,3.45,1.8,3.24,
2026-08-12 08:00:00,7,13.25,13.25,30.5,66.4,2.34,5.07,2.08,3.76,
2026-08-12 09:00:00,7,13.85,13.85,34.2,79.5,2.64,4.93,2.23,4.06,
2026-08-12 10:00:00,7,15.15,15.15,33.5,92.6,2.76,5.82,2.28,4.29,
2026-08-12 11:00:00,7,14.94,14.94,34.4,91.9,2.85,5.35,2.33,4.41,
2026-08-12 12:00:00,7,14.88,14.88,34.6,99.0,2.88,5.95,2.34,3.7,
2026-08-12 13:00:00,7,14.65,14.65,34.7,100.0,2.82,5.87,2.31,3.64,
2026-08-12 14:00:00,7,13.98,13.98,35.8,76.6,2.7,5.46,2.26,3.56,
2026-08-12 15:00:00,7,13.11,13.11,34.0,70.4,2.46,5.08,2.14,3.43,
2026-08-12 16:00:00,7,11.8,11.8,33.7,66.7,2.16,4.54,2.0,3.1,
2026-08-12 17:00:00,7,10.53,10.53,33.7,60.6,1.8,4.0,1.82,2.9,
2026-08-12 18:00:00,7,8.84,8.84,30.3,51.6,1.44,2.99,1.65,2.76,
2026-08-12 19:00:00,7,8.01,8.01,31.4,38.7,1.2,2.84,1.54,2.44,
2026-08-12 20:00:00,7,6.98,6.98,25.8,30.6,0.96,2.21,1.42,2.39,
2026-08-12 21:00:00,7,5.84,5.84,27.0,23.0,0.72,1.71,1.31,2.1,
2026-08-12 22:00:00,7,4.81,4.81,25.2,14.3,0.45,1.43,1.18,1.76,
2026-08-12 23:00:00,7,4.07,4.07,25.6,10.6,0.3,1.15,1.1,1.52,
2026-08-13 00:00:00,7,3.64,3.64,27.4,7.3,0.24,0.95,1.08,1.37,
2026-08-13 01:00:00,7,3.71,3.71,26.2,6.4,0.21,0.94,1.06,1.51,
2026-08-13 02:00:00,7,3.5,3.5,25.1,5.9,0.18,0.82,1.05,1.46,
2026-08-13 03:00:00,7,3.67,3.67,26.8,6.1,0.18,0.91,1.05,1.53,
2026-08-13 04:00:00,7,3.42,3.42,26.6,6.4,0.18,0.88,1.05,1.31,
2026-08-13 05:00:00,7,4.05,4.05,26.3,10.3,0.3,1.06,1.1,1.58,
2026-08-13 06:00:00,7,6.67,6.67,29.4,27.9,0.9,2.08,1.39,2.3,
2026-08-13 07:00:00,7,10.15,10.15,30.6,60.9,1.74,3.46,1.8,3.16,
2026-08-13 08:00:00,7,12.2,12.2,32.4,74.8,2.34,4.48,2.08,3.29,
2026-08-13 09:00:00,7,14.12,14.12,31.9,87.8,2.64,5.71,2.23,3.54,
2026-08-13 10:00:00,7,14.96,14.96,32.5,94.7,2.76,5.6,2.28,4.31,
2026-08-13 11:00:00,7,15.42,15.42,34.5,96.2,2.85,5.85,2.33,4.39,
2026-08-13 12:00:00,7,15.3,15.3,34.3,88.5,2.88,6.22,2.34,3.86,
2026-08-13 13:00:00,7,14.38,14.38,33.5,96.3,2.82,5.26,2.31,3.98,
2026-08-13 14:00:00,7,14.38,14.38,35.6,98.7,2.7,5.81,2.26,3.62,
2026-08-13 15:00:00,7,13.58,13.58,33.5,81.8,2.46,5.0,2.14,3.98,
2026-08-13 16:00:00,7,12.54,12.54,35.0,66.6,2.16,4.72,2.0,3.67,
2026-08-13 17:00:00,7,10.4,10.4,31.7,57.0,1.8,3.75,1.82,3.03,
2026-08-13 18:00:00,7,9.08,9.08,31.6,51.0,1.44,3.3,1.65,2.69,
2026-08-13 19:00:00,7,7.91,7.91,31.6,35.3,1.2,2.67,1.54,2.51,
2026-08-13 20:00:00,7,7.13,7.13,26.4,27.7,0.96,2.34,1.42,2.41,
2026-08-13 21:00:00,7,5.74,5.74,25.4,22.7,0.72,1.67,1.31,2.04,
2026-08-13 22:00:00,7,4.76,4.76,27.5,13.5,0.45,1.41,1.18,1.73,
2026-08-13 23:00:00,7,4.11,4.11,25.6,9.3,0.3,1.13,1.1,1.58,
2026-08-14 00:00:00,7,3.6,3.6,26.1,8.5,0.24,0.93,1.08,1.35,
2026-08-14 01:00:00,7,3.73,3.73,26.5,6.9,0.21,0.95,1.06,1.5,
2026-08-14 02:00:00,7,3.52,3.52,26.2,6.3,0.18,0.81,1.05,1.49,
2026-08-14 03:00:00,7,3.67,3.67,25.2,5.1,0.18,0.88,1.05,1.56,
2026-08-14 04:00:00,7,3.56,3.56,25.0,5.7,0.18,0.8,1.05,1.53,
2026-08-14 05:00:00,7,3.98,3.98,24.7,10.7,0.3,1.06,1.1,1.52,
2026-08-14 06:00:00,7,6.69,6.69,27.9,26.2,0.9,2.08,1.39,2.31,
2026-08-14 07:00:00,7,9.97,9.97,31.0,59.2,1.74,3.6,1.8,2.83,
2026-08-14 08:00:00,7,13.03,13.03,31.6,84.4,2.34,5.18,2.08,3.43,
2026-08-14 09:00:00,7,13.69,13.69,33.5,82.7,2.64,5.29,2.23,3.54,
2026-08-14 10:00:00,7,14.05,14.05,35.1,84.1,2.76,5.43,2.28,3.57,
2026-08-14 11:00:00,7,14.95,14.95,33.1,93.2,2.85,5.49,2.33,4.29,
2026-08-14 12:00:00,7,14.76,14.76,34.6,94.3,2.88,5.3,2.34,4.23,
2026-08-14 13:00:00,7,14.47,14.47,34.6,89.6,2.82,5.45,2.31,3.88,
2026-08-14 14:00:00,7,14.47,14.47,33.8,96.6,2.7,5.79,2.26,3.72,
2026-08-14 15:00:00,7,13.06,13.06,35.2,81.8,2.46,4.94,2.14,3.52,
2026-08-14 16:00:00,7,11.72,11.72,32.6,76.5,2.16,4.16,2.0,3.4,
2026-08-14 17:00:00,7,10.23,10.23,34.0,66.0,1.8,3.41,1.82,3.19,
2026-08-14 18:00:00,7,9.25,9.25,32.6,50.6,1.44,3.36,1.65,2.79,
2026-08-14 19:00:00,7,7.6,7.6,30.2,43.6,1.2,2.65,1.54,2.21,
2026-08-14 20:00:00,7,6.93,6.93,26.4,33.7,0.96,2.16,1.42,2.38,
2026-08-14 21:00:00,7,5.82,5.82,26.0,22.9,0.72,1.72,1.31,2.08,
2026-08-14 22:00:00,7,4.72,4.72,25.5,12.9,0.45,1.38,1.18,1.71,
2026-08-14 23:00:00,7,4.2,4.2,24.6,10.0,0.3,1.16,1.1,1.63,
2026-08-15 00:00:00,7,4.02,4.02,25.1,10.2,0.3,0.97,1.1,1.64,
2026-08-15 01:00:00,7,3.77,3.77,26.4,8.4,0.24,0.97,1.08,1.49,
2026-08-15 02:00:00,7,3.66,3.66,27.0,7.4,0.21,0.93,1.06,1.46,
2026-08-15 03:00:00,7,3.4,3.4,27.0,5.6,0.18,0.8,1.05,1.37,
2026-08-15 04:00:00,7,3.35,3.35,25.1,5.7,0.18,0.82,1.05,1.3,
2026-08-15 05:00:00,7,3.67,3.67,25.5,6.0,0.21,0.86,1.06,1.54,
2026-08-15 06:00:00,7,4.0,4.0,25.6,10.2,0.3,1.04,1.1,1.56,
2026-08-15 07:00:00,7,5.11,5.11,27.5,17.9,0.54,1.51,1.22,1.84,
2026-08-15 08:00:00,7,6.07,6.07,25.2,25.6,0.84,1.85,1.36,2.02,
2026-08-15 09:00:00,7,6.96,6.96,27.0,35.4,1.02,2.16,1.45,2.33,
2026-08-15 10:00:00,7,7.31,7.31,25.8,32.1,1.08,2.54,1.48,2.21,
2026-08-15 11:00:00,7,7.5,7.5,26.5,42.1,1.2,2.45,1.54,2.31,
2026-08-15 12:00:00,7,8.32,8.32,24.8,45.3,1.26,2.86,1.56,2.63,
2026-08-15 13:00:00,7,8.34,8.34,25.5,40.5,1.32,3.12,1.59,2.31,
2026-08-15 14:00:00,7,7.67,7.67,25.1,39.0,1.26,2.55,1.56,2.29,
2026-08-15 15:00:00,7,7.87,7.87,26.7,40.6,1.2,2.68,1.54,2.45,
2026-08-15 16:00:00,7,7.41,7.41,25.9,36.1,1.08,2.71,1.48,2.14,
2026-08-15 17:00:00,7,6.46,6.46,25.4,29.4,0.9,2.13,1.39,2.04,
2026-08-15 18:00:00,7,5.51,5.51,27.2,23.5,0.72,1.71,1.31,1.77,
2026-08-15 19:00:00,7,5.36,5.36,26.1,20.6,0.6,1.73,1.25,1.78,
2026-08-15 20:00:00,7,4.97,4.97,26.4,17.1,0.48,1.46,1.19,1.84,
2026-08-15 21:00:00,7,4.38,4.38,25.3,12.9,0.39,1.16,1.15,1.69,
2026-08-15 22:00:00,7,4.22,4.22,25.2,12.0,0.33,1.12,1.12,1.66,
2026-08-15 23:00:00,7,4.16,4.16,25.6,9.9,0.3,1.13,1.1,1.63,
2026-08-16 00:00:00,7,4.17,4.17,25.0,9.5,0.3,1.08,1.1,1.69,
2026-08-16 01:00:00,7,3.83,3.83,25.1,8.5,0.24,0.96,1.08,1.55,
2026-08-16 02:00:00,7,3.72,3.72,25.7,6.3,0.21,0.93,1.06,1.51,
2026-08-16 03:00:00,7,3.64,3.64,26.4,6.1,0.18,0.84,1.05,1.57,
2026-08-16 04:00:00,7,3.56,3.56,26.1,6.4,0.18,0.91,1.05,1.43,
2026-08-16 05:00:00,7,3.55,3.55,26.0,6.5,0.21,0.85,1.06,1.43,
2026-08-16 06:00:00,7,4.04,4.04,25.6,9.3,0.3,1.04,1.1,1.59,
2026-08-16 07:00:00,7,4.91,4.91,26.3,15.4,0.54,1.49,1.22,1.66,
2026-08-16 08:00:00,7,6.21,6.21,24.9,28.9,0.84,1.94,1.36,2.07,
2026-08-16 09:00:00,7,7.36,7.36,25.9,33.2,1.02,2.41,1.45,2.48,
2026-08-16 10:00:00,7,7.48,7.48,27.2,32.7,1.08,2.57,1.48,2.35,
2026-08-16 11:00:00,7,7.98,7.98,24.6,42.1,1.2,2.84,1.54,2.4,
2026-08-16 12:00:00,7,8.31,8.31,27.0,44.9,1.26,2.93,1.56,2.56,
2026-08-16 13:00:00,7,8.57,8.57,25.8,44.8,1.32,2.95,1.59,2.71,
2026-08-16 14:00:00,7,8.03,8.03,27.5,41.8,1.26,2.92,1.56,2.28,
2026-08-16 15:00:00,7,7.63,7.63,26.9,38.2,1.2,2.6,1.54,2.29,
2026-08-16 16:00:00,7,7.57,7.57,26.1,39.5,1.08,2.67,1.48,2.34,
2026-08-16 17:00:00,7,6.45,6.45,26.4,25.8,0.9,2.14,1.39,2.02,
2026-08-16 18:00:00,7,5.67,5.67,26.0,22.5,0.72,1.68,1.31,1.96,
2026-08-16 19:00:00,7,5.45,5.45,24.7,19.9,0.6,1.58,1.25,2.03,
2026-08-16 20:00:00,7,4.82,4.82,26.8,16.1,0.48,1.31,1.19,1.84,
2026-08-16 21:00:00,7,4.4,4.4,25.1,11.9,0.39,1.24,1.15,1.61,
2026-08-16 22:00:00,7,4.33,4.33,26.1,11.7,0.33,1.24,1.12,1.64,
2026-08-16 23:00:00,7,4.11,4.11,25.7,8.9,0.3,1.1,1.1,1.61,
2026-08-17 00:00:00,7,3.87,3.87,25.0,8.7,0.24,1.03,1.08,1.53,
2026-08-17 01:00:00,7,3.69,3.69,26.4,6.5,0.21,0.84,1.06,1.58,
2026-08-17 02:00:00,7,3.62,3.62,26.1,5.3,0.18,0.88,1.05,1.52,
2026-08-17 03:00:00,7,3.63,3.63,26.1,5.7,0.18,0.89,1.05,1.51,
2026-08-17 04:00:00,7,3.62,3.62,26.0,5.3,0.18,0.92,1.05,1.48,
2026-08-17 05:00:00,7,4.09,4.09,26.0,10.8,0.3,1.06,1.1,1.63,
2026-08-17 06:00:00,7,6.41,6.41,30.4,25.8,0.9,2.0,1.39,2.12,
2026-08-17 07:00:00,7,9.95,9.95,29.2,56.3,1.74,3.41,1.8,3.0,
2026-08-17 08:00:00,7,12.31,12.31,31.3,78.1,2.34,4.5,2.08,3.39,
2026-08-17 09:00:00,7,14.5,14.5,33.4,89.4,2.64,5.66,2.23,3.97,
2026-08-17 10:00:00,7,14.19,14.19,34.0,88.6,2.76,5.01,2.28,4.13,
2026-08-17 11:00:00,7,14.95,14.95,33.0,92.4,2.85,5.62,2.33,4.15,
2026-08-17 12:00:00,7,15.85,15.85,35.9,100.0,2.88,6.14,2.34,4.49,
2026-08-17 13:00:00,7,14.95,14.95,34.1,88.2,2.82,5.56,2.31,4.27,
2026-08-17 14:00:00,7,14.81,14.81,34.7,93.1,2.7,5.69,2.26,4.17,
2026-08-17 15:00:00,7,12.72,12.72,34.9,87.7,2.46,4.57,2.14,3.55,
2026-08-17 16:00:00,7,12.16,12.16,34.1,73.5,2.16,4.67,2.0,3.34,
2026-08-17 17:00:00,7,10.55,10.55,34.0,56.4,1.8,3.89,1.82,3.04,
2026-08-17 18:00:00,7,9.05,9.05,32.0,48.9,1.44,3.28,1.65,2.68,
2026-08-17 19:00:00,7,7.56,7.56,31.0,36.8,1.2,2.45,1.54,2.37,
2026-08-17 20:00:00,7,6.98,6.98,26.0,28.9,0.96,2.48,1.42,2.12,
2026-08-17 21:00:00,7,5.83,5.83,25.4,23.3,0.72,1.67,1.31,2.13,
2026-08-17 22:00:00,7,4.65,4.65,24.8,13.3,0.45,1.28,1.18,1.75,
2026-08-17 23:00:00,7,4.17,4.17,25.5,8.6,0.3,1.06,1.1,1.71,
2026-08-18 00:00:00,7,3.89,3.89,24.8,8.1,0.24,0.95,1.08,1.63,
2026-08-18 01:00:00,7,3.61,3.61,26.1,6.1,0.21,0.83,1.06,1.51,
2026-08-18 02:00:00,7,3.39,3.39,27.1,5.8,0.18,0.85,1.05,1.31,
2026-08-18 03:00:00,7,3.7,3.7,27.1,5.4,0.18,0.95,1.05,1.52,
2026-08-18 04:00:00,7,3.46,3.46,26.4,5.6,0.18,0.87,1.05,1.37,
2026-08-18 05:00:00,7,4.12,4.12,27.4,9.9,0.3,1.04,1.1,1.68,
2026-08-18 06:00:00,7,6.71,6.71,30.5,31.6,0.9,2.13,1.39,2.29,
2026-08-18 07:00:00,7,9.69,9.69,31.7,61.1,1.74,3.35,1.8,2.8,
2026-08-18 08:00:00,7,12.46,12.46,30.5,72.5,2.34,4.48,2.08,3.55,
2026-08-18 09:00:00,7,14.2,14.2,33.2,93.9,2.64,5.14,2.23,4.19,
2026-08-18 10:00:00,7,14.47,14.47,33.3,94.4,2.76,5.13,2.28,4.29,
2026-08-18 11:00:00,7,14.61,14.61,34.9,96.5,2.85,5.37,2.33,4.06,
2026-08-18 12:00:00,7,14.32,14.32,36.2,100.0,2.88,5.39,2.34,3.7,
2026-08-18 13:00:00,7,15.18,15.18,35.2,82.0,2.82,5.68,2.31,4.36,
2026-08-18 14:00:00,7,14.58,14.58,35.3,91.0,2.7,5.94,2.26,3.69,
2026-08-18 15:00:00,7,13.77,13.77,33.4,71.6,2.46,5.32,2.14,3.84,
2026-08-18 16:00:00,7,12.2,12.2,32.4,67.4,2.16,4.64,2.0,3.4,
2026-08-18 17:00:00,7,10.05,10.05,33.0,63.0,1.8,3.42,1.82,3.0,
2026-08-18 18:00:00,7,8.81,8.81,30.7,44.3,1.44,3.06,1.65,2.66,
2026-08-18 19:00:00,7,7.79,7.79,29.6,35.8,1.2,2.5,1.54,2.55,
2026-08-18 20:00:00,7,7.1,7.1,26.2,31.6,0.96,2.34,1.42,2.39,
2026-08-18 21:00:00,7,6.03,6.03,26.0,24.8,0.72,1.99,1.31,2.01,
2026-08-18 22:00:00,7,4.79,4.79,25.8,14.4,0.45,1.31,1.18,1.85,
2026-08-18 23:00:00,7,4.04,4.04,27.2,8.7,0.3,1.12,1.1,1.52,
2026-08-19 00:00:00,7,3.99,3.99,26.2,8.1,0.24,1.06,1.08,1.61,
2026-08-19 01:00:00,7,3.55,3.55,24.8,7.3,0.21,0.88,1.06,1.4,
2026-08-19 02:00:00,7,3.48,3.48,25.9,6.1,0.18,0.79,1.05,1.46,
2026-08-19 03:00:00,7,3.51,3.51,27.0,5.4,0.18,0.86,1.05,1.42,
2026-08-19 04:00:00,7,3.61,3.61,24.6,6.6,0.18,0.88,1.05,1.5,
2026-08-19 05:00:00,7,4.23,4.23,24.9,9.5,0.3,1.12,1.1,1.71,
2026-08-19 06:00:00,7,6.24,6.24,30.4,31.3,0.9,1.96,1.39,1.99,
2026-08-19 07:00:00,7,10.66,10.66,31.7,58.5,1.74,4.02,1.8,3.11,
2026-08-19 08:00:00,7,12.85,12.85,31.8,78.9,2.34,4.64,2.08,3.78,
2026-08-19 09:00:00,7,13.88,13.88,31.6,94.4,2.64,5.2,2.23,3.81,
2026-08-19 10:00:00,7,14.99,14.99,32.6,95.4,2.76,6.05,2.28,3.9,
2026-08-19 11:00:00,7,15.66,15.66,35.8,80.8,2.85,6.23,2.33,4.25,
2026-08-19 12:00:00,7,15.73,15.73,36.1,88.3,2.88,6.08,2.34,4.43,
2026-08-19 13:00:00,7,14.5,14.5,33.9,99.9,2.82,5.2,2.31,4.17,
2026-08-19 14:00:00,7,14.0,14.0,36.3,82.5,2.7,5.5,2.26,3.55,
2026-08-19 15:00:00,7,13.12,13.12,35.6,74.0,2.46,4.91,2.14,3.61,
2026-08-19 16:00:00,7,12.0,12.0,32.9,68.8,2.16,4.3,2.0,3.54,
2026-08-19 17:00:00,7,10.41,10.41,31.5,64.0,1.8,3.87,1.82,2.92,
2026-08-19 18:00:00,7,8.71,8.71,32.0,44.1,1.44,3.07,1.65,2.55,
2026-08-19 19:00:00,7,7.91,7.91,28.9,35.6,1.2,2.56,1.54,2.61,
2026-08-19 20:00:00,7,6.74,6.74,24.7,29.6,0.96,2.22,1.42,2.14,
2026-08-19 21:00:00,7,6.06,6.06,27.1,21.2,0.72,1.95,1.31,2.09,
2026-08-19 22:00:00,7,4.55,4.55,24.8,14.2,0.45,1.35,1.18,1.57,
2026-08-19 23:00:00,7,4.05,4.05,25.2,9.9,0.3,1.14,1.1,1.51,
2026-08-20 00:00:00,7,3.75,3.75,27.2,7.6,0.24,0.99,1.08,1.45,
2026-08-20 01:00:00,7,3.65,3.65,26.2,6.2,0.21,0.86,1.06,1.52,
2026-08-20 02:00:00,7,3.52,3.52,25.6,6.4,0.18,0.92,1.05,1.38,
2026-08-20 03:00:00,7,3.67,3.67,24.6,5.4,0.18,0.93,1.05,1.52,
2026-08-20 04:00:00,7,3.68,3.68,26.9,5.6,0.18,0.95,1.05,1.51,
2026-08-20 05:00:00,7,4.0,4.0,25.5,8.7,0.3,1.13,1.1,1.46,
2026-08-20 06:00:00,7,6.9,6.9,30.3,32.8,0.9,2.28,1.39,2.32,
2026-08-20 07:00:00,7,9.97,9.97,29.6,57.3,1.74,3.66,1.8,2.78,
2026-08-20 08:00:00,7,12.23,12.23,32.8,70.8,2.34,4.28,2.08,3.53,
2026-08-20 09:00:00,7,13.64,13.64,32.0,79.9,2.64,5.03,2.23,3.74,
2026-08-20 10:00:00,7,14.21,14.21,33.3,95.2,2.76,5.05,2.28,4.11,
2026-08-20 11:00:00,7,14.17,14.17,33.8,100.0,2.85,5.27,2.33,3.72,
2026-08-20 12:00:00,7,14.99,14.99,34.1,100.0,2.88,5.68,2.34,4.1,
2026-08-20 13:00:00,7,14.58,14.58,35.3,87.3,2.82,5.13,2.31,4.33,
2026-08-20 14:00:00,7,13.87,13.87,33.4,76.8,2.7,5.21,2.26,3.71,
2026-08-20 15:00:00,7,12.61,12.61,34.4,78.6,2.46,4.57,2.14,3.45,
2026-08-20 16:00:00,7,11.67,11.67,34.3,75.7,2.16,4.43,2.0,3.08,
2026-08-20 17:00:00,7,10.53,10.53,33.4,59.0,1.8,4.13,1.82,2.77,
2026-08-20 18:00:00,7,8.41,8.41,30.7,41.8,1.44,2.88,1.65,2.44,
2026-08-20 19:00:00,7,7.89,7.89,29.5,38.8,1.2,2.65,1.54,2.5,
2026-08-20 20:00:00,7,6.8,6.8,27.3,27.3,0.96,2.4,1.42,2.01,
2026-08-20 21:00:00,7,5.94,5.94,25.9,20.7,0.72,1.9,1.31,2.02,
2026-08-20 22:00:00,7,4.62,4.62,25.5,13.9,0.45,1.3,1.18,1.69,
2026-08-20 23:00:00,7,3.92,3.92,24.7,10.1,0.3,1.11,1.1,1.4,
2026-08-21 00:00:00,7,3.74,3.74,27.1,8.4,0.24,1.0,1.08,1.42,
2026-08-21 01:00:00,7,3.64,3.64,26.9,6.1,0.21,1.0,1.06,1.37,
2026-08-21 02:00:00,7,3.36,3.36,26.7,5.1,0.18,0.78,1.05,1.35,
2026-08-21 03:00:00,7,3.47,3.47,24.7,6.5,0.18,0.85,1.05,1.39,
2026-08-21 04:00:00,7,3.46,3.46,26.4,6.5,0.18,0.93,1.05,1.3,
2026-08-21 05:00:00,7,4.04,4.04,25.5,10.6,0.3,1.01,1.1,1.63,
2026-08-21 06:00:00,7,6.35,6.35,27.8,31.4,0.9,1.96,1.39,2.1,
2026-08-21 07:00:00,7,10.13,10.13,28.9,53.9,1.74,3.49,1.8,3.11,
2026-08-21 08:00:00,7,13.12,13.12,31.8,66.7,2.34,5.21,2.08,3.48,
2026-08-21 09:00:00,7,13.98,13.98,33.9,79.3,2.64,5.55,2.23,3.57,
2026-08-21 10:00:00,7,14.4,14.4,32.6,81.3,2.76,5.0,2.28,4.35,
2026-08-21 11:00:00,7,14.62,14.62,33.6,100.0,2.85,5.25,2.33,4.19,
2026-08-21 12:00:00,7,14.88,14.88,33.5,90.7,2.88,5.9,2.34,3.75,
2026-08-21 13:00:00,7,13.92,13.92,35.5,94.3,2.82,5.11,2.31,3.68,
2026-08-21 14:00:00,7,13.84,13.84,35.6,82.3,2.7,5.19,2.26,3.69,
2026-08-21 15:00:00,7,12.68,12.68,33.2,74.4,2.46,4.64,2.14,3.44,
2026-08-21 16:00:00,7,11.99,11.99,33.3,78.7,2.16,4.69,2.0,3.15,
2026-08-21 17:00:00,7,10.63,10.63,33.4,54.8,1.8,4.03,1.82,2.97,
2026-08-21 18:00:00,7,8.77,8.77,31.0,42.3,1.44,3.01,1.65,2.67,
2026-08-21 19:00:00,7,7.9,7.9,29.7,42.0,1.2,2.76,1.54,2.4,
2026-08-21 20:00:00,7,6.82,6.82,24.5,29.3,0.96,2.27,1.42,2.17,
2026-08-21 21:00:00,7,5.94,5.94,25.3,24.9,0.72,1.92,1.31,2.0,
2026-08-21 22:00:00,7,4.72,4.72,25.6,14.4,0.45,1.34,1.18,1.76,
2026-08-21 23:00:00,7,4.03,4.03,26.4,10.7,0.3,1.02,1.1,1.6,
2026-08-22 00:00:00,7,3.96,3.96,26.2,10.1,0.3,1.01,1.1,1.55,
2026-08-22 01:00:00,7,3.79,3.79,25.2,7.6,0.24,1.03,1.08,1.45,
2026-08-22 02:00:00,7,3.7,3.7,25.0,6.6,0.21,1.0,1.06,1.43,
2026-08-22 03:00:00,7,3.56,3.56,25.5,6.4,0.18,0.82,1.05,1.51,
2026-08-22 04:00:00,7,3.68,3.68,25.7,5.3,0.18,0.91,1.05,1.54,
2026-08-22 05:00:00,7,3.58,3.58,26.0,7.0,0.21,0.9,1.06,1.41,
2026-08-22 06:00:00,7,3.93,3.93,25.3,10.5,0.3,1.05,1.1,1.48,
2026-08-22 07:00:00,7,5.09,5.09,27.0,18.4,0.54,1.41,1.22,1.92,
2026-08-22 08:00:00,7,6.47,6.47,26.8,30.4,0.84,2.23,1.36,2.04,
2026-08-22 09:00:00,7,7.06,7.06,26.7,34.6,1.02,2.3,1.45,2.29,
2026-08-22 10:00:00,7,7.44,7.44,26.6,36.9,1.08,2.44,1.48,2.44,
2026-08-22 11:00:00,7,8.2,8.2,27.1,39.8,1.2,2.91,1.54,2.56,
2026-08-22 12:00:00,7,8.49,8.49,25.0,37.8,1.26,3.04,1.56,2.62,
2026-08-22 13:00:00,7,7.98,7.98,25.7,47.6,1.32,2.71,1.59,2.35,
2026-08-22 14:00:00,7,8.18,8.18,25.9,37.3,1.26,2.78,1.56,2.57,
2026-08-22 15:00:00,7,8.03,8.03,27.3,43.5,1.2,2.83,1.54,2.46,
2026-08-22 16:00:00,7,7.48,7.48,25.2,33.0,1.08,2.7,1.48,2.22,
2026-08-22 17:00:00,7,6.64,6.64,26.1,29.3,0.9,2.13,1.39,2.21,
2026-08-22 18:00:00,7,5.8,5.8,24.6,25.1,0.72,1.8,1.31,1.98,
2026-08-22 19:00:00,7,5.4,5.4,25.4,19.4,0.6,1.67,1.25,1.89,
2026-08-22 20:00:00,7,4.74,4.74,26.8,16.6,0.48,1.48,1.19,1.58,
2026-08-22 21:00:00,7,4.46,4.46,24.8,13.8,0.39,1.29,1.15,1.64,
2026-08-22 22:00:00,7,4.07,4.07,24.8,11.8,0.33,1.14,1.12,1.49,
2026-08-22 23:00:00,7,4.03,4.03,25.9,8.6,0.3,0.98,1.1,1.65,
2026-08-23 00:00:00,7,3.93,3.93,25.9,9.4,0.3,1.07,1.1,1.45,
2026-08-23 01:00:00,7,3.71,3.71,27.0,6.8,0.24,0.89,1.08,1.51,
2026-08-23 02:00:00,7,3.73,3.73,25.8,6.8,0.21,0.93,1.06,1.53,
2026-08-23 03:00:00,7,3.59,3.59,26.2,5.3,0.18,0.9,1.05,1.46,
2026-08-23 04:00:00,7,3.58,3.58,24.9,6.6,0.18,0.95,1.05,1.41,
2026-08-23 05:00:00,7,3.69,3.69,25.1,7.3,0.21,0.97,1.06,1.45,
2026-08-23 06:00:00,7,4.19,4.19,25.1,10.1,0.3,1.15,1.1,1.63,
2026-08-23 07:00:00,7,5.1,5.1,27.5,18.1,0.54,1.48,1.22,1.86,
2026-08-23 08:00:00,7,6.38,6.38,25.5,26.6,0.84,2.22,1.36,1.95,
2026-08-23 09:00:00,7,7.47,7.47,24.8,30.1,1.02,2.58,1.45,2.42,
2026-08-23 10:00:00,7,7.07,7.07,26.3,38.7,1.08,2.24,1.48,2.27,
2026-08-23 11:00:00,7,8.2,8.2,26.2,39.1,1.2,2.79,1.54,2.68,
2026-08-23 12:00:00,7,8.18,8.18,24.8,42.4,1.26,2.92,1.56,2.44,
2026-08-23 13:00:00,7,8.43,8.43,25.4,42.5,1.32,2.99,1.59,2.53,
2026-08-23 14:00:00,7,8.21,8.21,26.5,40.0,1.26,3.03,1.56,2.36,
2026-08-23 15:00:00,7,7.84,7.84,25.5,40.0,1.2,2.45,1.54,2.66,
2026-08-23 16:00:00,7,7.28,7.28,24.8,33.7,1.08,2.62,1.48,2.1,
2026-08-23 17:00:00,7,6.53,6.53,25.7,30.9,0.9,2.19,1.39,2.04,
2026-08-23 18:00:00,7,5.57,5.57,26.3,25.0,0.72,1.68,1.31,1.86,
2026-08-23 19:00:00,7,5.37,5.37,25.3,18.4,0.6,1.61,1.25,1.91,
2026-08-23 20:00:00,7,4.79,4.79,27.0,16.2,0.48,1.32,1.19,1.79,
2026-08-23 21:00:00,7,4.33,4.33,26.1,11.4,0.39,1.13,1.15,1.66,
2026-08-23 22:00:00,7,4.36,4.36,26.9,10.1,0.33,1.19,1.12,1.73,
2026-08-23 23:00:00,7,3.84,3.84,27.1,9.7,0.3,1.02,1.1,1.42,
2026-08-24 00:00:00,7,3.56,3.56,25.3,7.9,0.24,0.89,1.08,1.35,
2026-08-24 01:00:00,7,3.72,3.72,25.3,7.1,0.21,0.93,1.06,1.51,
2026-08-24 02:00:00,7,3.61,3.61,26.8,5.2,0.18,0.83,1.05,1.55,
2026-08-24 03:00:00,7,3.48,3.48,25.0,6.5,0.18,0.8,1.05,1.45,
2026-08-24 04:00:00,7,3.57,3.57,27.1,6.4,0.18,0.94,1.05,1.41,
2026-08-24 05:00:00,7,4.26,4.26,26.1,8.6,0.3,1.18,1.1,1.67,
2026-08-24 06:00:00,7,6.64,6.64,29.3,27.3,0.9,2.01,1.39,2.34,
2026-08-24 07:00:00,7,10.72,10.72,31.1,53.0,1.74,3.96,1.8,3.22,
2026-08-24 08:00:00,7,12.09,12.09,31.0,71.4,2.34,4.43,2.08,3.24,
2026-08-24 09:00:00,7,13.53,13.53,32.2,76.4,2.64,4.83,2.23,3.83,
2026-08-24 10:00:00,7,15.23,15.23,35.1,80.4,2.76,5.88,2.28,4.3,
2026-08-24 11:00:00,7,14.43,14.43,33.2,100.0,2.85,5.54,2.33,3.71,
2026-08-24 12:00:00,7,14.92,14.92,35.7,84.0,2.88,5.96,2.34,3.74,
2026-08-24 13:00:00,7,14.53,14.53,35.0,84.7,2.82,5.21,2.31,4.19,
2026-08-24 14:00:00,7,14.26,14.26,35.1,83.5,2.7,5.78,2.26,3.53,
2026-08-24 15:00:00,7,13.04,13.04,33.3,88.3,2.46,5.14,2.14,3.31,
2026-08-24 16:00:00,7,11.95,11.95,35.1,70.6,2.16,4.7,2.0,3.1,
2026-08-24 17:00:00,7,10.67,10.67,31.5,53.0,1.8,3.81,1.82,3.24,
2026-08-24 18:00:00,7,8.99,8.99,31.0,42.4,1.44,3.12,1.65,2.78,
2026-08-24 19:00:00,7,8.11,8.11,31.2,40.1,1.2,2.95,1.54,2.42,
2026-08-24 20:00:00,7,6.73,6.73,26.0,31.1,0.96,2.17,1.42,2.17,
2026-08-24 21:00:00,7,5.77,5.77,26.3,21.8,0.72,1.94,1.31,1.8,
2026-08-24 22:00:00,7,4.58,4.58,27.3,14.6,0.45,1.38,1.18,1.57,
2026-08-24 23:00:00,7,3.99,3.99,27.5,8.8,0.3,1.1,1.1,1.49,
2026-08-25 00:00:00,7,3.87,3.87,25.2,7.1,0.24,0.94,1.08,1.61,
2026-08-25 01:00:00,7,3.65,3.65,24.7,6.4,0.21,1.0,1.06,1.38,
2026-08-25 02:00:00,7,3.56,3.56,24.7,6.0,0.18,0.85,1.05,1.48,
2026-08-25 03:00:00,7,3.44,3.44,25.7,5.7,0.18,0.82,1.05,1.39,
2026-08-25 04:00:00,7,3.57,3.57,25.0,5.6,0.18,0.91,1.05,1.44,
2026-08-25 05:00:00,7,3.92,3.92,25.4,8.7,0.3,1.0,1.1,1.51,
2026-08-25 06:00:00,7,6.77,6.77,29.0,31.6,0.9,2.35,1.39,2.13,
2026-08-25 07:00:00,7,10.02,10.02,30.5,59.5,1.74,3.51,1.8,2.98,
2026-08-25 08:00:00,7,12.83,12.83,32.8,74.6,2.34,4.85,2.08,3.56,
2026-08-25 09:00:00,7,14.15,14.15,34.2,88.0,2.64,5.8,2.23,3.49,
2026-08-25 10:00:00,7,14.61,14.61,32.5,100.0,2.76,5.73,2.28,3.84,
2026-08-25 11:00:00,7,15.14,15.14,34.3,100.0,2.85,6.14,2.33,3.82,
2026-08-25 12:00:00,7,15.76,15.76,34.4,93.7,2.88,6.17,2.34,4.37,
2026-08-25 13:00:00,7,14.03,14.03,34.1,94.9,2.82,5.15,2.31,3.75,
2026-08-25 14:00:00,7,14.01,14.01,34.6,93.6,2.7,5.25,2.26,3.8,
2026-08-25 15:00:00,7,13.34,13.34,33.7,87.6,2.46,4.94,2.14,3.79,
2026-08-25 16:00:00,7,11.95,11.95,32.4,76.7,2.16,4.56,2.0,3.22,
2026-08-25 17:00:00,7,10.67,10.67,33.8,51.1,1.8,4.02,1.82,3.03,
2026-08-25 18:00:00,7,8.45,8.45,33.0,45.9,1.44,2.93,1.65,2.43,
2026-08-25 19:00:00,7,8.22,8.22,30.9,38.5,1.2,2.87,1.54,2.62,
2026-08-25 20:00:00,7,6.95,6.95,24.5,32.3,0.96,2.41,1.42,2.16,
2026-08-25 21:00:00,7,6.13,6.13,26.3,24.4,0.72,2.02,1.31,2.09,
2026-08-25 22:00:00,7,4.57,4.57,24.8,13.3,0.45,1.25,1.18,1.69,
2026-08-25 23:00:00,7,3.91,3.91,25.0,9.8,0.3,1.0,1.1,1.51,
2026-08-26 00:00:00,7,3.75,3.75,26.9,7.1,0.24,0.92,1.08,1.51,
2026-08-26 01:00:00,7,3.63,3.63,25.0,6.9,0.21,0.88,1.06,1.48,
2026-08-26 02:00:00,7,3.49,3.49,25.9,6.4,0.18,0.87,1.05,1.4,
2026-08-26 03:00:00,7,3.38,3.38,26.3,6.0,0.18,0.78,1.05,1.37,
2026-08-26 04:00:00,7,3.52,3.52,24.6,6.2,0.18,0.82,1.05,1.47,
2026-08-26 05:00:00,7,4.16,4.16,24.8,9.4,0.3,1.14,1.1,1.62,
2026-08-26 06:00:00,7,6.54,6.54,30.3,28.1,0.9,1.96,1.39,2.29,
2026-08-26 07:00:00,7,10.78,10.78,31.2,52.1,1.74,4.02,1.8,3.23,
2026-08-26 08:00:00,7,12.93,12.93,32.9,69.5,2.34,4.89,2.08,3.62,
2026-08-26 09:00:00,7,14.3,14.3,34.0,75.0,2.64,5.75,2.23,3.69,
2026-08-26 10:00:00,7,14.35,14.35,34.1,99.7,2.76,5.35,2.28,3.96,
2026-08-26 11:00:00,7,14.65,14.65,35.8,95.0,2.85,5.63,2.33,3.84,
2026-08-26 12:00:00,7,15.04,15.04,33.7,94.6,2.88,6.13,2.34,3.69,
2026-08-26 13:00:00,7,15.4,15.4,34.4,94.5,2.82,6.08,2.31,4.19,
2026-08-26 14:00:00,7,14.67,14.67,34.3,83.3,2.7,5.52,2.26,4.2,
2026-08-26 15:00:00,7,13.2,13.2,33.3,85.3,2.46,5.23,2.14,3.37,
2026-08-26 16:00:00,7,12.21,12.21,34.2,66.4,2.16,4.48,2.0,3.58,
2026-08-26 17:00:00,7,9.87,9.87,32.1,64.3,1.8,3.5,1.82,2.74,
2026-08-26 18:00:00,7,8.99,8.99,30.4,46.9,1.44,3.17,1.65,2.73,
2026-08-26 19:00:00,7,8.02,8.02,28.9,36.2,1.2,2.62,1.54,2.67,
2026-08-26 20:00:00,7,6.85,6.85,26.2,32.9,0.96,2.05,1.42,2.42,
2026-08-26 21:00:00,7,5.55,5.55,25.9,23.9,0.72,1.69,1.31,1.83,
2026-08-26 22:00:00,7,4.81,4.81,25.2,15.2,0.45,1.41,1.18,1.78,
2026-08-26 23:00:00,7,4.05,4.05,25.3,10.8,0.3,1.02,1.1,1.62,
2026-08-27 00:00:00,7,3.86,3.86,26.3,6.8,0.24,1.03,1.08,1.51,
2026-08-27 01:00:00,7,3.73,3.73,27.4,7.6,0.21,0.97,1.06,1.49,
2026-08-27 02:00:00,7,3.47,3.47,25.4,6.3,0.18,0.87,1.05,1.37,
2026-08-27 03:00:00,7,3.61,3.61,26.2,6.2,0.18,0.92,1.05,1.47,
2026-08-27 04:00:00,7,3.52,3.52,25.8,6.1,0.18,0.9,1.05,1.4,
2026-08-27 05:00:00,7,3.9,3.9,25.0,10.0,0.3,1.09,1.1,1.4,
2026-08-27 06:00:00,7,6.5,6.5,27.7,25.9,0.9,2.09,1.39,2.12,
2026-08-27 07:00:00,7,10.31,10.31,29.5,60.3,1.74,3.58,1.8,3.2,
2026-08-27 08:00:00,7,12.39,12.39,30.4,72.5,2.34,4.7,2.08,3.26,
2026-08-27 09:00:00,7,13.62,13.62,31.9,89.4,2.64,4.84,2.23,3.91,
2026-08-27 10:00:00,7,13.83,13.83,33.8,81.4,2.76,5.2,2.28,3.58,
2026-08-27 11:00:00,7,14.88,14.88,33.7,92.1,2.85,5.55,2.33,4.15,
2026-08-27 12:00:00,7,14.63,14.63,35.3,100.0,2.88,5.49,2.34,3.92,
2026-08-27 13:00:00,7,15.09,15.09,35.8,91.6,2.82,6.08,2.31,3.88,
2026-08-27 14:00:00,7,13.78,13.78,36.0,76.7,2.7,5.16,2.26,3.66,
2026-08-27 15:00:00,7,12.77,12.77,35.1,88.2,2.46,4.64,2.14,3.53,
2026-08-27 16:00:00,7,11.73,11.73,32.2,61.8,2.16,4.06,2.0,3.52,
2026-08-27 17:00:00,7,10.58,10.58,32.2,61.8,1.8,3.66,1.82,3.29,
2026-08-27 18:00:00,7,8.82,8.82,31.3,42.1,1.44,3.15,1.65,2.57,
2026-08-27 19:00:00,7,8.05,8.05,29.7,43.6,1.2,2.93,1.54,2.38,
2026-08-27 20:00:00,7,6.65,6.65,27.0,31.7,0.96,2.21,1.42,2.05,
2026-08-27 21:00:00,7,5.83,5.83,25.0,23.1,0.72,1.74,1.31,2.07,
2026-08-27 22:00:00,7,4.82,4.82,25.2,13.3,0.45,1.43,1.18,1.76,
2026-08-27 23:00:00,7,3.85,3.85,25.4,9.0,0.3,1.02,1.1,1.42,
2026-08-28 00:00:00,7,3.68,3.68,26.4,8.6,0.24,0.9,1.08,1.46,
2026-08-28 01:00:00,7,3.75,3.75,24.6,6.0,0.21,0.98,1.06,1.5,
2026-08-28 02:00:00,7,3.59,3.59,25.7,6.5,0.18,0.9,1.05,1.47,
2026-08-28 03:00:00,7,3.39,3.39,25.8,5.2,0.18,0.83,1.05,1.34,
2026-08-28 04:00:00,7,3.47,3.47,24.9,5.3,0.18,0.83,1.05,1.41,
2026-08-28 05:00:00,7,4.08,4.08,26.1,10.4,0.3,1.17,1.1,1.51,
2026-08-28 06:00:00,7,6.6,6.6,28.2,26.8,0.9,2.12,1.39,2.19,
2026-08-28 07:00:00,7,9.64,9.64,30.3,63.7,1.74,3.31,1.8,2.8,
2026-08-28 08:00:00,7,12.08,12.08,30.5,73.2,2.34,4.31,2.08,3.35,
2026-08-28 09:00:00,7,13.85,13.85,33.8,87.7,2.64,5.29,2.23,3.69,
2026-08-28 10:00:00,7,13.7,13.7,34.5,97.1,2.76,4.97,2.28,3.69,
